Medicine Name,Uses,
Avastin 400mg Injection, Cancer of colon and rectum Non-small cell lung cancer Kidney cancer Brain tumor Ovarian cancer Cervical cancer,
Augmentin 625 Duo Tablet,Treatment of Bacterial infections,
Azithral 500 Tablet,Treatment of Bacterial infections,
Ascoril LS Syrup,Treatment of Cough with mucus,
Aciloc 150 Tablet,Treatment of Gastroesophageal reflux disease (Acid reflux)Treatment of Peptic ulcer disease,
Allegra 120mg Tablet,Treatment of Sneezing and runny nose due to allergiesTreatment of Allergic conditions,
Avil 25 Tablet,Treatment of Allergic conditionsTreatment of Respiratory disease with excessive mucusTreatment of Skin conditions with inflammation & itchingTreatment and prevention of Meniere's disease,
Aricep 5 Tablet, Alzheimer's disease,
Amoxyclav 625 Tablet,Treatment of Bacterial infections,
Atarax 25mg Tablet,Treatment of AnxietyTreatment of Skin conditions with inflammation & itching,
Azee 500 Tablet,Treatment of Bacterial infections,
Anovate Cream,Treatment of Piles,
Allegra-M Tablet,Treatment of Sneezing and runny nose due to allergies,
Ascoril D Plus Syrup Sugar Free,Treatment of Dry cough,
Alex Syrup,Treatment of Dry cough,
Armotraz Tablet, Breast cancer,
Augmentin Duo Oral Suspension,Treatment of Resistance Tuberculosis (TB)Treatment of Bacterial infections,
Albendazole 400mg Tablet,Treatment of Parasitic infections,
Arkamin Tablet,Treatment of Hypertension (high blood pressure),
Allegra 180mg Tablet,Treatment of Sneezing and runny nose due to allergiesTreatment of Allergic conditions,
Altraday Capsule SR, Pain relief,
Atarax 10mg Tablet,Treatment of AnxietyTreatment of Skin conditions with inflammation & itching,
Aldigesic-SP Tablet, Pain relief,
Aldactone Tablet, Hypertension (high blood pressure) Edema Low potassium Heart failure,
Aricep 10 Tablet, Alzheimer's disease,
Aricep-M  Tablet, Alzheimer's disease,
Andre I-Kul Eye Drop,Treatment of Allergic eye disease,
Anafortan 25 mg/300 mg Tablet,Treatment of Abdominal pain,
Atarax Syrup,Treatment of AnxietyTreatment of Skin conditions with inflammation & itching,
Ambrodil-S Syrup,Treatment of Cough,
Asthakind-DX Syrup Sugar Free,Treatment of Dry cough,
Aceclo Plus Tablet, Pain relief,
Althrocin 500 Tablet,Treatment of Bacterial infections,
Asthalin Syrup,Treatment of Chronic obstructive pulmonary disease (COPD)Treatment and prevention of Asthma,
Axcer  90mg Tablet, Prevention of heart attack and stroke,
Arachitol 6L Injection,Treatment of Vitamin D deficiencyTreatment of Osteoporosis,
Alfoo 10mg Tablet PR,Treatment of Benign prostatic hyperplasia,
Azithral 200 Liquid,Treatment of Bacterial infections,
Acemiz Plus Tablet, Pain relief,
Allegra Suspension Raspberry &amp; Vanilla,Treatment of Sneezing and runny nose due to allergiesTreatment of Allergic conditions,
Alex Junior Syrup,Treatment of Dry cough,
Azicip 500 Tablet,Treatment of Bacterial infections,
Avil Injection,Treatment of Allergic conditionsTreatment of Respiratory disease with excessive mucusTreatment of Skin conditions with inflammation & itchingTreatment and prevention of Meniere's disease,
Aquasol A Capsule,Treatment of Vitamin A deficiency,
Anobliss Cream,Treatment of Anal fissure,
Augmentin DDS Suspension,Treatment of Resistant Tuberculosis (TB)Treatment of Bacterial infections,
Almox 500 Capsule,Treatment of Bacterial infections,
AF Kit Tablet,Treatment of Syndromic treatment of vaginal discharge,
Ascoril LS Junior Syrup,Treatment of Cough with mucus,
Asthalin 100mcg Inhaler,Treatment of Chronic obstructive pulmonary disease (COPD)Treatment and prevention of Asthma,
Aptimust Syrup, Appetite stimulant,
AB Phylline Capsule,Treatment of AsthmaTreatment of BronchitisTreatment of Chronic obstructive pulmonary disease (COPD),
Azee 200mg Dry Syrup,Treatment of Bacterial infections,
Adaferin Gel, Acne,
Amitone 10mg Tablet,Treatment of Depression Neuropathic painTreatment of Migraine,
Ambrodil Syrup,Treatment of Respiratory tract disorders associated with viscid mucus,
AB-Flo-N Tablet,Treatment of Chronic obstructive pulmonary disease (COPD),
Ascoril LS Drops,Acute Sore throatTreatment of Cough with mucus,
Alex Cough Lozenges Lemon Ginger, Dry cough,
Atorva 40 Tablet, High cholesterolPrevention of Heart attack,
Aziderm 20% Cream,Treatment of Acne,
Ascoril D Junior Cough Syrup,Treatment of Dry cough,
Acogut Tablet,Treatment of Functional dyspepsia,
Augmentin 1000 Duo Tablet,Treatment of Bacterial infections,
Ano Metrogyl Cream,Treatment of Anal fissure,
Angispan - TR 2.5mg Capsule,Treatment of Angina (heart-related chest pain),
Apdrops Eye Drop,Treatment of Bacterial eye infections,
Acivir 400 DT Tablet, Herpes Simplex Virus Infections Chickenpox Herpes labialis Shingles Genital herpes infection,
Acivir Cream, Herpes labialis,
Avil Injection,Treatment of Allergic conditionsTreatment of Respiratory disease with excessive mucusTreatment of Skin conditions with inflammation & itchingTreatment and prevention of Meniere's disease,
Azee 250 Tablet,Treatment of Bacterial infections,
Aldigesic P 100mg/325mg Tablet, Pain relief,
Acitrom 2 Tablet,Treatment and prevention of Blood clots,
Alerid Syrup,Treatment of Allergic conditions,
Atorva Tablet, High cholesterolPrevention of Heart attack,
Azax 500 Tablet,Treatment of Bacterial infections,
Aztor 10 Tablet, High cholesterolPrevention of Heart attack,
Alciflox D Eye/Ear Drops,Treatment of Bacterial eye / ear infectionsTreatment of Eye infection with inflammation,
Amifru 40 Tablet,Treatment of Edema,
Aciloc 300 Tablet,Treatment of Gastroesophageal reflux disease (Acid reflux)Treatment of Peptic ulcer disease,
Augmentin 1.2gm Injection,Treatment of Bacterial infections,
Asthakind Expectorant Sugar Free,Treatment of Cough with mucus,
Atorva 20 Tablet, High cholesterolPrevention of Heart attack,
AB Phylline SR 200 Tablet,Treatment of AsthmaTreatment of BronchitisTreatment of Chronic obstructive pulmonary disease (COPD),
Aricep-M  Forte Tablet, Alzheimer's disease,
Amaryl 1mg Tablet,Treatment of Type 2 diabetes mellitus,
Add Tears Lubricant Eye Drop,Treatment of Dry eyes,
Aceclo-MR Tablet,Treatment of Muscular pain,
Atarax Drops,Treatment of AnxietyTreatment of Skin conditions with inflammation & itching,
Ambrodil-LX Syrup,Treatment of Cough with mucus,
Asthakind-LS Expectorant Cola Sugar Free,Treatment of Cough with mucus,
Acton-OR Tablet SR, Pain relief Fever,
Avamys Nasal Spray,Treatment of Sneezing and runny nose due to allergies,
AB Phylline N Tablet,Treatment of Chronic obstructive pulmonary disease (COPD),
Acenac-P  Tablet, Pain relief,
Aldactone 50 Tablet, Hypertension (high blood pressure) Edema Low potassium Heart failure,
Alerid Tablet,Treatment of Allergic conditions,
Aerocort Inhaler, Asthma,
Acemiz-S Tablet, Pain relief,
Asthalin Respules,Treatment of Chronic obstructive pulmonary disease (COPD)Treatment and prevention of Asthma,
Azeflo Nasal Spray,Treatment of Sneezing and runny nose due to allergies,
Ace Proxyvon Tablet, Pain relief,
Antiflu 75mg Capsule,Treatment of Influenza (flu),
Augmentin 375 Tablet,Treatment of Bacterial infections,
Admenta 5 Tablet, Alzheimer's disease,
Azmarda 50mg Tablet,Treatment of Heart failure,
Alerid-D Tablet,Treatment of Sneezing and runny nose due to allergies,
Aldosmin 500mg Tablet, Varicose veins,
Allercet-DC Tablet,Treatment of Sneezing and runny nose due to allergies,
Amlip 5 Tablet,Treatment of Hypertension (high blood pressure)Prevention of Angina (heart-related chest pain),
Acitrom 1 Tablet,Treatment and prevention of Blood clots,
AF 400 Tablet,Treatment of Fungal infections,
Amlopres-AT Tablet,Treatment of Hypertension (high blood pressure),
Aztolet  10 Tablet, Heart attack prevention and high cholesterol,
Azikem 500mg Tablet,Treatment of Bacterial infections,
Amlovas 5 Tablet,Treatment of Hypertension (high blood pressure)Prevention of Angina (heart-related chest pain),
Acenac-MR Tablet,Treatment of Muscular pain,
AF 150 Tablet DT,Treatment of Fungal infections,
Atorlip-F Tablet,Treatment of High cholesterolPrevention of Heart attack,
A-Ret 0.1% Gel,Treatment of Acne Acute promyelocytic leukaemia,
Apdrops PD Eye Drop,Treatment of Bacterial infections,
AB-Flo Capsule,Treatment of AsthmaTreatment of BronchitisTreatment of Chronic obstructive pulmonary disease (COPD),
Amantrel Tablet,Treatment of Parkinson's disease,
Azithral XL 200 Liquid,Treatment of Bacterial infections,
Aquazide 12.5 Tablet,Treatment of Hypertension (high blood pressure)Treatment of Edema,
A-Ret 0.05% Gel,Treatment of Acne Acute promyelocytic leukaemia,
Althrocin 250 Tablet,Treatment of Bacterial infections,
Alkasol Oral Solution Sugar Free,Treatment of GoutTreatment of Kidney stone,
Ajaduo 25mg/5mg Tablet,Treatment of Type 2 diabetes mellitus,
Aldosmin 1000mg Tablet, Varicose veins,
Allegra Nasal Spray,Treatment of Sneezing and runny nose due to allergies,
Advent Forte 457mg Syrup Tangy Orange,Treatment of Resistant Tuberculosis (TB)Treatment of Bacterial infections,
Andial 2mg Tablet, Diarrhea,
Alkof DX Syrup,Treatment of Dry cough,
Anafortan Syrup,Treatment of Abdominal pain,
Amlodac 5 Tablet,Treatment of Hypertension (high blood pressure)Prevention of Angina (heart-related chest pain),
Acivir 800 DT Tablet, Herpes Simplex Virus Infections Chickenpox Herpes labialis Shingles Genital herpes infection,
Amaryl 2mg Tablet,Treatment of Type 2 diabetes mellitus,
Alaspan AM Tablet, Cough,
Anabel Liquid Gel,Treatment of Mouth ulcers,
Air-M Tablet,Treatment of Sneezing and runny nose due to allergies,
Aziderm 10% Cream,Treatment of Acne,
Ace-Proxyvon CR Tablet, Pain relief,
Aten 50 Tablet,Treatment of Hypertension (high blood pressure)Treatment of Angina (heart-related chest pain)Treatment of ArrhythmiaPrevention of Heart attack,
Asthalin 4 Tablet,Treatment of Chronic obstructive pulmonary disease (COPD)Treatment and prevention of Asthma,
Azithral Eye Ointment,Treatment of Bacterial eye infections,
Aziwok 500 Tablet,Treatment of Bacterial infections,
Ambrolite-S Expectorant, Cough,
AB-Flo SR Tablet,Treatment of AsthmaTreatment of BronchitisTreatment of Chronic obstructive pulmonary disease (COPD),
Ambrodil-Plus RF Syrup, Common cold,
Asomex 2.5 Tablet,Treatment of Hypertension (high blood pressure)Prevention of Angina (heart-related chest pain)Prevention of Heart attackPrevention of Stroke,
Amlosafe 3D Tablet, Hypertension (high blood pressure),
Alkof Syrup,Treatment of Cough with mucus,
Angiplat 2.5 Capsule TR,Treatment of Angina (heart-related chest pain),
Aten 25 Tablet,Treatment of Hypertension (high blood pressure)Treatment of Angina (heart-related chest pain)Treatment of ArrhythmiaPrevention of Heart attack,
Admenta 10 Tablet, Alzheimer's disease,
Aztor 40 Tablet, High cholesterolPrevention of Heart attack,
Alkof Junior Syrup,Treatment of Dry cough,
Azithral 100 Liquid,Treatment of Bacterial infections,
Azibact 500 Tablet,Treatment of Bacterial infections,
Amrox-LS Syrup,Treatment of Cough with mucus,
Abzorb Antifungal Soap,Treatment of Fungal skin infections,
Arip MT 5 Tablet, Schizophrenia Mania,
Axogurd-SR Tablet,Treatment of Neuropathic pain,
Alfusin Tablet PR,Treatment of Benign prostatic hyperplasia,
ATM 500 Tablet,Treatment of Bacterial infections,
Alerfix Total Tablet SR,Treatment of Respiratory tract disorders associated with viscid mucus,
Advent 625 Tablet,Treatment of Bacterial infections,
Amlovas-AT Tablet,Treatment of Hypertension (high blood pressure),
Aziderm 10% Gel,Treatment of Acne,
Avil 50mg Tablet,Treatment of Allergic conditionsTreatment of Respiratory disease with excessive mucusTreatment of Skin conditions with inflammation & itchingTreatment and prevention of Meniere's disease,
Alivher Tablet,Treatment of Erectile dysfunction,
Anafortan Injection, Abdominal cramp,
Aprezo 30mg Tablet, Plaque psoriasis,
Acnesol Gel,Treatment of Bacterial infections,
Amlopres 5 Tablet,Treatment of Hypertension (high blood pressure)Prevention of Angina (heart-related chest pain),
A-Ret 0.025% Gel,Treatment of Acne Acute promyelocytic leukaemia,
Actibile 300 Tablet,Treatment of Primary biliary cirrhosisTreatment of Gallbladder stones,
Alex Syrup Sugar Free,Treatment of Dry cough,
Azee 100mg Dry Syrup Peppermint,Treatment of Bacterial infections,
Alex-L Cough Syrup Mango,Treatment of Dry cough,
Amtas 5 Tablet,Treatment of Hypertension (high blood pressure)Prevention of Angina (heart-related chest pain),
Amoxyclav 375 Tablet,Treatment of Bacterial infections,
Arbitel-Trio 50 Tablet ER, Hypertension (high blood pressure),
Almox 250 Capsule,Treatment of Bacterial infections,
Amlopres TL Tablet,Treatment of Hypertension (high blood pressure),
Asthakind-P Drops,Treatment of Cough with mucus,
Aztor 20 Tablet, High cholesterolPrevention of Heart attack,
Azulix 1 MF Tablet PR,Treatment of Type 2 diabetes mellitus,
Aqualube Eye Drop,Treatment of Dry eyes,
Ambrolite Syrup,Treatment of Respiratory tract disorders associated with viscid mucus,
Aztor Asp 75 Capsule,Treatment of Prevention of heart attack and stroke,
Acuclav 625 Tablet,Treatment of Bacterial infections,
Ascoril SF Expectorant,Treatment of Cough with mucus,
Acutret 20 Capsule,Treatment of Acne,
Adalene Nanogel Gel,Treatment of Acne,
Anorelief Cream,Treatment of Anal fissure,
Atorfit CV 10 Capsule, Heart attack prevention and high cholesterol,
Allercet Cold Tablet,Treatment of Common cold,
AD 100mg Capsule,Treatment of Diarrhea,
Actrapid HM 100IU/ml Penfill, Diabetes,
Arpizol 5 Tablet, Schizophrenia Mania,
Alkacip Syrup 100ml for Kidney &amp; Gout Stone,Treatment of GoutTreatment of Kidney stone,
Azulix 2 MF Tablet PR,Treatment of Type 2 diabetes mellitus,
Azilide 500 Tablet,Treatment of Bacterial infections,
Atorlip 10 Tablet, High cholesterolPrevention of Heart attack,
Augpen LB 625 Tablet, Bacterial infections,
Aceclo Sera 100mg/325mg/15mg Tablet, Pain relief,
Amaryl MV 2mg Tablet SR,Treatment of Type 2 diabetes mellitus,
Acivir 200 DT Tablet, Herpes Simplex Virus Infections Chickenpox Herpes labialis Shingles Genital herpes infection,
Amlip AT Tablet,Treatment of Hypertension (high blood pressure),
Axcer  90mg Tablet, Prevention of heart attack and stroke,
Acitrom 3 Tablet,Treatment and prevention of Blood clots,
Avas 10 Tablet, High cholesterolPrevention of Heart attack,
Air 180 Tablet,Treatment of Sneezing and runny nose due to allergiesTreatment of Allergic conditions,
Arcalion Tablet, Fatigue Alzheimer's disease,
Apigat 2.5 Tablet,Treatment and prevention of Blood clots,
Aquasurge  Eye Drop,Treatment of Dry eyes,
Aceclo Spas Tablet,Treatment of Abdominal pain,
Apdrops KT 0.4 Eye Drops BAK Free,Treatment of Bacterial eye infections,
Aciloc Injection,Treatment of Gastroesophageal reflux disease (Acid reflux)Treatment of Peptic ulcer disease,
Arcolane 2% Scalp Solution, Fungal skin infections,
Amnurite  10 Tablet SR, Neuropathic pain,
Augpen -DS Suspension,Treatment of Resistant Tuberculosis (TB)Treatment of Bacterial infections,
Asthalin Respirator Solution,Treatment of Chronic obstructive pulmonary disease (COPD)Treatment and prevention of Asthma,
Atchol-F Tablet,Treatment of High cholesterolPrevention of Heart attack,
Asthalin AX Syrup,Treatment of Cough with mucus,
Alensol-D Tablet, Osteoporosis,
Atorva 80 Tablet, High cholesterolPrevention of Heart attack,
Artificial Tears BP Eye Drop, Dry eyes,
Alciflox 500mg Tablet,Treatment of Bacterial infections,
Amitop 10 Tablet,Treatment of Depression Neuropathic painTreatment of Migraine,
Atonide Gel, Skin conditions with inflammation & itching,
Ambrodil-D Syrup,Treatment of Dry cough,
Allercet Tablet,Treatment of Allergic conditions,
Apidra 100IU Cartridge, Diabetes,
Aquim PF Eye Drop,Treatment of Dry eyes,
Andre Plus Eye Drops,Treatment of Allergic eye disease,
Acamprol Tablet, Alcohol addiction,
Amitryn 10 Tablet,Treatment of Depression Neuropathic painTreatment of Migraine,
Acnesol A Nano Gel,Treatment of Acne,
Acular LS Ophthalmic Solution, Post-operative eye pain and inflammation,
Acupat Ophthalmic Solution,Treatment of Allergic conjunctivitis,
Adilip 135 Tablet DR, High cholesterol,
Augpen 625 BID Tablet,Treatment of Bacterial infections,
Allercet-M Tablet,Treatment of Sneezing and runny nose due to allergiesTreatment of Hay feverTreatment of Allergic skin conditions,
Arip MT 2 Tablet, Schizophrenia Mania,
Aztolet  20 Tablet, Heart attack prevention and high cholesterol,
Acceclowoc-P Tablet, Pain relief,
Ascoril Plus Expectorant,Treatment of Cough,
Amaryl MV 1mg Tablet SR,Treatment of Type 2 diabetes mellitus,
Alfusin D Tablet ER,Treatment of Benign prostatic hyperplasia,
Altraz Tablet, Breast cancer,
Acivir Cream, Herpes labialis,
Atropine 1% Eye Drop,Treatment of MyopiaTreatment of Uveitis,
Aquaviron Injection 1ml,Treatment of Male hypogonadism,
Acera-D Capsule SR,Treatment of Gastroesophageal reflux disease (Acid reflux)Treatment of Peptic ulcer disease,
Atormac CV10 Capsule, Heart attack prevention and high cholesterol,
Alphadol 0.25mcg Capsule,Treatment of Vitamin D deficiency,
Ajaduo 10mg/5mg Tablet,Treatment of Type 2 diabetes mellitus,
Apdrops DM Eye Drop,Treatment of Bacterial eye infections,
Arbitel-Trio 25 Tablet ER, Hypertension (high blood pressure),
Amicline Plus Tablet, Diarrhea Dysentery,
Amlokind-L Tablet, Hypertension (high blood pressure),
Amrolstar Nail Lacquer, Fungal nail infections,
Amnurite  5 mg/1500 mcg Tablet, Neuropathic pain,
Acuvert Tablet,Treatment of VertigoTreatment of NauseaTreatment of VomitingTreatment of MigraineTreatment of Short term anxiety,
Ambrodil Drop,Treatment of Cough with mucusTreatment of Acute Sore throatTreatment of Respiratory tract disorders associated with viscid mucus,
Azmarda 100mg Tablet,Treatment of Heart failure,
Alzil-M 5 Tablet, Alzheimer's disease,
Amicon 10 Tablet,Treatment of Depression Neuropathic painTreatment of Migraine,
Asomex 5 Tablet,Treatment of Hypertension (high blood pressure)Prevention of Angina (heart-related chest pain)Prevention of Heart attackPrevention of Stroke,
Althrocin Liquid,Treatment of PertussisTreatment of DiphtheriaTreatment of Bacterial infections,
Albucel 20% Infusion, Short term fluid replacement after trauma,
Apigat 5 Tablet,Treatment and prevention of Blood clots,
Amlong 2.5 Tablet,Treatment of Hypertension (high blood pressure)Prevention of Angina (heart-related chest pain),
Anxiset 0.5 Tablet, Schizophrenia Depression Bipolar disorder,
All 9 NVP Tablet, Nausea and vomiting in pregnancy,
Angiwell 2.6mg Tablet,Treatment of Angina (heart-related chest pain),
Almefkem Spas 10mg/250mg Tablet,Treatment of Menstrual painTreatment of Abdominal cramp,
Azax 250 Tablet,Treatment of Bacterial infections,
Amlong-A Tablet,Treatment of Hypertension (high blood pressure),
Aceclo Tablet, Pain relief,
Acimol Forte 100mg/325mg/15mg Tablet, Pain relief,
Acitrom 4 Tablet,Treatment and prevention of Blood clots,
Aprecap 125/80 Capsule, Nausea and vomiting due to chemotherapy,
Anasure 5% Solution,Treatment of Hair loss,
Adaple-C Gel,Treatment of Acne,
Akilos-P Tablet, Pain relief,
Azopt Opthalmic Suspension, Glaucoma Ocular hypertension,
Amrolstar Cream, Fungal nail infections,
Anosum Cream,Treatment of Anal fissure,
AF 200 Tablet,Treatment of Fungal infections,
Amlong 10 Tablet,Treatment of Hypertension (high blood pressure)Prevention of Angina (heart-related chest pain),
Azee XL 200mg Dry Syrup Peppermint,Treatment of Bacterial infections,
Acenext P 100mg/325mg Tablet, Pain relief,
Amlopin 5 Tablet,Treatment of Hypertension (high blood pressure)Prevention of Angina (heart-related chest pain),
Amlogard 5mg Tablet,Treatment of Hypertension (high blood pressure)Prevention of Angina (heart-related chest pain),
Arpizol 10 Tablet, Schizophrenia Mania,
Azibact LR 100 Readymix,Treatment of Bacterial infections,
Amicline Tablet, Worm infections Intestinal amoebiasis,
Arpizol 2mg Tablet, Schizophrenia Mania,
Acutret 10 Capsule,Treatment of Acne,
Amaryl M Forte 2mg Tablet PR,Treatment of Type 2 diabetes mellitus,
Ampilox DS Tablet,Treatment of Bacterial infections,
Alzil 5 Tablet, Alzheimer's disease,
Azoran 25 Tablet, Prevention of organ rejection in transplant patientsTreatment of Rheumatoid arthritis,
Angicam-Beta Tablet,Treatment of Hypertension (high blood pressure),
Altonil 5 Tablet MD,Treatment of InsomniaTreatment of Jet lag,
Abd 400mg Tablet,Treatment of Parasitic infections,
Amlosafe TM 40 Tablet,Treatment of Hypertension (high blood pressure),
Anxipan Capsule, Acidity Heartburn Anxiety,
Amtas-AT Tablet,Treatment of Hypertension (high blood pressure),
Azimax 500 Tablet,Treatment of Bacterial infections,
Aztogold 20 Capsule,Prevention of Heart attack,
Aldactone 100 Tablet, Hypertension (high blood pressure) Edema Low potassium Heart failure,
Amitone 25mg Tablet,Treatment of Depression Neuropathic painTreatment of Migraine,
Acimol-SP Tablet, Pain relief,
Afdura Tablet ER,Treatment of Benign prostatic hyperplasia,
Aceclo SR Tablet, Pain relief,
Acrotac 25mg Capsule, Psoriasis,
Air 120 Tablet,Treatment of Sneezing and runny nose due to allergiesTreatment of Allergic conditions,
Alight Plus Gel 15gm for Acne Treatment,Treatment of Acne,
Asthakind-DX Syrup Sugar Free,Treatment of Dry cough,
Avas CV 10 Capsule, Heart attack prevention and high cholesterol,
AB Phylline Syrup,Treatment of AsthmaTreatment of BronchitisTreatment of Chronic obstructive pulmonary disease (COPD),
Amlokind-H Tablet, Hypertension (high blood pressure),
Amtas-M 50 Tablet PR,Treatment of Hypertension (high blood pressure),
Aclind BP 2.5% Gel, Acne,
Aprezo 10 Tablet, Plaque psoriasis,
Arbitel-AM Tablet,Treatment of Hypertension (high blood pressure),
Anabel-CT Gel,Treatment of Mouth ulcers,
Anafortan-MF 50mg/250mg Tablet, Abdominal cramp,
Acnedap Gel, Acne,
Aziderm 20% Gel,Treatment of Acne,
Asthakind-LS Junior Expectorant,Treatment of Cough with mucus,
Atonide Cream, Skin conditions with inflammation & itching,
Ampoxin 250 Capsule,Treatment of Bacterial infections,
Ascoril Flu Drops,Treatment of Common cold,
Aerodil  Expectorant,Treatment of Cough with mucus,
Alevo 500 Tablet,Treatment of Bacterial infections,
Amaryl M Forte 1mg Tablet PR,Treatment of Type 2 diabetes mellitus,
Acimol MR 100mg/325mg/250mg Tablet,Treatment of Muscular pain,
Anfoe 10000IU Injection,Treatment of Anemia due to chronic kidney diseaseTreatment of Anemia due to cancer chemotherapy,
Acnovate Gel,Treatment of Acne,
Alcarex Eye Drop, Allergic eye disease,
Alex-L Cough Syrup Mango Sugar Free,Treatment of Dry cough,
Azifast 500 Tablet,Treatment of Bacterial infections,
Azivent 500 Tablet,Treatment of Bacterial infections,
Amlong-H Tablet, Hypertension (high blood pressure),
Ambrolite Levo Syrup,Treatment of Cough with mucus,
Anaflam TH  4  Tablet,Treatment of Muscular pain,
Alex P Syrup, Common cold,
Amlopres AT 25 Tablet,Treatment of Hypertension (high blood pressure),
AB-Next Gel, Acne,
Airz Capsule, Chronic obstructive pulmonary disease (COPD) General Anaesthesia Peptic ulcer disease,
Amrox Syrup,Treatment of Cough with mucus,
Alkasol Oral Solution Sugar Free,Treatment of GoutTreatment of Kidney stone,
Atchol-ASP Capsule,Treatment of Prevention of heart attack and stroke,
Amlovas-M 5/50 Tablet PR,Treatment of Hypertension (high blood pressure),
Atchol 40 Tablet, High cholesterolPrevention of Heart attack,
Arflur 3D Tablet, Pain relief,
Aerocort Forte Rotacap, Asthma,
Aginal-AT Tablet,Treatment of Hypertension (high blood pressure),
Azibact 200 Readymix Oral Suspension,Treatment of Bacterial infections,
Asprito 2 Tablet, Schizophrenia Mania,
Altacef 500 Tablet,Treatment of Bacterial infections,
Airz-FF Capsule, General Anaesthesia Peptic ulcer disease,
Advent 228.5mg Dry Syrup Tangy Orange,Treatment of Resistant Tuberculosis (TB)Treatment of Bacterial infections,
Azithral-XL 100 Liquid,Treatment of Bacterial infections,
Amlong MT 50 Tablet PR,Treatment of Hypertension (high blood pressure),
Actrapid 100 IU/ml Flexpen, Diabetes,
Acamptas 333 Tablet, Alcohol addiction,
Acinil-O Oral Suspension, Acidity Heartburn Stomach ulcers,
AF-K Lotion,Treatment of Fungal skin infectionsTreatment of Dandruff,
Anafortan Drop, Abdominal cramp,
Anti-Thyrox 10 Tablet, Hyperthyroidism,
Amyclox-LB Capsule, Bacterial infections,
Alphagan Z Ophthalmic Solution,Treatment of Glaucoma,
Azithral Eye Drop,Treatment of Bacterial eye infections,
Addphos Granules,Treatment of High calcium levels in the bloodTreatment of Hyperparathyroidism,
Azulix 1 Tablet,Treatment of Type 2 diabetes mellitus,
Aricep 23 SR Tablet, Alzheimer's disease,
Aceloflam Plus Tablet, Pain relief,
Amantex Tablet,Treatment of Parkinson's disease,
Altonil 5mg Tablet,Treatment of InsomniaTreatment of Jet lag,
AZR Tablet, Prevention of organ rejection in transplant patientsTreatment of Rheumatoid arthritis,
Aquazide 25 Tablet,Treatment of Hypertension (high blood pressure)Treatment of Edema,
Asthalin Plus Expectorant,Treatment of Cough with mucus,
Axalin  Expectorant, Cough,
Aquasurge  Max Eye Drop,Treatment of Dry eyes,
Ambrodil-LX Drop,Acute Sore throatTreatment of Cough with mucus,
Aldonil Tablet, Diabetic nerve pain,
Alcros 100 Capsule,Treatment of Fungal infections,
Aspisol 75 Tablet, Prevention of heart attack and stroke,
Advent 228.5mg Dry Syrup,Treatment of Resistance Tuberculosis (TB)Treatment of Bacterial infections,
Atorfit CV 20 Capsule, Heart attack prevention and high cholesterol,
Atchol 20 Tablet, High cholesterolPrevention of Heart attack,
Anafortan N 100 mg/50 mg Tablet,Treatment of Abdominal cramp,
Amlovas H  Tablet, Hypertension (high blood pressure),
Axogurd NT Tablet SR,Treatment of Neuropathic pain,
Azulix 2 MF Forte Tablet PR,Treatment of Type 2 diabetes mellitus,
Aztor 80 Tablet, High cholesterolPrevention of Heart attack,
Abel 40 Tablet, Hypertension (high blood pressure) Heart failure Prevention of heart attack and stroke,
Ambrolite 2S Expectorant, Cough,
Amlodac 2.5 Tablet,Treatment of Hypertension (high blood pressure)Prevention of Angina (heart-related chest pain),
Amlokind 2.5 Tablet,Treatment of Hypertension (high blood pressure)Prevention of Angina (heart-related chest pain),
ATM 200 Oral Suspension,Treatment of Bacterial infections,
Actibile 150 Tablet,Treatment of Primary biliary cirrhosisTreatment of Gallbladder stones,
Atorlip 20 Tablet, High cholesterolPrevention of Heart attack,
Aristogyl 400 Tablet,Treatment of Bacterial infectionsTreatment of Parasitic infections,
Aplazar Tablet,Treatment of Chronic kidney disease,
Avas 40 Tablet, High cholesterolPrevention of Heart attack,
Acemyoset Tablet SR, Pain due to muscle spasm,
Amiject 500mg Injection, Bacterial infections,
Amplinak Ophthalmic Suspension,Treatment of Post-operative eye pain and inflammation,
Aziderm 15% Gel,Treatment of Acne,
Acnetor AD Gel,Treatment of Acne,
Acotibien 100mg Tablet,Treatment of Functional dyspepsia,
Arflur-P Tablet, Pain relief,
Alfakit Tablet,Treatment of Chronic kidney disease,
Atocor-F Tablet,Treatment of High cholesterolPrevention of Heart attack,
Amrosys Cream, Fungal nail infections,
AD 10mg Sachet,Treatment of Diarrhea,
Aldonil OD Tablet, Diabetic nerve pain,
Anthocyn-TX Tablet,Treatment of Melasma,
Alcoliv Tablet, Alcoholic fatty liver disease,
Acenac Tablet, Pain relief,
Acetik Ear Drop, Ear infection,
Advent 91.4mg Drops Tangy Orange,Treatment of Resistant Tuberculosis (TB)Treatment of Bacterial infections,
Acnelak-CLZ Cream,Treatment of Acne,
ATM 100 Oral Suspension,Treatment of Bacterial infections,
Aprezo 20 Tablet, Plaque psoriasis,
Arbitel-MT 50 Tablet ER,Treatment of Hypertension (high blood pressure),
Ascovent -SR Tablet,Treatment of AsthmaTreatment of BronchitisTreatment of Chronic obstructive pulmonary disease (COPD),
Azulix 3 MF Tablet PR,Treatment of Type 2 diabetes mellitus,
Actoid 25mg Capsule, Psoriasis,
Atorva 5 Tablet, High cholesterolPrevention of Heart attack,
Amitax 500mg Injection, Bacterial infections,
Amlovas 2.5 Tablet,Treatment of Hypertension (high blood pressure)Prevention of Angina (heart-related chest pain),
Asomex-AT Tablet,Treatment of Hypertension (high blood pressure),
Arvast 10 Tablet,Treatment of High cholesterol Prevention of heart attack and stroke,
Atocor 40 Tablet, High cholesterolPrevention of Heart attack,
Alcros 200 Capsule,Treatment of Fungal infections,
Azapure Tablet, Prevention of organ rejection in transplant patientsTreatment of Rheumatoid arthritis,
Amaryl 3mg Tablet,Treatment of Type 2 diabetes mellitus,
Allrite DC Tablet ER, Sneezing and runny nose due to allergies,
Apraize 30 Tablet, Plaque psoriasis,
Aravon Injection, Amyotrophic lateral sclerosis (ALS),
Atorva Gold 20 Capsule,Prevention of Heart attack,
Asthakind-LS Drop,Treatment of Cough with mucus,
Alastin 10mg Tablet,Treatment of Allergic conditions,
Addkay Tablet PR,Treatment of Potassium deficiency,
Aten-D Tablet, Hypertension (high blood pressure),
Acnicin Gel,Treatment of Acne,
Alkamed Syrup,Treatment of GoutTreatment of Kidney stone,
Acnesol 1% solution,Treatment of Bacterial infections,
Astymin-SN Infusion, Nutritional deficiencies,
AF 300 Tablet,Treatment of Fungal infections,
Acecloren Tablet, Pain relief,
Atormac 10 Tablet, High cholesterolPrevention of Heart attack,
Ambrican 5 Tablet, Pulmonary arterial hypertension (PAH),
Azeflo FT Nasal Spray,Treatment of Sneezing and runny nose due to allergies,
Arachitol 3L Injection,Treatment of Vitamin D deficiencyTreatment of Osteoporosis,
Acivir IV Injection, Herpes Simplex Virus Infections Chickenpox Shingles Herpes labialis Genital herpes infection,
Asthalin 2 Tablet,Treatment of Chronic obstructive pulmonary disease (COPD)Treatment and prevention of Asthma,
Alex Cough Lozenges Sugar Free, Dry cough,
Aziwok 250 Tablet,Treatment of Bacterial infections,
Azibest 500mg Tablet,Treatment of Bacterial infections,
Amifru Plus Tablet, Edema,
Amcard-AT Tablet,Treatment of Hypertension (high blood pressure),
Amcard 5 Tablet,Treatment of Hypertension (high blood pressure)Prevention of Angina (heart-related chest pain),
Amlopin-M Tablet PR,Treatment of Hypertension (high blood pressure),
Atorlip 40 Tablet, High cholesterolPrevention of Heart attack,
Atorva TG Tablet,Treatment of High cholesterolPrevention of Heart attack,
Airz-F Capsule, Chronic obstructive pulmonary disease (COPD),
Ageless Tablet, Nutritional deficiencies,
Ambrodil Tablet,Treatment of Respiratory tract disorders associated with viscid mucus,
Asthakind Tablet,Treatment of Cough with mucus,
Analiv 500 Tablet,Treatment of Liver  disease,
Arbitel-H Tablet,Treatment of Hypertension (high blood pressure),
Alcinac P 100mg/325mg Tablet, Pain relief,
Amlodac AT Tablet,Treatment of Hypertension (high blood pressure),
Albutamol Neo Syrup,Treatment of Asthma,
Apgel, Acne,
Albrim T Eye Drop,Treatment of Ocular hypertensionTreatment of Glaucoma,
Amnurite Beta 10/40 ER Tablet, Migraine,
Aten AM Tablet,Treatment of Hypertension (high blood pressure),
Anin 500mg Injection,Prevention of Premature Labor,
Anozest Cream,Treatment of Anal fissure,
Acidose 500mg Tablet,Treatment of IndigestionTreatment of Alkalinizing agentTreatment of Metabolic acidosis,
Alerid Cold Tablet,Treatment of Common cold,
Altonil Syrup,Treatment of InsomniaTreatment of Jet lag,
Alex Plus Paediatric Oral Drops,Treatment of Common cold,
Arifine 2.5 Tablet, Schizophrenia Mania,
Augpen HS 200 mg/28.5 mg Suspension,Treatment of Resistance Tuberculosis (TB)Treatment of Bacterial infections,
Adiff Gel, Acne,
Apidra 100IU/ml Solution for Injection, Diabetes,
Azulix 2 Tablet,Treatment of Type 2 diabetes mellitus,
Aztogold 10 Capsule,Prevention of Heart attack,
Atazis 25mg Tablet,Treatment of AnxietyTreatment of Skin conditions with inflammation & itching,
Alerfix-M Tablet,Treatment of Sneezing and runny nose due to allergiesTreatment of Hay feverTreatment of Allergic skin conditions,
Angispan-TR 6.5mg Capsule,Treatment of Angina (heart-related chest pain),
Asthalin Rotacaps,Treatment of Chronic obstructive pulmonary disease (COPD)Treatment and prevention of Asthma,
Altiva 120mg Tablet,Treatment of Sneezing and runny nose due to allergiesTreatment of Allergic conditions,
Assurans Tablet,Treatment of Pulmonary arterial hypertension (PAH),
Azulix 1 MF Forte Tablet PR,Treatment of Type 2 diabetes mellitus,
Acnesol-NC Gel,Treatment of Acne,
Alkazip Syrup,Treatment of GoutTreatment of Kidney stone,
Atorva Gold 10 Capsule,Prevention of Heart attack,
Alides 5mg Tablet,Treatment of Allergic conditions,
Atormac Gold 20 Capsule,Prevention of Heart attack,
Azenam 1gm Injection, Severe bacterial infections,
Alnitro 2.6 Tablet CR,Treatment of Angina (heart-related chest pain),
Advanced LCF Kid Expectorant, Cough,
Abhayrab-PF Vaccine, Prevention of Rabies,
Absenz Syrup,Treatment of Epilepsy/Seizures,
Arbitel-MT 25 Tablet ER,Treatment of Hypertension (high blood pressure),
Allercet-L Tablet,Treatment of Allergic conditions,
Aisa  Tablet, Nutritional deficiencies,
Acrotac 10mg Capsule, Psoriasis,
Amlosafe MT 50 Tablet PR,Treatment of Hypertension (high blood pressure),
Apetamin Syrup,Treatment of Allergic conditions Appetite stimulant,
Aztor EZ Tablet, High cholesterol,
Amodep-TM Tablet,Treatment of Hypertension (high blood pressure),
Axcer  60mg Tablet, Prevention of heart attack and stroke,
Acnetoin Gel,Treatment of Acne,
Amlokind-Beta 50 Tablet PR,Treatment of Hypertension (high blood pressure),
Atorlip Gold 20 Capsule,Prevention of Heart attack,
Amrolstar Cream, Fungal nail infections,
Avoprost D 8mg/0.5mg Capsule,Treatment of Benign prostatic hyperplasia,
Amlip 2.5 Tablet,Treatment of Hypertension (high blood pressure)Prevention of Angina (heart-related chest pain),
Atocor-CV 10 Capsule, Heart attack prevention and high cholesterol,
Anleo-DSR Capsule,Treatment of Gastroesophageal reflux disease (Acid reflux)Treatment of Peptic ulcer disease,
Arigaba Ointment, Neuropathic pain,
Acetik-HC Ear Drop,Treatment of Ear infection,
Amnuring 10 Tablet SR, Neuropathic pain,
Arbitel-CT 40 Tablet, Hypertension (high blood pressure),
Arkamin H Tablet, Hypertension (high blood pressure),
Actapro Tablet,Treatment of Functional dyspepsia,
Amlopres 2.5 Tablet,Treatment of Hypertension (high blood pressure)Prevention of Angina (heart-related chest pain),
Alphagan Eye Drop, Ocular hypertension Glaucoma,
Ara Eye Gel, Dry eyes,
A Ret HC Cream, Melasma,
Atrodex-C Eye Drop,Treatment of Uveitis,
Ark-AP Tablet, Pain relief,
Avas CV 20 Capsule, Heart attack prevention and high cholesterol,
Advastat 10 Tablet,Treatment of High cholesterol Prevention of heart attack and stroke,
Arbitel-AV Tablet, High blood pressure with high cholesterol,
Amicin 500mg Injection, Bacterial infections,
Alfalog Tablet,Treatment of Chronic kidney disease,
Afderm-MN + Cream,Treatment of Skin infections,
Abz 400mg Tablet,Treatment of Parasitic infections,
Ampilox CV 500 mg/125 mg Tablet,Treatment of Bacterial infections,
Asomex-TM Tablet, Hypertension (high blood pressure),
Amtas-M 25 Tablet PR,Treatment of Hypertension (high blood pressure),
Adilip 45 Tablet DR, High cholesterol,
Amlip 10 Tablet,Treatment of Hypertension (high blood pressure)Prevention of Angina (heart-related chest pain),
Anfoe 4000IU Injection,Treatment of Anemia due to chronic kidney diseaseTreatment of Anemia due to cancer chemotherapy,
Ace Revelol 25/2.5 Tablet ER, Hypertension (high blood pressure),
Aldigesic-Rab Capsule SR, Pain relief,
Agna 25000 Capsule DR,Treatment of Pancreatic enzyme deficiency,
Amlong-TL 40 Tablet,Treatment of Hypertension (high blood pressure),
Ambrodil-XP Syrup,Treatment of AsthmaTreatment of BronchitisTreatment of Chronic obstructive pulmonary disease (COPD),
Amclaid 625 Tablet,Treatment of Bacterial infections,
Anti-Thyrox 5 Tablet, Hyperthyroidism,
Acnedap Plus Gel,Treatment of Acne,
Asklerol 3% Injection, Varicose veins,
Agna 10000 Capsule DR,Treatment of Pancreatic enzyme deficiency,
Azee 250 Tablet,Treatment of Bacterial infections,
Angizem CD 90 Capsule ER,Treatment of Hypertension (high blood pressure)Treatment of Angina (heart-related chest pain)Treatment of Arrhythmia,
Amlong A-25 Tablet,Treatment of Hypertension (high blood pressure),
Arzep Nasal Spray,Treatment of Sneezing and runny nose due to allergies,
Alrista SR Tablet, Diabetic nerve pain,
Allenza Tablet, Pain relief,
Azithral 500mg Injection,Treatment of Bacterial infections,
Aloja 25 Tablet,Treatment of Type 2 diabetes mellitus,
Actiheal-D Tablet, Pain relief,
Anin Tablet,Treatment of Premature LaborTreatment of Recurrent miscarriage,
Atormac Gold 10 Capsule,Prevention of Heart attack,
Advent 457mg Tablet DT,Treatment of Resistant Tuberculosis (TB)Treatment of Bacterial infections,
Alkepin Odt 12.5mg Tablet, Schizophrenia,
Aceret 25 Capsule, Psoriasis,
Azelast Nasal Spray,Treatment of Sneezing and runny nose due to allergies,
Amlopin-AT Tablet,Treatment of Hypertension (high blood pressure),
Alorti Tablet,Treatment of Allergic conditions,
Alkanil Syrup,Treatment of GoutTreatment of Kidney stone,
Asthalin DX Syrup,Treatment of Dry cough,
Aziwok-XL 200 Liquid,Treatment of Bacterial infections,
Avapar Tablet, Abdominal cramp,
Atropine Sulphate 1% Eye Ointment,Treatment of MyopiaTreatment of Uveitis,
Amlopres L Tablet, Hypertension (high blood pressure),
Acutrol C 400 Tablet, High phosphate levels in blood,
Aldigesic Spas 80mg/100mg Tablet,Treatment of Abdominal pain,
Azmarda 200mg Tablet,Treatment of Heart failure,
Apresol Plus Tablet,Treatment of Heart failure,
Azee 1000 Tablet,Treatment of Bacterial infections,
Angistat 2.5 Capsule TR,Treatment of Angina (heart-related chest pain),
ATR-F Tablet,Treatment of High cholesterolPrevention of Heart attack,
Ambronac Tablet, Chronic obstructive pulmonary disease (COPD),
Agoprex Tablet, Depression,
Acton Prolongatum 60IU Injection, Infantile spasms,
Alphagan P Eye Drop,Treatment of Glaucoma,
Aggramed 5mg Infusion,Prevention of Heart attack,
Azulix 4 MF Tablet PR,Treatment of Type 2 diabetes mellitus,
Ara Eye Drop,Treatment of Dry eyes,
Amlodac-D Tablet SR, Hypertension (high blood pressure),
Arophyll HD 10mg/120mg/200mg Tablet, Asthma,
Anfoe 6000IU Injection,Treatment of Anemia due to chronic kidney diseaseTreatment of Anemia due to cancer chemotherapy,
Asthakind Expectorant Sugar Free,Treatment of Cough with mucus,
Atorfit 10 Tablet, High cholesterolPrevention of Heart attack,
Algest SR 200 Tablet, Hormone replacement therapy Female infertility,
Atorbest 10 Tablet, High cholesterolPrevention of Heart attack,
Aciloc Only Oral Liquid,Treatment of Gastroesophageal reflux disease (Acid reflux)Treatment of Peptic ulcer disease,
Amlokind 10mg Tablet,Treatment of Hypertension (high blood pressure)Prevention of Angina (heart-related chest pain),
Atrest 25 Tablet,Treatment of chorea (a movement disorder) associated with Huntington's disease,
Alcaft Eye Drop, Allergic eye disease,
Atocor 80 Tablet, High cholesterolPrevention of Heart attack,
Acemiz 100mg Tablet, Pain relief,
Alerfix Tablet,Treatment of Allergic conditions,
Aerodil-LS Expectorant,Treatment of Cough with mucus,
Airtec FB 400 Instacap,Treatment of Chronic obstructive pulmonary disease (COPD),
Anaero Gel,Treatment of Acne,
Asunra 400mg Tablet,Treatment of Iron overload,
Airtec FB 200 Instacap,Treatment of Chronic obstructive pulmonary disease (COPD),
AF 50 Tablet DT,Treatment of Fungal infections,
Ancool  SF Suspension,Treatment of Intestinal ulcersTreatment of Stomach ulcers,
Azicip 250 Tablet,Treatment of Bacterial infections,
Apidra Solostar 100IU/ml Injection, Diabetes,
Advent Forte 457mg Syrup Tangy Orange,Treatment of Resistant Tuberculosis (TB)Treatment of Bacterial infections,
Amipride 50 Tablet, Schizophrenia,
Addwet Eye Drop,Treatment of Dry eyes,
Alastin AM Tablet, Cough,
Amide 25 Tablet, Schizophrenia,
Alfugress Tablet PR,Treatment of Benign prostatic hyperplasia,
Azulix MV 2/0.2 Tablet SR,Treatment of Type 2 diabetes mellitus,
Aceron TC Tablet, Pain relief,
Aldonil Plus Tablet SR, Diabetic nerve pain,
Amtas-AT 25 Tablet,Treatment of Hypertension (high blood pressure),
Ace-Proxyvon SP Tablet, Pain relief,
Amlopres Trio Tablet, Hypertension (high blood pressure),
Anthocyn-TX Cream, Melasma,
Axinerve-P Tablet SR,Treatment of Neuropathic pain,
Apraize 10 Tablet, Plaque psoriasis,
Altacef Suspension,Treatment of Bacterial infections,
Acutret 5 Capsule,Treatment of Acne,
Anglit 2.6 Tablet CR,Treatment of Angina (heart-related chest pain),
Amiodar 200 Tablet,Treatment of Arrhythmia,
Atorsave 10 Tablet, High cholesterolPrevention of Heart attack,
Acitrom 0.5 Tablet,Treatment and prevention of Blood clots,
Amortas Cream,Treatment of Fungal infections,
Astin CV 10 Capsule, Heart attack prevention and high cholesterol,
Amlovas-AT 25 Tablet,Treatment of Hypertension (high blood pressure),
Asomex-D Tablet, Hypertension (high blood pressure),
Azulix MV 2mg/500mg/0.3mg Tablet SR,Treatment of Type 2 diabetes mellitus,
Azibact 100 Readymix Oral Suspension,Treatment of Bacterial infections,
Auradex 4mg Tablet,Treatment of Inflammatory conditionsTreatment of Autoimmune conditions,
Alrista Plus Tablet SR, Diabetic nerve pain,
Aciloc-S Suspension Sugar Free,Treatment of AcidityTreatment of HeartburnTreatment of Stomach ulcers,
Amlodac 10 Tablet,Treatment of Hypertension (high blood pressure)Prevention of Angina (heart-related chest pain),
Azifast Gel,Treatment of AcneTreatment of Bacterial infections,
Allerkast LC Tablet,Treatment of Sneezing and runny nose due to allergiesTreatment of Hay feverTreatment of Allergic skin conditions,
Aquaray Plus  Eye Drop,Treatment of Dry eyes,
Amrobrut Cream,Treatment of Fungal infections,
Aerodil-DX Syrup Raspberry Sugar Free,Treatment of Dry cough,
Arpizol 15 Tablet, Schizophrenia Mania,
Amfy V  Vaginal gel, Fungal infections of vagina,
Ace Proxyvon TH 4 Tablet,Treatment of Muscular pain,
Aim7 60 XR Tablet,Treatment of Type 2 diabetes mellitus,
Atorlip-ASP 10 Capsule,Treatment of Prevention of heart attack and stroke,
Acocontin Tablet CR,Treatment of Respiratory tract disorders associated with viscid mucus,
Abirapro 250mg Tablet, Prostate cancer,
Alpostin 500mcg Injection,Treatment of Patent ductus arteriosus (PDA),
Atorfit CV 40 Capsule, Heart attack prevention and high cholesterol,
Advastat F 160mg/10mg Tablet,Treatment of High cholesterolPrevention of Heart attack,
Arvast-CF 10 Capsule DR,Treatment of High cholesterolPrevention of Heart attack,
Arip MT 15 Tablet, Schizophrenia Mania,
Amorfine Cream, Fungal nail infections,
Atocor 10 Tablet, High cholesterolPrevention of Heart attack,
Amloz AT Tablet,Treatment of Hypertension (high blood pressure),
Azifast 250 Tablet,Treatment of Bacterial infections,
Acotrust  Tablet,Treatment of Functional dyspepsia,
Anabrez Tablet, Breast cancer,
Amfy Gel, Fungal skin infections,
Amlodac T 40 mg/5 mg Tablet,Treatment of Hypertension (high blood pressure),
Almotan 6.25 Tablet,Treatment of Acute migraine headache,
Arpimune ME 100mg Capsule, Prevention of organ rejection in transplant patients Rheumatoid arthritis PsoriasisPrevention of graft rejection following Bone marrow transplantationTreatment of Nephrotic syndrome,
Ampilox-LB Capsule, Bacterial infections,
Adgaba Gel, Neuropathic pain,
Atorlip-ASP 20 Capsule,Treatment of Prevention of heart attack and stroke,
Ampoxin-CV 500mg/125mg Tablet,Treatment of Bacterial infections,
Ambrolite Cold Syrup,Treatment of Respiratory tract disorders associated with viscid mucus,
Azildac 40 Tablet, Hypertension (high blood pressure) Heart failure Prevention of heart attack and stroke,
Atorlip CV Capsule, Heart attack prevention and high cholesterol,
Amtas 2.5 Tablet,Treatment of Hypertension (high blood pressure)Prevention of Angina (heart-related chest pain),
Abendol Plus 12mg/400mg Tablet,Treatment of Worm infections,
Azithral XL 200 Liquid,Treatment of Bacterial infections,
Angiplat 6.5 Capsule TR,Treatment of Angina (heart-related chest pain),
Amace Tablet, Hypertension (high blood pressure),
Alkazar Liquid,Treatment of GoutTreatment of Kidney stone,
Anti-Thyrox 20 Tablet, Hyperthyroidism,
Actoid 10 Capsule, Psoriasis,
Acera 20 Capsule,Treatment of Gastroesophageal reflux disease (Acid reflux)Treatment of Peptic ulcer diseaseTreatment of Zollinger-Ellison syndrome,
Advan-THF Cream, Melasma,
Axogurd  Capsule,Treatment of Neuropathic pain,
Amlodac M Tablet PR,Treatment of Hypertension (high blood pressure),
Amtas 10 Tablet,Treatment of Hypertension (high blood pressure)Prevention of Angina (heart-related chest pain),
Alenix 5 Tablet,Treatment of Allergic conditions,
Arigaba NT 100 Tablet,Treatment of Neuropathic pain,
Adilin 40mg Tablet SR,Treatment of Premature LaborTreatment of Peripheral vascular disease,
Amlopres 10 Tablet,Treatment of Hypertension (high blood pressure)Prevention of Angina (heart-related chest pain),
Aplevant 0.75mg Pre-filled Pen,Treatment of Type 2 diabetes mellitus,
Arzu 10 Tablet, Schizophrenia Mania,
Acemyoset P Tablet, Muscle pain,
Alcinac MR Tablet,Treatment of Muscular pain,
Abpress Eye Drop,Treatment of Ocular hypertensionTreatment of Glaucoma,
Acnewar Plus Gel,Treatment of Acne,
Altacef 250mg Tablet,Treatment of Bacterial infections,
Azee 100mg Tablet DT,Treatment of Bacterial infections,
Amdepin 5 Tablet,Treatment of Hypertension (high blood pressure)Prevention of Angina (heart-related chest pain),
Auxisoda Tablet,Treatment of Indigestion,
Asolt-AT Tablet,Treatment of Muscular pain,
Averzine 25mg Tablet,Treatment of AnxietyTreatment of Skin conditions with inflammation & itching,
Amonext Cream, Fungal nail infections,
Amnurite  25 Tablet SR, Neuropathic pain,
Aceloflam Plus Tablet, Pain relief,
Afogatran 110 Capsule,Treatment and prevention of Blood clots,
Atrest 12.5 Tablet,Treatment of chorea (a movement disorder) associated with Huntington's disease,
Amlodac CH Tablet, Hypertension (high blood pressure),
Arkapres 100 Tablet,Treatment of Hypertension (high blood pressure),
Acnewar Gel, Acne,
Atorsave CV 10 Capsule, Heart attack prevention and high cholesterol,
Atorec 10 Tablet, High cholesterolPrevention of Heart attack,
Azee XL 100mg Dry Syrup Peppermint,Treatment of Bacterial infections,
Advent 1.2gm  Injection,Treatment of Bacterial infections,
Adine-Plus Tablet, Pain relief,
Arigaba NT Tablet,Treatment of Neuropathic pain,
Apraize 20 Tablet, Plaque psoriasis,
Arbitel-AMH Tablet, Hypertension (high blood pressure),
Acemiz 200 SR Tablet, Pain relief,
Amisant 200 Tablet, Schizophrenia,
Arvast F 10 Tablet,Treatment of High cholesterolPrevention of Heart attack,
Abmac Tablet, Asthma,
Acendol-R Capsule SR, Pain relief,
Asar 40 Tablet, Hypertension (high blood pressure) Heart failure Prevention of heart attack and stroke,
Acutret 30 Capsule,Treatment of Acne,
Azimax 250 Tablet,Treatment of Bacterial infections,
Amlosafe H Tablet, Hypertension (high blood pressure),
Acera-L Capsule SR,Treatment of Gastroesophageal reflux disease (Acid reflux)Treatment of Intestinal ulcersTreatment of Irritable bowel syndrome,
Anaflam XP 100mg/325mg Tablet, Pain relief,
Amluck Cream, Fungal nail infections,
Amlogard 10mg Tablet,Treatment of Hypertension (high blood pressure)Prevention of Angina (heart-related chest pain),
Azithral KidTab,Treatment of Bacterial infections,
Atorec-F Tablet,Treatment of High cholesterolPrevention of Heart attack,
Amlovas-L Tablet, Hypertension (high blood pressure),
Acnex 20 Capsule,Treatment of Acne,
Amlogard 2.5mg Tablet,Treatment of Hypertension (high blood pressure)Prevention of Angina (heart-related chest pain),
Amlopin-M 5mg/25mg Tablet,Treatment of Hypertension (high blood pressure),
Aquaray Eye Drop,Treatment of Dry eyes,
Amazeo 50 Tablet, Schizophrenia,
Atorsave F Tablet,Treatment of High cholesterolPrevention of Heart attack,
Atorsave D 10 Tablet, High cholesterol,
Asert D Tablet ER, Bacterial infections,
Amazeo 100 Tablet, Schizophrenia,
Alcarex KT Eye Drop,Treatment of Allergic conjunctivitis,
Amiwel 10 Tablet,Treatment of Depression Neuropathic painTreatment of Migraine,
Arifine 5mg Tablet, Schizophrenia Mania,
Aztric 40 Tablet, Hypertension (high blood pressure) Heart failure Prevention of heart attack and stroke,
Aretha Tablet, Prevention of organ rejection in transplant patientsTreatment of Rheumatoid arthritis,
Ace Revelol 50/5 Tablet ER, Hypertension (high blood pressure),
Azulix 4 MF Forte Tablet PR,Treatment of Type 2 diabetes mellitus,
Apxenta 30mg Tablet, Plaque psoriasis,
Amodep-TMH Tablet, Hypertension (high blood pressure),
Acipsor 25mg Capsule, Psoriasis,
Aceloflam XP 100 mg/325 mg Tablet, Pain relief,
Azobril Cream,Treatment of Acne,
Ampoxin 1gm Injection,Treatment of Bacterial infections,
Angizaar 50 Tablet,Treatment of Hypertension (high blood pressure)Treatment of Heart failure Prevention of heart attack and stroke,
Ambrolite 30 Tablet,Treatment of Respiratory tract disorders associated with viscid mucus,
Aristogyl-F Oral Suspension, Diarrhea Dysentery,
Aristogyl-F Oral Suspension, Diarrhea Dysentery,
Azom 1gm Injection, Severe bacterial infections,
Abitol Tablet,Treatment of Allergic conditions Appetite stimulant,
Alerid Syrup,Treatment of Allergic conditions,
Aqualube Liquigel,Treatment of Dry eyes,
Aditop C Gel,Treatment of Acne,
Amnurite Beta 5/20 ER Tablet, Migraine,
Amigold 100 Tablet, Schizophrenia,
Abvida 50mg Tablet,Treatment of Type 2 diabetes mellitus,
Aclind BP 5% Gel, Acne,
Axinerve-NP Tablet,Treatment of Neuropathic pain,
Aquanac Eye Drop,Treatment of Dry eyes,
Amigold 50 Tablet, Schizophrenia,
Augxetil CV 500 Tablet,Treatment of Bacterial infections,
Addwet Gel Eye Drop,Treatment of Dry eyes,
Adnurve SR Tablet,Treatment of Neuropathic pain,
Aspisol 150 Tablet, Prevention of heart attack and stroke,
Amicon 25mg Tablet,Treatment of Depression Neuropathic painTreatment of Migraine,
Amipride 100 Tablet, Schizophrenia,
Amlopin 2.5 Tablet,Treatment of Hypertension (high blood pressure)Prevention of Angina (heart-related chest pain),
Arflur CR  Tablet, Pain relief,
Akynzeo 300mg/0.5mg Capsule, Nausea and vomiting due to chemotherapy,
Amlosafe TM 80 Tablet,Treatment of Hypertension (high blood pressure),
Almotan 12.5 Tablet,Treatment of Acute migraine headache,
Angicam-M Tablet PR,Treatment of Hypertension (high blood pressure),
ATM XL 100mg/5ml Syrup,Treatment of Bacterial infections,
Ampoxin 500mg Injection,Treatment of Bacterial infections,
Azobril Forte 20% Cream,Treatment of Acne,
Amnurite P 10mg/75mg Tablet, Neuropathic pain,
Amrolmac Cream, Fungal nail infections,
Act Nvp Tablet,Treatment of Nausea and vomiting in pregnancy,
Azulix 0.5 MF Tablet PR,Treatment of Type 2 diabetes mellitus,
Amoron Cream,Treatment of Fungal infections,
Aminogen Eye Drop, Bacterial eye infections,
Arreno Capsule ER, Blood clots,
Arip MT 20 Tablet, Schizophrenia Mania,
Asomex-TM 5 Tablet,Treatment of Hypertension (high blood pressure),
Acenac SP 100mg/325mg/15mg Tablet, Pain relief,
Aciban 40 Tablet,Treatment of HeartburnTreatment of Gastroesophageal reflux disease (Acid reflux)Treatment of Peptic ulcer diseaseTreatment of Zollinger-Ellison syndrome,
Atorlip Gold 10 Capsule,Prevention of Heart attack,
Arip MT 10 Tablet, Schizophrenia Mania,
Amrox-LS Syrup,Treatment of Cough with mucus,
Alex P Paed Drop,Treatment of Common cold,
Altoran 40 Tablet, Hypertension (high blood pressure) Heart failure Prevention of heart attack and stroke,
Admol Junior 125mg Tablet, Pain reliefTreatment of Fever,
Atorsave 40 Tablet, High cholesterolPrevention of Heart attack,
Alday Duo 5mg/10mg Tablet,Treatment of Sneezing and runny nose due to allergiesTreatment of Hay feverTreatment of Allergic skin conditions,
Asomex-LT Tablet, Hypertension (high blood pressure),
Aziwin 500 Tablet,Treatment of Bacterial infections,
Atecard D Tablet, Hypertension (high blood pressure),
Aerotrop-F Inhaler, Chronic obstructive pulmonary disease (COPD),
Althrocin Kid 125mg Tablet,Treatment of PertussisTreatment of DiphtheriaTreatment of Bacterial infections,
Azee 500 Tablet,Treatment of Bacterial infections,
Allerde 5mg Tablet,Treatment of Allergic conditions,
Adapero Gel, Acne,
Alsartan-H Tablet,Treatment of Hypertension (high blood pressure),
Alizap 30mg Tablet, Plaque psoriasis,
Angizaar-H Tablet,Treatment of Hypertension (high blood pressure),
Alfugress-D  Tablet SR,Treatment of Benign prostatic hyperplasia,
Aprenext 30mg Tablet, Plaque psoriasis,
Azimax 200 Dry Syrup,Treatment of Bacterial infections,
Amlace Tablet, Hypertension (high blood pressure),
Acutrol 400 Tablet, High phosphate levels in blood,
Azax 200 Suspension,Treatment of Bacterial infections,
Amloz AT 25 Tablet,Treatment of Hypertension (high blood pressure),
Azuvas 10 Tablet,Treatment of High cholesterol Prevention of heart attack and stroke,
Amicet Syrup, Cough,
Acecloren P  Tablet 100mg/325mg, Pain relief,
Alkepin Odt 50mg Tablet, Schizophrenia,
Astin 10 Tablet, High cholesterolPrevention of Heart attack,
Algina 650 Tablet, Pain reliefTreatment of Fever,
Arvast 40 Tablet,Treatment of High cholesterol Prevention of heart attack and stroke,
Allrite Tablet,Treatment of Allergic conditions,
Amrolstar Cream, Fungal nail infections,
Acimol 200mg Tablet SR, Pain relief,
Alerchek Ophthalmic Solution,Treatment of Allergic conditions,
Arvast 5 Tablet,Treatment of High cholesterol Prevention of heart attack and stroke,
Augpen LB 1G Bid Tablet, Bacterial infections,
Amazeo OD 200 Tablet SR, Schizophrenia,
Alrista Forte Tablet, Diabetic nerve pain,
Amigaba 300 mg/10 mg Tablet, Neuropathic pain,
Amtas-E Tablet, Hypertension (high blood pressure),
Amlosafe-LS 5/5 Tablet, Hypertension (high blood pressure),
Arpizol 20 Tablet, Schizophrenia Mania,
Akostol Tablet,Treatment of Functional dyspepsia,
Acnay Gel,Treatment of Acne,
Airtec SF 250 Instacap, Chronic obstructive pulmonary disease (COPD),
Asar-CT 40/12.5 Tablet, Hypertension (high blood pressure),
Amucoe Nac Tablet,Treatment of Chronic obstructive pulmonary disease (COPD),
Arifine 10mg Tablet, Schizophrenia Mania,
Amrobrut Cream,Treatment of Fungal infections,
Alpicno 5mg/5ml Syrup,Treatment of Constipation,
Alphadol 0.5mcg Soft Gelatin Capsule,Treatment of Vitamin D deficiency,
Amfocin Cream, Fungal nail infections,
Ampoxin-CV Forte Dry Syrup,Treatment of Resistant Tuberculosis (TB)Treatment of Bacterial infections,
Anxiset 1 Tablet, Schizophrenia Depression Bipolar disorder,
A-CN Gel,Treatment of Acne,
Azilide -XL Redimed,Treatment of Bacterial infections,
A Doxid 100mg Capsule,Treatment of Bacterial infectionsTreatment of Acne,
Atocor 5 Tablet, High cholesterolPrevention of Heart attack,
Alcid Tablet, Acidity Stomach ulcers Bloating,
Amortive Cream, Fungal nail infections,
Azerva 10 Tablet, High cholesterolPrevention of Heart attack,
Atormac 40 Tablet, High cholesterolPrevention of Heart attack,
Adlene 0.1% Gel, Acne,
Aldopam 500mg Injection, Organophosphate poisoning,
Azulix 3 Tablet,Treatment of Type 2 diabetes mellitus,
Azulix MV 1mg/500mg/0.3mg Tablet SR,Treatment of Type 2 diabetes mellitus,
Aloja 12.5 Tablet,Treatment of Type 2 diabetes mellitus,
Amlovas-M 2.5/25 Tablet PR,Treatment of Hypertension (high blood pressure),
Abrozac 100mg/600mg Tablet,Treatment of Chronic obstructive pulmonary disease (COPD),
Algest SR 300 Tablet, Hormone replacement therapyTreatment of Female infertility,
Arimidex 1mg Tablet, Breast cancer,
Afogatran 150 Capsule,Treatment and prevention of Blood clots,
Aziwok 600 Tablet,Treatment of Bacterial infections,
Atorsave 20 Tablet, High cholesterolPrevention of Heart attack,
AF-K Lotion,Treatment of Fungal skin infectionsTreatment of Dandruff,
Amrosys Cream, Fungal nail infections,
Arip MT 15 Tablet, Schizophrenia Mania,
Alcoxia-MR Tablet,Treatment of Pain due to muscle spasm,
Abel-CT 40mg/12.5mg Tablet, Hypertension (high blood pressure),
Angizaar 25 Tablet,Treatment of Hypertension (high blood pressure)Treatment of Heart failure Prevention of heart attack and stroke,
Anoscha Forte Tablet, Osteoarthritis,
Aquaray Gel,Treatment of Dry eyes,
Alsartan AM Tablet, Hypertension (high blood pressure),
Ascovent 100mg Capsule,Treatment of AsthmaTreatment of BronchitisTreatment of Chronic obstructive pulmonary disease (COPD),
Afenak Plus S 100mg/325mg/10mg Tablet, Pain relief,
Adapure Gel, Acne,
Amisant 100 Tablet, Schizophrenia,
Amcard 2.5 Tablet,Treatment of Hypertension (high blood pressure)Prevention of Angina (heart-related chest pain),
Atorec CV 10 Capsule, Heart attack prevention and high cholesterol,
Atorfen 10 Tablet,Treatment of High cholesterolPrevention of Heart attack,
Aroxyl Syrup,Treatment of Cough with mucus,
Angicam LT 50 mg/5 mg Tablet, Hypertension (high blood pressure),
Alsartan 50 Tablet,Treatment of Hypertension (high blood pressure)Treatment of Heart failure Prevention of heart attack and stroke,
Amtas HT Tablet, Hypertension (high blood pressure),
Acnovate-Trio Gel, Acne,
Asomex-AT 5 Tablet, Hypertension (high blood pressure),
AC Para 100mg/325mg Tablet, Pain relief,
Asomex-D 5 Tablet, Hypertension (high blood pressure),
A-Ret 0.5% Cream,Treatment of Acne Acute promyelocytic leukaemia,
Arbitel 80 Tablet,Treatment of Hypertension (high blood pressure) Prevention of heart attack and strokeTreatment of Heart failure,
Astin 40 Tablet, High cholesterolPrevention of Heart attack,
Androanagen Solution, Hair loss,
Avessa 250 Inhaler,Treatment of Chronic obstructive pulmonary disease (COPD),
Adbrom Free Eye Drop, Post-operative eye pain and inflammation,
Ambilon 50mg Injection,Treatment of Severe fungal infectionsTreatment of Leishmaniasis.,
Azulix 4 Tablet,Treatment of Type 2 diabetes mellitus,
Arflur-MR Tablet,Treatment of Muscular pain,
Aclind Gel,Treatment of Bacterial infections,
Atorlip 80 Tablet, High cholesterolPrevention of Heart attack,
Arvast CV 10 Capsule, Heart attack prevention and high cholesterol,
Ansuper-Plus Capsule SR,Treatment of Gastroesophageal reflux disease (Acid reflux)Treatment of Intestinal ulcersTreatment of Irritable bowel syndrome,
Angiwell 6.4mg Tablet,Treatment of Angina (heart-related chest pain),
Acnilite Gel,Treatment of Acne,
Aten-H 12.5 Tablet, Hypertension (high blood pressure),
Aziclass 200mg Syrup,Treatment of Bacterial infections,
Am-Exidil 5 Topical Solution, Hair loss,
Alocet 5mg Tablet,Treatment of Allergic conditions,
Azep Nasal Spray,Treatment of Sneezing and runny nose due to allergies,
Alciflox 250mg Tablet,Treatment of Bacterial infections,
Alorti-M Tablet, Sneezing and runny nose due to allergies,
Aciban DSR Capsule,Treatment of Gastroesophageal reflux disease (Acid reflux)Treatment of Peptic ulcer disease,
Amazeo OD 400 Tablet, Schizophrenia,
Argifizz 1500mg Tablet,Treatment of Nutritional deficiencies,
Arorab LS Capsule,Treatment of Gastroesophageal reflux disease (Acid reflux)Treatment of Intestinal ulcersTreatment of Irritable bowel syndrome,
Adp 5mg Tablet,Treatment of Hypertension (high blood pressure)Prevention of Angina (heart-related chest pain),
Abrophyll-DM Tablet, Asthma,
Axunil Nasal Spray,Treatment of Sneezing and runny nose due to allergies,
Amlopin 10 Tablet,Treatment of Hypertension (high blood pressure)Prevention of Angina (heart-related chest pain),
Asprito 20 Tablet, Schizophrenia Mania,
Actame 20mg Tablet,Treatment of Acne,
Atorsave Gold 20 Capsule,Prevention of Heart attack,
Alnacet M 5mg/10mg Tablet,Treatment of Sneezing and runny nose due to allergiesTreatment of Hay feverTreatment of Allergic skin conditions,
Afineday Tablet,Treatment of Sneezing and runny nose due to allergies,
Apexitra 200 Capsule,Treatment of Fungal infections,
Apexitra 200 Capsule,Treatment of Fungal infections,
Asthagrip DM Tablet, Asthma,
Ariday 2.5 Tablet, Schizophrenia Mania,
Aldryl Soft Gelatin Capsule,Treatment of Nasal allergy symptomsTreatment and prevention of Motion sicknessTreatment of Insomnia,
Asprito 15 Tablet, Schizophrenia Mania,
Azitus XL 100 Suspension,Treatment of Bacterial infections,
Arvast-CF Capsule DR,Treatment of High cholesterolPrevention of Heart attack,
Amoreal Cream, Fungal nail infections,
Actiblok IPR 25 Tablet,Treatment of Hypertension (high blood pressure)Treatment of Angina (heart-related chest pain)Treatment of ArrhythmiaPrevention of Heart attackPrevention of Migraine,
Azildac 80 Tablet, Hypertension (high blood pressure) Heart failure Prevention of heart attack and stroke,
Altraflam-P Tablet, Pain relief,
Avonza Tablet,Treatment of HIV infection,
Atorec EZ Tablet, High cholesterol,
Avas-EZ Tablet, High cholesterol,
Abel 80 Tablet, Hypertension (high blood pressure) Heart failure Prevention of heart attack and stroke,
Alcipro 2mg/ml Infusion,Treatment of Bacterial infections,
Aristogyl-F Tablet, Infectious diarrhea,
Artiflo 2 Tablet,Treatment and prevention of Blood clots,
Advog 0.3 Tablet,Treatment of Type 2 diabetes mellitus,
Asmita Tablet, Contraception,
Atorsave 80 Tablet, High cholesterolPrevention of Heart attack,
Azilura 40 Tablet, Hypertension (high blood pressure) Heart failure Prevention of heart attack and stroke,
Alfa GPC Pastilles, Nutritional deficiencies,
Altonil Tablet MD,Treatment of InsomniaTreatment of Jet lag,
Arbitel-80 AM Tablet,Treatment of Hypertension (high blood pressure),
Anthocyn-TX Cream, Melasma,
Amide 100 Tablet, Schizophrenia,
Amigold 200 Tablet, Schizophrenia,
Amortas Cream,Treatment of Fungal infections,
Atorlip 5 Tablet, High cholesterolPrevention of Heart attack,
Atorsave D 20 Tablet, High cholesterol,
Altispor 200 Capsule,Treatment of Fungal infections,
Albekem 400mg Tablet,Treatment of Parasitic infections,
Amazeo 200 Tablet, Schizophrenia,
Atecard 50 Tablet,Treatment of Hypertension (high blood pressure)Treatment of Angina (heart-related chest pain)Treatment of ArrhythmiaPrevention of Heart attack,
Amcrylate Bio-Adhesive, Closure of surgical incisions,
Adoclear HQ Cream, Melasma,
Adilan 10 Tablet,Treatment of Premature LaborTreatment of Peripheral vascular disease,
Amitone 75mg Tablet,Treatment of Depression Neuropathic painTreatment of Migraine,
Amide 50mg Tablet, Schizophrenia,
Angicam 2.5mg Tablet,Treatment of Hypertension (high blood pressure)Prevention of Angina (heart-related chest pain),
Acnesol CL Gel,Treatment of Bacterial infections,
Aflox Eye Drop, Bacterial eye infectionsTreatment of Bacterial infections,
Anbid 500 Tablet,Treatment of Bacterial infections,
Artilage  Tablet, Osteoarthritis,
Abzorb Syndet Bar,Treatment of Fungal skin infections,
Aumento Injection,Treatment of Post menopausal osteoporosis,
Amdepin 2.5 Tablet,Treatment of Hypertension (high blood pressure)Prevention of Angina (heart-related chest pain),
Amlokem AT 5 mg/50 mg Tablet,Treatment of Hypertension (high blood pressure),
Aeocal Max Softgel Capsule, Nutritional deficiencies,
Amnac Opthalmic Suspension,Treatment of Post-operative eye pain and inflammation,
Alinfec 500mg Injection, Bacterial infections,
Alphadol 1mcg Soft Gelatin Capsule,Treatment of Vitamin D deficiency,
Angizem DP 90 Capsule MR,Treatment of Hypertension (high blood pressure)Treatment of Angina (heart-related chest pain)Treatment of Arrhythmia,
Amcard-LP Tablet, Hypertension (high blood pressure),
Aztric CT 12.5 Tablet, Hypertension (high blood pressure),
AA 5 Tablet,Treatment of Allergic conditions,
Arvast F 5 Tablet,Treatment of High cholesterolPrevention of Heart attack,
Arophyll-SR 200 Tablet,Treatment of AsthmaTreatment of BronchitisTreatment of Chronic obstructive pulmonary disease (COPD),
Atpark 25 Tablet,Treatment of Hypertension (high blood pressure)Treatment of Angina (heart-related chest pain)Treatment of ArrhythmiaPrevention of Heart attack,
Axunil Nasal Spray,Treatment of Sneezing and runny nose due to allergies,
Aerotrop Inhalation,Treatment of Chronic obstructive pulmonary disease (COPD),
Af-ter Lotion, Fungal skin infections,
Allyzole Shampoo,Treatment of Dandruff,
Atpark 50 Tablet,Treatment of Hypertension (high blood pressure)Treatment of Angina (heart-related chest pain)Treatment of ArrhythmiaPrevention of Heart attack,
Atorsave CV 20 Capsule, Heart attack prevention and high cholesterol,
Ark 100mg Tablet SR, Pain relief,
Alkepin Odt 200 Tablet, Schizophrenia,
Alz Plus  Tablet,Treatment of Sneezing and runny nose due to allergiesTreatment of Hay feverTreatment of Allergic skin conditions,
Atenex 25mg Tablet,Treatment of Hypertension (high blood pressure)Treatment of Angina (heart-related chest pain)Treatment of ArrhythmiaPrevention of Heart attack,
Angicam-H 5mg/12.5mg Tablet, Hypertension (high blood pressure),
Allerfex 120mg Tablet,Treatment of Sneezing and runny nose due to allergiesTreatment of Allergic conditions,
Acelera-P Tablet, Pain relief,
Amluck Cream, Fungal nail infections,
Athzol-DSR Capsule,Treatment of Gastroesophageal reflux disease (Acid reflux)Treatment of Peptic ulcer disease,
Admont-LC Tablet,Treatment of Sneezing and runny nose due to allergiesTreatment of Hay feverTreatment of Allergic skin conditions,
Advacan 0.25mg Tablet, Prevention of organ rejection in transplant patientsTreatment of Breast cancerTreatment of Pancreatic cancerTreatment of Lung cancerTreatment of Kidney cancer,
Aztric 80 Tablet, Hypertension (high blood pressure) Heart failure Prevention of heart attack and stroke,
Arophyll-M Tablet SR,Treatment and prevention of Chronic obstructive pulmonary disease (COPD)Treatment of Sneezing and runny nose due to allergies,
Alersin-Total Tablet SR,Treatment of Respiratory tract disorders associated with viscid mucus,
Afitra 200 Capsule,Treatment of Fungal infections,
Atornet F 10mg/145mg Tablet,Treatment of High cholesterolPrevention of Heart attack,
Ark 75mg Tablet, Pain relief,
Acmeglim-MV 2 Tablet SR,Treatment of Type 2 diabetes mellitus,
Altapan-DSR Capsule,Treatment of Gastroesophageal reflux disease (Acid reflux)Treatment of Peptic ulcer disease,
Alatro Tablet, Asthma,
Alfakim 500mg Injection, Bacterial infections,
Arixib 90 Tablet, Pain relief,
Azivent-XL 100mg Rediuse Oral Suspension,Treatment of Bacterial infections,
Atorin 20 Tablet, High cholesterolPrevention of Heart attack,
Amlobet Tablet,Treatment of Hypertension (high blood pressure),
Albutas 20% Injection, Short term fluid replacement after trauma,
Arip MT 20 Tablet, Schizophrenia Mania,
Arvast 15 Tablet,Treatment of High cholesterol Prevention of heart attack and stroke,
Amide 200mg Tablet, Schizophrenia,
Altoran 80 Tablet, Hypertension (high blood pressure) Heart failure Prevention of heart attack and stroke,
Acenac-N Tablet PR,Treatment of Neuropathic pain,
Azukon Tablet,Treatment of Type 2 diabetes mellitus,
Accare Gel,Treatment of Acne,
Advog 0.2 Tablet,Treatment of Type 2 diabetes mellitus,
Advog M 0.3 Plus Tablet,Treatment of Type 2 diabetes mellitus,
Acelera-TH Tablet,Treatment of Pain due to muscle spasm,
Arvast 30 Tablet,Treatment of High cholesterol Prevention of heart attack and stroke,
Anti Druf Lotion,Treatment of Fungal skin infectionsTreatment of Dandruff,
Asomex-OH Tablet, Hypertension (high blood pressure),
Atorica F Tablet,Treatment of High cholesterolPrevention of Heart attack,
Azimax 500 Tablet,Treatment of Bacterial infections,
AGA Lotion,Treatment of Hair loss,
Adclin Gel,Treatment of Acne,
Arbazeal-ES 40 Tablet, Hypertension (high blood pressure) Heart failure Prevention of heart attack and stroke,
Arthocerin-A Tablet, Arthralgia (joint pain),
Amocop Cream,Treatment of Fungal infections,
Abvida-M 50mg/1000mg Eazy Glide Tablet,Treatment of Type 2 diabetes mellitus,
Azmet-VG 1 Tablet SR,Treatment of Type 2 diabetes mellitus,
Alphadopa L Tablet, Hypertension (high blood pressure) Angina (heart-related chest pain) Prevention of heart attack and stroke,
Apxenta 10 Tablet, Plaque psoriasis,
Alphadopa 500 Tablet, Hypertension (high blood pressure),
Amdepin-AT Tablet,Treatment of Hypertension (high blood pressure),
Anort 30 Tablet,Treatment of Inflammatory conditionsTreatment of Autoimmune conditionsTreatment of Cancer,
Aceclan-TH Tablet,Treatment of Pain due to muscle spasm,
Asmygaba-NT Tablet,Treatment of Neuropathic pain,
Amazeo 300 Tablet, Schizophrenia,
Ancer LM Syrup,Treatment of Sneezing and runny nose due to allergiesTreatment of Hay feverTreatment of Allergic skin conditions,
Amcard 10 Tablet,Treatment of Hypertension (high blood pressure)Prevention of Angina (heart-related chest pain),
Asprito 30 Tablet, Schizophrenia Mania,
Angiotec Tablet ER,Treatment of Angina (heart-related chest pain),
Albavir Tablet, HIV infection,
Airtec SF 500 Instacap, Chronic obstructive pulmonary disease (COPD),
Acneclin Gel,Treatment of Bacterial infections,
Antab Tablet,Treatment of Overactive bladder (OAB) symptoms,
Apriglim-MV 103 Tablet SR,Treatment of Type 2 diabetes mellitus,
Atol AM Tablet,Treatment of Hypertension (high blood pressure),
Acuclav 1000mg Tablet,Treatment of Bacterial infections,
Agiclob NM Cream,Treatment of Skin infections,
Acrobenz A Gel, Acne,
Acmerose-F Tablet,Treatment of High cholesterolPrevention of Heart attack,
Acvaketo Soap, Fungal skin infections,
Atazor-R 300mg/100mg Tablet, HIV infection,
Acmetel 40 Tablet,Treatment of Hypertension (high blood pressure) Prevention of heart attack and strokeTreatment of Heart failure,
Amfy Gel, Fungal skin infections,
Airkast-FX Tablet,Treatment of Sneezing and runny nose due to allergies,
Amchek 5 Tablet,Treatment of Hypertension (high blood pressure)Prevention of Angina (heart-related chest pain),
Acnecap Gel,Treatment of Bacterial infections,
Azam 200 Oral Suspension,Treatment of Bacterial infections,
Ankon 90 Tablet, Pain relief,
Accept-XL Tablet, Arthralgia (joint pain),
Averzine 25mg Syrup,Treatment of AnxietyTreatment of Skin conditions with inflammation & itching,
Acv-LB Tablet,Treatment of Bacterial infections,
Acnetreat 0.05% Cream,Treatment of Acne Acute promyelocytic leukaemia,
Acnox Soap, Skin infections,
Amchek-AT Tablet,Treatment of Hypertension (high blood pressure),
Atlura 80 Tablet, Schizophrenia,
Adglim MP 2mg/500mg/15mg Tablet,Treatment of Type 2 diabetes mellitus,
Alkel Liquid,Treatment of GoutTreatment of Kidney stone,
Arip MT 30 Tablet, Schizophrenia Mania,
Apriglim 2 Tablet,Treatment of Type 2 diabetes mellitus,
Amipace 200 Tablet,Treatment of Arrhythmia,
Aziquest 500mg Tablet,Treatment of Bacterial infections,
Asvoxia-P Tablet, Pain relief,
Amlokem M 5/50 Tablet,Treatment of Hypertension (high blood pressure),
Avigan 200mg Tablet,Treatment of Coronavirus disease (COVID-19),
Amortive Cream, Fungal nail infections,
Atenova 50mg Tablet,Treatment of Hypertension (high blood pressure)Treatment of Angina (heart-related chest pain)Treatment of ArrhythmiaPrevention of Heart attack,
Akubliss Tablet,Treatment of Allergic conditions,
Amyclox-LB-DS Capsule, Bacterial infections,
Amyclox-LB-DS Capsule, Bacterial infections,
Aripiren 10mg Tablet, Schizophrenia Mania,
Adhair 2% Solution, Hair loss,
Allermax Plus Tablet,Treatment of Sneezing and runny nose due to allergies,
Amigold 400mg Tablet, Schizophrenia,
Af-ter Cream, Fungal skin infections,
Acf 500 Tablet,Treatment of Bacterial infections,
Afitra 100 Capsule,Treatment of Fungal infections,
Amdepin 10 Tablet,Treatment of Hypertension (high blood pressure)Prevention of Angina (heart-related chest pain),
Adcox-P Tablet, Pain relief,
Azolbest-KT Shampoo,Treatment of Fungal infections,
Atret 0.05% Cream,Treatment of Acne Acute promyelocytic leukaemia,
Asenapt 10 Sublingual tablet, Schizophrenia Mania,
Albimol 650mg Tablet, Pain reliefTreatment of Fever,
Alecloz 180 Tablet,Treatment of Sneezing and runny nose due to allergiesTreatment of Allergic conditions,
Allyte Gel,Treatment of Bacterial infections,
Atecard-AM Tablet,Treatment of Hypertension (high blood pressure),
Afitra Cream,Treatment of Fungal skin infections,
Arthocerin-DG Tablet, Osteoarthritis,
Arthocerin-DG Tablet, Osteoarthritis,
Afitra-L Cream,Treatment of Fungal skin infections,
Actiflox T 4 Tablet,Treatment of Pain due to muscle spasm,
Ariphrenz 5mg Tablet, Schizophrenia Mania,
Angizaar AT Tablet, Hypertension (high blood pressure),
Avril AF Syrup,Treatment of Common cold,
Amphy IBL 1000 Tablet, Bacterial infections,
Almefkem 250mg Tablet, Pain relief,
Avicaine Oral Topical Solution, Local anesthesia (Numb tissues in a specific area),
Avicaine Oral Topical Solution, Local anesthesia (Numb tissues in a specific area),
Amvibast 20mg Tablet, Allergic conditions,
Alitra 100 Capsule,Treatment of Fungal infections,
All Klear Granules,Treatment of Constipation,
Anclazide-M Tablet,Treatment of Type 2 diabetes mellitus,
Amfocin Cream, Fungal nail infections,
Asmygaba-M Tablet,Treatment of Neuropathic pain,
Betnesol-N Eye/Ear Drops,Treatment of Bacterial eye / ear infections,
Betnesol Tablet,Treatment of Allergic conditions,
Budecort 0.5mg Respules 2ml, Asthma,
Benadryl Syrup,Treatment of Cough,
Bandy-Plus Chewable Tablet,Treatment of Worm infections,
Brufen 400 Tablet, Pain reliefTreatment of Fever,
Brilinta 90mg Tablet, Prevention of heart attack and stroke,
Bilypsa Tablet,Treatment of Noncirrhotic Non-Alcoholic SteatohepatitisTreatment of Non-alcoholic fatty liver diseaseTreatment of Diabetic dyslipidemia (high cholesterol in diabetes),
Betadine 10% Solution,Treatment and prevention of Wound infection,
Betnovate Cream,Treatment of Allergic skin conditionsTreatment of Allergic conditions,
Betnovate-GM Cream,Treatment of Skin infections,
Betacap TR 40 Capsule,Treatment of PheochromocytomaTreatment of Hypertension (high blood pressure) Prevention of migraineTreatment of AnxietyTreatment of ArrhythmiaPrevention of Heart attackPrevention of Angina (heart-related chest pain)Treatment of Tremors,
Bandy-Plus Suspension,Treatment of Worm infections,
Bactrim DS Tablet,Treatment of Bacterial infections,
Baclof 10 Tablet, Muscle relaxation,
Betadine 10% Ointment,Treatment and prevention of Wound infection,
Betadine 2% Gargle Mint,Treatment of Mouth infectionTreatment of Sore throatTreatment of Dry mouthTreatment and prevention of Wound infection,
Bandy Suspension,Treatment of Parasitic infections,
Brozeet-LS Syrup,Treatment of Cough with mucus,
Brutaflam-MR 4 Tablet,Treatment of Pain due to muscle spasm,
Bilasure 20 Tablet,Treatment of Allergic conditions,
Brevipil 50 Tablet, Epilepsy/Seizures,
Broclear Tablet,Treatment of Chronic obstructive pulmonary disease (COPD),
Bilazest 20mg Tablet,Treatment of Allergic conditions,
Budecort 200 Inhaler, Asthma,
Budamate 200 Transhaler,Treatment of Chronic obstructive pulmonary disease (COPD),
Betnesol Oral Drops,Treatment of Allergic conditions,
Betaloc 25mg Tablet,Treatment of Hypertension (high blood pressure)Treatment of Angina (heart-related chest pain)Treatment of ArrhythmiaPrevention of Heart attackPrevention of Migraine,
Betadine Powder,Treatment and prevention of Wound infection,
Benalgis Tablet,Treatment of Nutritional deficiencies,
Benadryl DR Syrup, Dry cough,
Burnheal Cream,Treatment of Burns,
Betacap TR 20 Capsule,Treatment of PheochromocytomaTreatment of Hypertension (high blood pressure) Prevention of migraineTreatment of AnxietyTreatment of ArrhythmiaPrevention of Heart attackPrevention of Angina (heart-related chest pain)Treatment of Tremors,
Bonista Cartridge, Osteoporosis,
Bilashine Tablet,Treatment of Allergic conditions,
Betacap Plus 10 Capsule SR,Prevention of Migraine,
Boostrix Vaccine, Tetanus Diphtheria Pertussis,
Bisoheart 2.5 Tablet,Treatment of Hypertension (high blood pressure)Treatment of Angina (heart-related chest pain)Treatment of ArrhythmiaPrevention of Heart attackPrevention of Migraine,
Bupron XL 150 Tablet, Depression Smoking addiction,
Basalog 100IU/ml Injection, Diabetes,
Betadine 2% Gargle Mint,Treatment of Mouth infectionTreatment of Sore throatTreatment of Dry mouthTreatment and prevention of Wound infection,
Bactoclav 625 Tablet,Treatment of Bacterial infections,
Bilagra M 20mg/10mg Tablet,Treatment of Allergic conditions,
Betavert 16 Tablet,Treatment of Meniere's disease,
Brutaflam 90mg Tablet, Pain relief,
Betacap 20 Tablet,Treatment of PheochromocytomaTreatment of Hypertension (high blood pressure) Prevention of migraineTreatment of AnxietyTreatment of ArrhythmiaPrevention of Heart attackPrevention of Angina (heart-related chest pain)Treatment of Tremors,
Budamate 400 Transcaps,Treatment of Chronic obstructive pulmonary disease (COPD),
Benzonix Gel Wash,Treatment of Acne,
B Bact Ointment,Treatment of Bacterial skin infections,
Brufen 200 Tablet, Pain reliefTreatment of Fever,
Baralgan NU Tablet,Treatment of Abdominal pain,
Bharglob 16.5% Injection, Immunoglobulins deficiency,
Bilazest M Tablet,Treatment of Allergic conditions,
Brite Cream, Melasma,
Bisoheart 5mg Tablet,Treatment of Hypertension (high blood pressure)Treatment of Angina (heart-related chest pain)Treatment of ArrhythmiaPrevention of Heart attackPrevention of Migraine,
Buta Proxyvon Capsule, Pain relief,
Bandy-Plus 12 Chewable Tablet,Treatment of Worm infections,
Bendex 400 Tablet,Treatment of Parasitic infections,
Bonmax PTH 750mcg Solution for Injection, Osteoporosis,
Budamate 200 Transcaps,Treatment of Chronic obstructive pulmonary disease (COPD),
Betadine Vaginal Pessaries,Treatment and prevention of Wound infection,
Bupron SR 150 Tablet, Depression Smoking addiction,
Bro-Zedex LS Syrup, Chronic obstructive pulmonary disease (COPD),
Bactafuz Cream,Treatment of Bacterial skin infections Bacterial eye infections,
Bexol Tablet,Treatment of Parkinson's diseaseTreatment of Drug induced abnormal movements,
Betnovate-S Ointment, Eczema Psoriasis,
Beipos Eye Drop, Allergic eye disease,
Brutaflam-Plus Tablet, Pain relief,
Bilanix Tablet,Treatment of Allergic conditions,
Budez CR Capsule,Treatment of Ulcerative colitis,
Betheran 25mg Tablet,Treatment of Urinary retention,
Buscogast 20mg Injection,Treatment of Pain due to smooth muscle spasmTreatment of Irritable bowel syndrome,
Brufen 600 Tablet, Pain reliefTreatment of Fever,
Brimolol Eye Drop,Treatment of Ocular hypertensionTreatment of Glaucoma,
Budetrol 200 Inhaler,Treatment of Chronic obstructive pulmonary disease (COPD),
Benalgis Forte Soft Gelatin Capsule,Treatment of Neuropathic pain,
Budecort 100 Inhaler, Asthma,
Betaloc 50mg Tablet,Treatment of Hypertension (high blood pressure)Treatment of Angina (heart-related chest pain)Treatment of ArrhythmiaPrevention of Heart attackPrevention of Migraine,
Basugine 100IU/ml Injection, Diabetes,
Bromhexine Hydrochloride 8mg Tablet,Treatment of Respiratory tract disorders associated with viscid mucus,
Bacstol Tablet, Bacterial infections,
Babygesic Drops Orange, Pain reliefTreatment of Fever,
Bro-Zedex LS Kid Expectorant Raspberry,Treatment of Cough with mucus,
Bactrim Syrup,Treatment of Bacterial infections,
Betasalic Ointment, Eczema Psoriasis,
Basaglar 100 Units/ml Cartridge, Diabetes,
Bactomin 375 Tablet, Bacterial infections,
Bladmir 50mg Tablet,Treatment of Overactive bladder (OAB) symptoms,
Baclof OD 20 Tablet ER, Muscle relaxation,
Bilagra Tablet,Treatment of Allergic conditions,
Budecort 1mg Respules 2 ml, Asthma,
Bilazap Tablet,Treatment of Allergic conditions,
Biovac A Vaccine, Prevention of Hepatitis A infection,
Budamate 400 Transhaler,Treatment of Chronic obstructive pulmonary disease (COPD),
Bispec 5 Tablet,Treatment of Overactive bladder (OAB) symptoms,
Betadine 5% Ointment,Treatment and prevention of Wound infection,
Betacap 10 Tablet,Treatment of PheochromocytomaTreatment of Hypertension (high blood pressure) Prevention of migraineTreatment of AnxietyTreatment of ArrhythmiaPrevention of Heart attackPrevention of Angina (heart-related chest pain)Treatment of Tremors,
Betacap Plus 5 Capsule SR,Prevention of Migraine,
Benxop Face Wash,Treatment of Acne,
Bladmir 25 Tablet ER,Treatment of Overactive bladder (OAB) symptoms,
Basalog 100IU/ml Refill Cartridge, Diabetes,
Briviact 50mg Tablet, Epilepsy/Seizures,
Bigspas-P Tablet,Treatment of Abdominal pain,
Budamate Neb 0.5mg Respules 2ml,Treatment of Chronic obstructive pulmonary disease (COPD),
Budate Transpules, Asthma,
Biocof BR Syrup,Treatment of Cough with mucus,
Bigomet SR 500 Tablet,Treatment of Type 2 diabetes mellitus,
Bacstol 200 Tablet, Bacterial infections,
Bosentas 62.5 Tablet, Pulmonary arterial hypertension (PAH),
Betavert OD 24 Tablet CR,Treatment of Meniere's disease,
Bidin T  Eye Drop,Treatment of Ocular hypertensionTreatment of Glaucoma,
Brozeet-LS Drops,Acute Sore throatTreatment of Cough with mucus,
Betavert 24 Tablet,Treatment of Meniere's disease,
Bromhexine Elixir,Treatment of Respiratory tract disorders associated with viscid mucus,
Byloza Tablet,Treatment of Allergic conditions,
Brimocom Eye Drop,Treatment of Ocular hypertensionTreatment of Glaucoma,
Bidin LS Eye Drop, Ocular hypertension Glaucoma,
Bactoclav DS 457 Dry Syrup,Treatment of Resistant Tuberculosis (TB)Treatment of Bacterial infections,
Bisotab 2.5 Tablet,Treatment of Hypertension (high blood pressure)Treatment of Angina (heart-related chest pain)Treatment of ArrhythmiaPrevention of Heart attackPrevention of Migraine,
Betagel,Treatment of Allergic skin conditionsTreatment of Allergic conditions,
Brinzox Ophthalmic Suspension, Glaucoma Ocular hypertension,
Bandrone 150 Tablet,Treatment and prevention of postmenopausal Osteoporosis,
Bexol DT Tablet,Treatment of Parkinson's diseaseTreatment of Drug induced abnormal movements,
Brilinta 90mg Tablet, Prevention of heart attack and stroke,
Brigrel Tablet, Prevention of heart attack and stroke,
Bilacad M Tablet,Treatment of Allergic conditions,
Bimat LS Eye Drop, Ocular hypertension Glaucoma,
Bactogard 200mg Tablet,Treatment of Bacterial infections,
Benadryl Syrup,Treatment of Cough,
Bilahist 20mg Tablet,Treatment of Allergic conditions,
Bactoclav Dry Syrup,Treatment of Resistance Tuberculosis (TB)Treatment of Bacterial infections,
Beltas Tablet,Treatment of Allergic conditions,
Bactomin 750 Tablet, Bacterial infections,
Betakind Gargle,Treatment of Mouth infectionTreatment of Sore throatTreatment of Dry mouthTreatment and prevention of Wound infection,
Budesal 1mg Respule 2ml, Chronic obstructive pulmonary disease (COPD),
Brimodin Eye Drop, Ocular hypertension Glaucoma,
Broncorex Expectorant,Treatment of Cough with mucus,
Basalog One 100IU/ml Injection, Diabetes,
Benadryl Syrup,Treatment of Cough,
Biosuganril 10 Tablet, Pain relief Swelling,
Bepodrops Ophthalmic Solution, Allergic eye disease,
Bendex 200mg Suspension,Treatment of Parasitic infections,
Budetrol 200 Rotacap,Treatment of Chronic obstructive pulmonary disease (COPD),
Brophyle-N Tablet,Treatment of Chronic obstructive pulmonary disease (COPD),
Bilambic 20mg Tablet,Treatment of Allergic conditions,
Benadryl DR Kids Syrup Mixed fruit flavour Alcohol Free, Dry cough,
Betadine 10% Solution,Treatment and prevention of Wound infection,
Bupron XL 300 Tablet, Depression Smoking addiction,
Brinzox-T Eye Drop, Ocular hypertension Glaucoma,
Bisgram Tablet, Peptic ulcer disease,
Budamate Neb 1mg Respules (2ml Each),Treatment of Chronic obstructive pulmonary disease (COPD),
Bravia-DSR Capsule,Treatment of Gastroesophageal reflux disease (Acid reflux)Treatment of Peptic ulcer disease,
Bigfun 36 Tablet,Treatment of Erectile dysfunction,
Bett Vaccine (Each 0.5ml),Prevention of Tetanus,
Bimat Eye Drop, Ocular hypertension Glaucoma,
Bilanta Tablet,Treatment of Allergic conditions,
Benadryl DR Syrup, Dry cough,
Budenase AQ Nasal Spray,Treatment of Sneezing and runny nose due to allergiesTreatment of Nasal polyps,
Betavert OD 48 Tablet CR,Treatment of Meniere's disease,
Bengel AC 2.5% Gel,Treatment of Acne,
Bromvue Eye Drops, Post-operative eye pain and inflammation,
Biselect 5 Tablet,Treatment of Hypertension (high blood pressure)Treatment of Angina (heart-related chest pain)Treatment of ArrhythmiaPrevention of Heart attackPrevention of Migraine,
Biopron Syrup, Appetite stimulant,
Bigfun Jelly Mint Cool,Treatment of Erectile dysfunction,
Breaze-L Tablet,Treatment of Sneezing and runny nose due to allergiesTreatment of Hay feverTreatment of Allergic skin conditions,
Bicef 500 DT Tablet,Treatment of Bacterial infections,
Betadine 5% Ointment,Treatment and prevention of Wound infection,
Biofil-AB Particles,Treatment of Bacterial skin infections,
Bionect Ointment, Wound infection,
Budetrol 400 Inhaler,Treatment of Chronic obstructive pulmonary disease (COPD),
Basaglar 100IU/ml Kwikpen, Diabetes,
Bencid Tablet, Gout,
Broadiclox Novo 500 mg Capsule,Treatment of Bacterial infections,
Biorex DX Syrup,Treatment of Dry cough,
Biselect 2.5 Tablet,Treatment of Hypertension (high blood pressure)Treatment of Angina (heart-related chest pain)Treatment of ArrhythmiaPrevention of Heart attackPrevention of Migraine,
Berirab P Injection, Prevention of Rabies,
Bro-Zedex LS Drops,Acute Sore throatTreatment of Cough with mucus,
Biovorin 15 Tablet,Prevention of Harmful effects of methotrexate,
Biodoxi-LB Capsule,Treatment of Bacterial infections,
Beta-Nicardia Capsule SR, Hypertension (high blood pressure),
Brom 2.5mg Tablet, High levels of prolactin Female infertility Acromegaly,
Bacfen 10 Tablet, Muscle relaxation,
Bioclar 250mg Tablet,Treatment of Bacterial infections,
Betabrim Eye Drop,Treatment of Ocular hypertensionTreatment of Glaucoma,
Biospas Plus 10mg/250mg Tablet,Treatment of Menstrual painTreatment of Abdominal cramp,
Bilazo Tablet,Treatment of Allergic conditions,
Biochemdryl Syrup, Cough,
Bilefix 300 Tablet,Treatment of Primary biliary cirrhosisTreatment of Gallbladder stones,
Baclof OD 30 Tablet ER, Muscle relaxation,
Betacap TR 80 Capsule,Treatment of PheochromocytomaTreatment of Hypertension (high blood pressure) Prevention of migraineTreatment of AnxietyTreatment of ArrhythmiaPrevention of Heart attackPrevention of Angina (heart-related chest pain)Treatment of Tremors,
Bigomet 500 Tablet,Treatment of Type 2 diabetes mellitus,
Betadine 7.5% Surgical Scrub,Treatment and prevention of Wound infection,
Blisto 2 MF Tablet PR,Treatment of Type 2 diabetes mellitus,
Budamate 100 Transhaler,Treatment of Chronic obstructive pulmonary disease (COPD),
Bdiff A Gel, Acne,
Budamate 100 Transcaps,Treatment of Chronic obstructive pulmonary disease (COPD),
Bilachek Syrup,Treatment of Allergic conditions,
Bromostar-T Eye Drop,Treatment of Ocular hypertensionTreatment of Glaucoma,
Brintop 5% Solution,Treatment of Hair loss,
Budate 200 Transhaler, Asthma,
Biopron 4mg Tablet,Treatment of Allergic conditions Appetite stimulant,
Brite Eye Drop,Treatment of Dry eyes,
Billargic M Tablet,Treatment of Allergic conditions,
B-Stil 16 Tablet,Treatment of Meniere's disease,
Betacard 25 Tablet,Treatment of Hypertension (high blood pressure)Treatment of Angina (heart-related chest pain)Treatment of ArrhythmiaPrevention of Heart attack,
Biopress AM Tablet,Treatment of Hypertension (high blood pressure),
Bilasure Oral Solution,Treatment of Allergic conditions,
Blumox 250mg Tablet DT,Treatment of Bacterial infections,
Bactogard-CV 200 Tablet,Treatment of Respiratory tract infection,
Betamine Forte Tablet,Treatment of Allergic conditions,
Bisosafe 2.5 Tablet,Treatment of Hypertension (high blood pressure)Treatment of Angina (heart-related chest pain)Treatment of ArrhythmiaPrevention of Heart attackPrevention of Migraine,
Biosore Gel, Local anesthesia (Numb tissues in a specific area),
Bepozal Tablet, Sneezing and runny nose due to allergies,
Bevac Adult Vaccine, Prevention of Hepatitis B infection,
Biotrexate 50mg Injection,Treatment of Cancer,
Bengreat 8 Tablet, Hypertension (high blood pressure)Prevention of Angina (heart-related chest pain),
Brintop Diva 5% Topical Solution,Treatment of Hair loss,
Brupal 300mg/325mg Tablet, Pain reliefTreatment of Fever,
Beta 50mg Tablet,Treatment of Hypertension (high blood pressure)Treatment of Angina (heart-related chest pain)Treatment of ArrhythmiaPrevention of Heart attack,
Betacap TR 60 Capsule,Treatment of PheochromocytomaTreatment of Hypertension (high blood pressure) Prevention of migraineTreatment of AnxietyTreatment of ArrhythmiaPrevention of Heart attackPrevention of Angina (heart-related chest pain)Treatment of Tremors,
Baclof 25 Tablet, Muscle relaxation,
Baga 100 Capsule,Treatment of Neuropathic painTreatment of Epilepsy/Seizures,
Bionesp 40 Injection,Treatment of Anemia due to chronic kidney diseaseTreatment of Anemia due to cancer chemotherapy,
Bisosafe 5 Tablet,Treatment of Hypertension (high blood pressure)Treatment of Angina (heart-related chest pain)Treatment of ArrhythmiaPrevention of Heart attackPrevention of Migraine,
Bacfen 5 Tablet, Muscle relaxation,
Beteala 20mg Tablet,Treatment of DepressionTreatment of Panic disorderTreatment of Obsessive-compulsive disorder,
Bignac P Tablet, Pain relief,
Buscogast 20mg Injection,Treatment of Pain due to smooth muscle spasmTreatment of Irritable bowel syndrome,
Brimotas T Eye Drop,Treatment of Ocular hypertensionTreatment of Glaucoma,
Bimat-T Eye Drops,Treatment of GlaucomaTreatment of Ocular hypertension,
Betabest XL 50 Tablet,Treatment of Hypertension (high blood pressure)Treatment of Angina (heart-related chest pain)Treatment of ArrhythmiaPrevention of Heart attackPrevention of Migraine,
Bromifax Eye Drop,Treatment of Bacterial eye infectionsTreatment of Post operative pain,
Bvert OD 24mg Tablet CR,Treatment of Meniere's disease,
Bosentas 125 Tablet, Pulmonary arterial hypertension (PAH),
Beniduce 8mg Tablet, Hypertension (high blood pressure)Prevention of Angina (heart-related chest pain),
Briviact 100mg Tablet, Epilepsy/Seizures,
Betaone-XL 50 Tablet,Treatment of Hypertension (high blood pressure)Treatment of Angina (heart-related chest pain)Treatment of ArrhythmiaPrevention of Heart attackPrevention of Migraine,
Bimat LS TM Eye Drop,Treatment of GlaucomaTreatment of Ocular hypertension,
Baga-M Capsule,Treatment of Neuropathic pain,
Biomyf-S 360 Tablet, Prevention of organ rejection in transplant patients,
Betadine Surgical Scrub 7.5% Solution,Treatment and prevention of Wound infection,
Brezvent-LS Cough Syrup,Treatment of Cough with mucus,
Belina Gel, Melasma,
Bariderm-S Ointment,Treatment of EczemaTreatment of Psoriasis,
Bravia-LS Capsule SR,Treatment of Gastroesophageal reflux disease (Acid reflux)Treatment of Intestinal ulcersTreatment of Irritable bowel syndrome,
Biodib 15 Tablet,Treatment of Type 2 diabetes mellitus,
Biodens Hair Lotion,Treatment of Hair loss,
Bisoder 5mg Tablet,Treatment of Hypertension (high blood pressure)Treatment of Angina (heart-related chest pain)Treatment of ArrhythmiaPrevention of Heart attackPrevention of Migraine,
Beclate 200 Rotacaps,Treatment of Asthma,
Babygesic 125 Oral Suspension, Pain reliefTreatment of Fever,
Betaloc 100mg Tablet,Treatment of Hypertension (high blood pressure)Treatment of Angina (heart-related chest pain)Treatment of ArrhythmiaPrevention of Heart attackPrevention of Migraine,
Bett Vaccine,Prevention of Tetanus,
Bymet 500mg Tablet,Treatment of Type 2 diabetes mellitus,
Brintop Diva 2% Topical Solution,Treatment of Hair loss,
Budeste 0.5mg Respules 2ml, Asthma,
Biovac V Vaccine,Prevention of Chickenpox,
Biojoynt Tablet, Osteoarthritis,
Belclin A Gel,Treatment of Acne,
Benad Gel, Acne,
BlackCrown Forte 5% Solution,Treatment of Hair loss,
Bromin Tablet, Pain relief,
Bigomet M  Tablet SR,Treatment of Type 2 diabetes mellitus,
Bactoclav Drops,Treatment of Resistant Tuberculosis (TB)Treatment of Bacterial infections,
Bigomet 850 Tablet,Treatment of Type 2 diabetes mellitus,
Brufamol Tablet, Pain reliefTreatment of Fever,
Bromutrip Tablet, Pain relief,
Basalog 100IU/ml Injection, Diabetes,
Biospor 1% Cream, Fungal skin infections,
B Bact Ointment,Treatment of Bacterial skin infections,
Bkosa-F Tablet, Hair loss,
Bymet 1000 Tablet PR,Treatment of Type 2 diabetes mellitus,
Crocin Advance 500mg Tablet, Pain reliefTreatment of Fever,
Citralka Liquid,Treatment of GoutTreatment of Kidney stone,
Colospa Retard Capsule,Treatment of Irritable bowel syndrome,
Cardace 2.5 Tablet,Treatment of Hypertension (high blood pressure) Prevention of heart attack and strokeTreatment of Heart failure,
Corbis 5 Tablet,Treatment of Hypertension (high blood pressure)Treatment of Angina (heart-related chest pain)Treatment of ArrhythmiaPrevention of Heart attackPrevention of Migraine,
Claribid 250 Tablet,Treatment of Bacterial infections,
Chymoflam Tablet, Pain relief,
Cartigen Duo Tablet, Osteoarthritis,
Clopitorva 10 Capsule, Heart attack prevention and high cholesterol,
Critizyme Tablet, Nutritional deficiencies,
Cyblex 60 XR Tablet,Treatment of Type 2 diabetes mellitus,
Canazole Cream,Treatment of Fungal skin infections,
Duvadilan Tablet,Treatment of Premature LaborTreatment of Peripheral vascular disease,
Duvadilan Retard Capsule SR,Treatment of Premature LaborTreatment of Peripheral vascular disease,
Dytor Plus LS 10 Tablet,Treatment of Edema,
Depo-Provera Injection,Treatment of Abnormal uterine bleedingTreatment of Endometriosis,
Dutas T Plus Capsule PR,Treatment of Benign prostatic hyperplasia,
Dicloran A Tablet, Pain relief,
Diamicron MR 30 Tablet,Treatment of Type 2 diabetes mellitus,
Dabigo 110mg Capsule,Treatment and prevention of Blood clots,
Diapride M2 Tablet PR,Treatment of Type 2 diabetes mellitus,
Dompan SR Tablet,Treatment of Gastroesophageal reflux disease (Acid reflux)Treatment of Peptic ulcer disease,
Diziron Tablet,Treatment of Motion sicknessTreatment of VertigoTreatment of Meniere's disease,
Danclear  Shampoo,Treatment of Dandruff,
Doxiflo-M Tablet SR,Treatment and prevention of Asthma,
Debistal-GM 2 Tablet ER,Treatment of Type 2 diabetes mellitus,
Doxinate -G Tablet,Treatment of Nausea and vomiting in pregnancy,
Doloneuron NT Tablet,Treatment of Neuropathic pain,
Dolo Drops, Pain reliefTreatment of Fever,
Drotikind 80mg Tablet, Pain relief,
D-Veniz 100 Tablet ER, Depression,
Dexcin-M Eye Drop,Treatment of Bacterial eye infections,
Deca-Durabolin 100 Injection,Treatment of Post menopausal osteoporosis,
Darilong 7.5 Tablet PR,Treatment of Overactive bladder (OAB) symptoms,
Dariten OD 7.5mg Tablet PR,Treatment of Overactive bladder (OAB) symptoms,
Duvanta 30 Tablet,Treatment of DepressionTreatment of Anxiety disorderTreatment of Diabetic nerve painTreatment of FibromyalgiaTreatment of Neuropathic painTreatment of Stress urinary incontinence,
Dulane 30 Capsule DR,Treatment of DepressionTreatment of Anxiety disorderTreatment of Diabetic nerve painTreatment of FibromyalgiaTreatment of Neuropathic painTreatment of Stress urinary incontinence,
Dezlorid 5mg Tablet,Treatment of Allergic conditions,
Divacon Tablet, Contraception,
Diprobate RD Cream,Treatment of Allergic skin conditionsTreatment of Allergic conditions,
Darba 40mcg Injection,Treatment of Anemia due to chronic kidney diseaseTreatment of Anemia due to cancer chemotherapy,
Dosetil Lotion, Skin conditions with inflammation & itching,
Desirox 500 Tablet,Treatment of Iron overload,
Duloren 20 Tablet,Treatment of DepressionTreatment of Anxiety disorderTreatment of Diabetic nerve painTreatment of FibromyalgiaTreatment of Neuropathic painTreatment of Stress urinary incontinence,
Deriphyllin OD 300 Tablet PR,Treatment of Chronic obstructive pulmonary disease (COPD),
Dimol 40 Tablet,Treatment of BloatingTreatment of Abdominal pain,
Durabolin 25 Injection,Treatment of Post menopausal osteoporosis,
Dabigo 150mg Capsule,Treatment and prevention of Blood clots,
Dilnip-Trio Tablet, Hypertension (high blood pressure),
Doloneuron 100 Tablet,Treatment of Neuropathic pain,
Damoxy Tablet,Treatment of Nausea and vomiting in pregnancy,
Dilo-LS Syrup,Treatment of Cough with mucus,
Doris Tablet, Contraception,
Diziron D Tablet MD,Treatment of Vertigo,
Dayo  OD 500 Tablet PR,Treatment of Epilepsy/SeizuresTreatment of Bipolar disorderPrevention of Migraine,
Donep 10 Tablet, Alzheimer's disease,
Duphalac Enema Solution,Treatment of ConstipationTreatment of Hepatic encephalopathy,
Desveren 50 Tablet ER, Depression,
Dulotin 20mg Tablet,Treatment of DepressionTreatment of Anxiety disorderTreatment of Diabetic nerve painTreatment of FibromyalgiaTreatment of Neuropathic painTreatment of Stress urinary incontinence,
Dalacin C 150mg Capsule,Treatment of Bacterial infections,
Daxid 100mg Tablet,Treatment of DepressionTreatment of Post traumatic stress disorderTreatment of Obsessive-compulsive disorderTreatment of Panic disorderTreatment of Premenstrual dysphoric disorderTreatment of AnxietyTreatment of Premenstrual syndrome (PMS),
Domin Injection, Heart failure Low blood pressure,
Dicaris  Adults Tablet, Worm infections Skin disorders,
DMR Syrup, Dry cough,
Dinofirst Tablet,Treatment of pelvic pain associated with Endometriosis,
Dorsun T Eye Drop,Treatment of GlaucomaTreatment of Ocular hypertension,
Ducira Gel, Dry eyes,
Dirifa 400 Tablet,Treatment of Hepatic encephalopathyTreatment of Infectious diarrhea,
Duprost Capsule, Benign prostatic hyperplasia,
Digihaler FB 200 Inhaler,Treatment of Chronic obstructive pulmonary disease (COPD),
Doxinate OD Tablet,Treatment of Nausea and vomiting in pregnancy,
Digecaine Oral Gel Fruit Punch Sugar Free,Treatment of AcidityTreatment of Stomach ulcersTreatment of Bloating,
Duotrol Tablet,Treatment of Type 2 diabetes mellitus,
Dolocaine Cream, Local anesthesia (Numb tissues in a specific area),
Dulane M 20 Capsule DR, Neuropathic pain,
Drez Powder, Bacterial skin infections,
Divaa -OD 750 Tablet ER,Treatment of Epilepsy/SeizuresTreatment of Bipolar disorderPrevention of Migraine,
Dortas-T Eye Drop,Treatment of GlaucomaTreatment of Ocular hypertension,
Domways 10mg Oral Drops,Treatment of IndigestionTreatment of NauseaTreatment of Vomiting,
Diabetrol Tablet,Treatment of Type 2 diabetes mellitus,
Duvanta NP 20 Tablet, Neuropathic pain,
Dericip Retard 150 Tablet PR,Treatment of Chronic obstructive pulmonary disease (COPD),
D Cort 40mg Injection,Treatment of Rheumatoid arthritisTreatment of Osteoarthritis,
Depaxil CR 12.5 Tablet,Treatment of DepressionTreatment of Panic disorderTreatment of Anxiety disorder,
Daztor 10 Tablet, High cholesterol,
Dobest Capsule,Treatment of PilesTreatment of Varicose veins,
Diprolite Cream,Treatment of Skin infections,
Draminate 50mg Tablet,Treatment of Allergic conditions Motion sickness,
Diof  Oral Suspension,Treatment of Bacterial & parasitic infectionsTreatment of DiarrheaTreatment of Dysentery,
Diplomax Lotion,Treatment of EczemaTreatment of Psoriasis,
Depo-Medrol 40mg Injection,Treatment of Rheumatic disorderTreatment of Systemic lupus erythematosus (SLE)Treatment of Allergic conditionsTreatment of Eye disordersTreatment of Skin disorders,
Dicorate ER 750 Tablet,Treatment of Epilepsy/SeizuresTreatment of Bipolar disorderPrevention of Migraine,
Depakote 250 Tablet,Treatment of Epilepsy/SeizuresTreatment of Bipolar disorderPrevention of Migraine,
Defcort 18 Tablet,Treatment of Inflammatory conditionsTreatment of Autoimmune conditionsTreatment of Cancer,
Diprobate S Plus Ointment, Eczema Psoriasis,
Dirifa 550 Tablet,Treatment of Hepatic encephalopathyTreatment of Infectious diarrhea,
Depranex 5 Tablet,Treatment of DepressionTreatment of Anxiety disorderTreatment of Panic disorder,
Digihaler FB 400 Inhaler,Treatment of Chronic obstructive pulmonary disease (COPD),
Duvadilan IM/IV 5mg Injection,Treatment of Premature LaborTreatment of Peripheral vascular disease,
Doxoril 650 Tablet SR,Treatment and prevention of Chronic obstructive pulmonary disease (COPD),
Dianorm-OD 30 Tablet MR,Treatment of Type 2 diabetes mellitus,
Diclowin Plus PR Tablet,Treatment of Headache,
Diclotal 25mg Injection, Pain relief,
Depotex 4mg Tablet,Treatment of Rheumatic disorderTreatment of Systemic lupus erythematosus (SLE)Treatment of Allergic conditionsTreatment of Eye disordersTreatment of Skin disorders,
Dablexa 110 Capsule,Treatment and prevention of Blood clots,
Dixin Paed Oral Solution, Heart failure Arrhythmia,
Dolowin-SR Tablet, Pain relief,
Dipsalic F Ointment,Treatment of EczemaTreatment of Psoriasis,
Dresin Mouthwash &amp; Gargle,Treatment of Inflammation of gums,
Dentogel Liquid,Treatment of Mouth ulcers,
Duvanta 40 Tablet,Treatment of DepressionTreatment of Anxiety disorderTreatment of Diabetic nerve painTreatment of FibromyalgiaTreatment of Neuropathic painTreatment of Stress urinary incontinence,
Dezacor Oral Suspension,Treatment of Duchenne muscular dystrophy(DMD)Treatment of Inflammatory conditionsTreatment of Autoimmune conditionsTreatment of Cancer,
Dilcontin XL 90 Tablet,Treatment of Hypertension (high blood pressure)Treatment of Angina (heart-related chest pain)Treatment of Arrhythmia,
Dargen 25 Injection,Treatment of Anemia due to chronic kidney diseaseTreatment of Anemia due to cancer chemotherapy,
Dianorm 80mg Tablet,Treatment of Type 2 diabetes mellitus,
Derisal 0.5mg Respules 2ml, Chronic obstructive pulmonary disease (COPD),
Diabetrol SR Tablet,Treatment of Type 2 diabetes mellitus,
Dersil-AF Body Wash, Fungal skin infections,
DO RE ME 25mg Tablet,"Treatment of Anxiety disorderTreatment of $name is thought to work by affecting the balance of certain chemicals (such as serotonin) in the brain. It helps improve mood and feelings of wellbeing, relieves anxiety and tension, helps you sleep better, and increases your energy level. It is used to treat depression that is unresponsive to other medicines. You need to take it regularly as it is prescribed for it to be most effective and should not stop taking it suddenly. Depression",
Digihaler SF 250 Inhaler,Treatment of Chronic obstructive pulmonary disease (COPD),
Doxin 25mg Capsule,Treatment of InsomniaTreatment of DepressionTreatment of Anxiety disorder,
Dutaprost  0.5mg Tablet, Benign prostatic hyperplasia,
Dompar 10mg/325mg Tablet,Treatment of Migraine,
Danclear  Cream,Treatment of Fungal skin infectionsTreatment of Dandruff,
Dom-DT 5 Rapitab,Treatment of Gastroesophageal reflux disease (Acid reflux)Treatment of IndigestionTreatment of NauseaTreatment of Vomiting,
Dersol 12% Ointment, Acne,
Dersol 12% Ointment, Acne,
Diapride M2 LV 2mg/500mg/0.2mg Tablet SR,Treatment of Type 2 diabetes mellitus,
Diapride M 0.5mg/500mg Tablet PR,Treatment of Type 2 diabetes mellitus,
Doxolin AX Tablet, Chronic obstructive pulmonary disease (COPD),
Dicorate ER 1g Tablet,Treatment of Epilepsy/SeizuresTreatment of Bipolar disorderPrevention of Migraine,
Diva Hmg 75i.u Injection, Female infertility Male hypogonadism Male infertility,
Dabigat 110 Capsule,Treatment and prevention of Blood clots,
Desirox 250mg Tablet,Treatment of Iron overload,
Deys Milk OF Magnesia Liquid Ice Cream, Constipation,
Dencross Scalp Lotion,Treatment of Fungal skin infectionsTreatment of Dandruff,
Divalprid-OD 500 Tablet PR,Treatment of Epilepsy/SeizuresTreatment of Bipolar disorderPrevention of Migraine,
Divaa 250 Solution,Treatment of Epilepsy/SeizuresTreatment of Bipolar disorderPrevention of Migraine,
Decomedo Gel, Acne,
Deritas 7.5 Tablet PR,Treatment of Overactive bladder (OAB) symptoms,
Dianorm-M OD Tablet SR,Treatment of Type 2 diabetes mellitus,
Dersol 24% Ointment, Acne,
Denis NS 0.9% Sodium Chloride Injection,Treatment of Short term fluid replacement after traumaTreatment of Dehydration,
Dericip Retard 300  Tablet PR,Treatment of Chronic obstructive pulmonary disease (COPD),
Depaxil CR 25 Tablet,Treatment of DepressionTreatment of Panic disorderTreatment of Anxiety disorder,
Dabiclot 150mg Capsule,Treatment and prevention of Blood clots,
Dynapar MR 8 Tablet, Pain due to muscle spasm,
Danblock Lotion,Treatment of Fungal skin infectionsTreatment of Dandruff,
Dicloran SR Tablet, Pain relief,
Dolonex Rapid 20mg Tablet, Pain relief,
Dablexa 150 Capsule,Treatment and prevention of Blood clots,
Droziver 80mg Tablet, Pain relief,
Delok 20 Capsule DR,Treatment of DepressionTreatment of Anxiety disorderTreatment of Diabetic nerve painTreatment of FibromyalgiaTreatment of Neuropathic painTreatment of Stress urinary incontinence,
Dilgel,Treatment of Anal fissure,
Doxcef 100mg Tablet DT,Treatment of Bacterial infections,
Dilantin Oral Suspension,Treatment and prevention of Epilepsy/Seizures,
Deriphyllin Injection,Treatment of Chronic obstructive pulmonary disease (COPD),
Duomate Forte Transcaps, Chronic obstructive pulmonary disease (COPD),
Desveren 100 Tablet ER, Depression,
Depakote XR 500 Tablet,Treatment of Epilepsy/SeizuresTreatment of Bipolar disorderPrevention of Migraine,
D Flour Tablet, Dental cavities,
Derinide-AQ Nasal Spray,Treatment of Sneezing and runny nose due to allergiesTreatment of Nasal polyps,
Depig-F Cream, Melasma,
Dubinor PM Capsule, Neuropathic pain,
Dill-N Tablet, Pain relief,
D3-Zen 60K Soft Gelatin Capsule,Treatment of Vitamin D deficiencyTreatment of Osteoporosis,
Diamet 500mg Tablet SR,Treatment of Type 2 diabetes mellitus,
Diapride M1 LV 1mg/500mg/0.2mg Tablet SR,Treatment of Type 2 diabetes mellitus,
Deriphyllin S 231mg/69mg/4mg Tablet PR,Treatment of Asthma,
Dermoquinol 8% Cream, Bacterial infections of external ear Fungal skin infections,
Denlafax 50 Tablet PR, Depression,
Drez Spray,Treatment and prevention of Wound infection,
Diclozyme-P Tablet, Pain relief,
Dicaris  Children Tablet,Treatment of Parasitic Worm infectionsTreatment of Skin disorders,
Desval  ER 750 Tablet,Treatment of Epilepsy/SeizuresTreatment of Bipolar disorderPrevention of Migraine,
Dabilong 110mg Capsule,Treatment and prevention of Blood clots,
Dolonex Gel, Pain relief,
Divalrate 500mg Tablet ER,Treatment of Epilepsy/SeizuresTreatment of Bipolar disorderPrevention of Migraine,
Densaid-QA Sachet, Pain relief,
Dersol 18% Ointment, Acne,
Diasdac SP Tablet, Pain relief,
Divaxee OD 500 Tablet PR,Treatment of Epilepsy/SeizuresTreatment of Bipolar disorderPrevention of Migraine,
Donecept M Tablet, Alzheimer's disease,
Diabend -MR 60 Tablet,Treatment of Type 2 diabetes mellitus,
Dermicee Cream,Treatment of Fungal skin infections,
Dobact-Core Capsule,Treatment of Bacterial infections,
Deriva I 10mg Capsule,Treatment of Acne,
Druffnil Shampoo,Treatment of Dandruff,
Dabistar 75mg Capsule,Treatment and prevention of Blood clots,
Dicorate Solution,Treatment of Epilepsy/SeizuresTreatment of Bipolar disorderPrevention of Migraine,
Drotin DS Oral Suspension Mango Sugar Free, Pain relief,
Desilam 10 Tablet,Treatment of DepressionTreatment of Anxiety disorderTreatment of Panic disorder,
Dibeta GB 5 mg/500 mg Tablet,Treatment of Type 2 diabetes mellitus,
Dermikem 4 Cream,Treatment of Skin infections,
Diabend-MR 30 Tablet,Treatment of Type 2 diabetes mellitus,
Djiso 20mg Tablet,Treatment of Acne,
Dovy-M Tablet,Treatment of Abdominal pain,
Doberol Capsule,Treatment of PilesTreatment of Varicose veins,
Donep Syrup, Alzheimer's disease,
Depakote XR 250 Tablet,Treatment of Epilepsy/SeizuresTreatment of Bipolar disorderPrevention of Migraine,
Divalpro 250 Tablet,Treatment of Epilepsy/SeizuresTreatment of Bipolar disorderPrevention of Migraine,
Dermitop Lotion,Treatment of Skin conditions with inflammation & itching,
Drez 10% Solution,Treatment and prevention of Wound infection,
Dinace 2.5 Tablet, Parkinson's disease Drug induced abnormal movements,
Divalid 250mg Tablet ER,Treatment of Epilepsy/SeizuresTreatment of Bipolar disorderPrevention of Migraine,
Deys Milk OF Magnesia 0.311gm Tablet, Constipation,
Drego-LS Capsule SR,Treatment of Gastroesophageal reflux disease (Acid reflux)Treatment of Intestinal ulcersTreatment of Irritable bowel syndrome,
Drez S Dusting Powder, Bacterial skin infections,
Dilcontin 60 Tablet CR,Treatment of Hypertension (high blood pressure)Treatment of Angina (heart-related chest pain)Treatment of Arrhythmia,
Divalpro XR 250 Tablet,Treatment of Epilepsy/SeizuresTreatment of Bipolar disorderPrevention of Migraine,
Diasdac-ER Tablet, Pain relief,
Distaclor Drop,Treatment of Bacterial infections,
Donecept 10 Tablet, Alzheimer's disease,
Domtac Tablet,Treatment of Gastroesophageal reflux disease (Acid reflux)Treatment of Peptic ulcer disease,
Dezacor 30 Tablet,Treatment of Inflammatory conditionsTreatment of Autoimmune conditionsTreatment of Cancer,
Dianorm Total 30 Tablet SR,Treatment of Type 2 diabetes mellitus,
Diproex ER 250 Tablet,Treatment of Epilepsy/SeizuresTreatment of Bipolar disorderPrevention of Migraine,
Diproex ER 250 Tablet,Treatment of Epilepsy/SeizuresTreatment of Bipolar disorderPrevention of Migraine,
Dabiclot 75mg Capsule,Treatment and prevention of Blood clots,
Divalpro 500 Tablet,Treatment of Epilepsy/SeizuresTreatment of Bipolar disorderPrevention of Migraine,
Deriphyllin Tablet,Treatment of Chronic obstructive pulmonary disease (COPD),
Dargen 60 Injection,Treatment of Anemia due to chronic kidney diseaseTreatment of Anemia due to cancer chemotherapy,
Dutandro 0.5mg Tablet, Benign prostatic hyperplasia,
Domrab  Capsule SR,Treatment of Gastroesophageal reflux disease (Acid reflux)Treatment of Peptic ulcer disease,
Diabend 40mg Tablet,Treatment of Type 2 diabetes mellitus,
Distaclor 187mg Oral Suspension Strawberry, Bacterial infections,
Ducaine Suspension Sugar Free,Treatment of AcidityTreatment of HeartburnTreatment of Stomach ulcers,
Derisone L Forte Respicap, Asthma,
Diomilin-NT Tablet,Treatment of Neuropathic pain,
DO RE ME 75mg Tablet,"Treatment of Anxiety disorderTreatment of $name is thought to work by affecting the balance of certain chemicals (such as serotonin) in the brain. It helps improve mood and feelings of wellbeing, relieves anxiety and tension, helps you sleep better, and increases your energy level. It is used to treat depression that is unresponsive to other medicines. You need to take it regularly as it is prescribed for it to be most effective and should not stop taking it suddenly. Depression",
Dayo  OD 750 Tablet PR,Treatment of Epilepsy/SeizuresTreatment of Bipolar disorderPrevention of Migraine,
Doxomit OD Tablet,Treatment of Nausea and vomiting in pregnancy,
Duotrol-SR Tablet,Treatment of Type 2 diabetes mellitus,
Dolo 156.25mg Suspension, Pain reliefTreatment of Fever,
Dysport 500IU Injection,Treatment of Localized muscle spasm,
Dotzide M Tablet,Treatment of Type 2 diabetes mellitus,
DO RE ME 50mg Tablet,"Treatment of Anxiety disorderTreatment of $name is thought to work by affecting the balance of certain chemicals (such as serotonin) in the brain. It helps improve mood and feelings of wellbeing, relieves anxiety and tension, helps you sleep better, and increases your energy level. It is used to treat depression that is unresponsive to other medicines. You need to take it regularly as it is prescribed for it to be most effective and should not stop taking it suddenly. Depression",
Diprate-OD 250 Tablet ER,Treatment of Epilepsy/SeizuresTreatment of Bipolar disorderPrevention of Migraine,
Duopep 40 Tablet,Treatment of HeartburnTreatment of Gastroesophageal reflux disease (Acid reflux)Treatment of Peptic ulcer diseaseTreatment of Zollinger-Ellison syndrome,
Dancure Shampoo,Treatment of Dandruff,
Daztor 20 Tablet, High cholesterol,
Denon Soap, Fungal skin infections,
Divaa-OD 125 Tablet ER,Treatment of Epilepsy/SeizuresTreatment of Bipolar disorderPrevention of Migraine,
Diva Hmg HP 150IU Injection, Female infertility Male hypogonadism Male infertility,
Donica-SR Capsule, Pain relief,
Drez S Ointment, Bacterial skin infections,
Dysliptin 20 Tablet, High cholesterolPrevention of Heart attack,
Disogel Suspension Pineapple Sugar Free, Acidity Heartburn Stomach ulcers,
Defelax Syrup, Constipation,
DTM 90 SR Tablet,Treatment of Hypertension (high blood pressure)Treatment of Angina (heart-related chest pain)Treatment of Arrhythmia,
Dariten OD 15mg Tablet CR,Treatment of Overactive bladder (OAB) symptoms,
Dorsenz-T Eye Drop,Treatment of GlaucomaTreatment of Ocular hypertension,
Dabipla 150mg Capsule,Treatment and prevention of Blood clots,
Derinide 200 Inhaler CFC Free, Asthma,
Decdan Next 6mg Tablet,Treatment of Inflammatory conditionsTreatment of Autoimmune conditionsTreatment of Cancer,
Diabend-MEX 60 Tablet ER,Treatment of Type 2 diabetes mellitus,
Depig Cream, Melasma,
Desval  ER 1g Tablet,Treatment of Epilepsy/SeizuresTreatment of Bipolar disorderPrevention of Migraine,
Doxacard 2 Tablet, Hypertension (high blood pressure),
Dabirex 110mg Capsule,Treatment and prevention of Blood clots,
Djiso 10mg Tablet,Treatment of Acne,
Dollos-P Tablet, Pain relief,
Dabigza 110 Capsule,Treatment and prevention of Blood clots,
Durart-R 450 Tablet,Treatment of HIV infection,
Dandrid Lotion, Dandruff,
Denim P 500mg Tablet, Pain reliefTreatment of Fever,
Dolanzen Tablet, Pain relief,
Dolodart 120mg/5ml Suspension, Pain reliefTreatment of Fever,
Drez S Dusting Powder, Bacterial skin infections,
Danket Shampoo,Treatment of Fungal infections,
Duopil-HS 2/850 Tablet PR,Treatment of Type 2 diabetes mellitus,
Domgel Suspension, Acidity Stomach ulcers Bloating,
Dubagest 400 Soft Gelatin Capsule, Hormone replacement therapy Female infertility,
Derisone L Respicap, Asthma,
D3K Softgel Capsule,Treatment of Vitamin D deficiencyTreatment of Osteoporosis,
Dabirex 150 Capsule,Treatment and prevention of Blood clots,
Dentop-K Dental Gel,Treatment of Dental pain,
DR 4 Tablet, Arthralgia (joint pain),
Dan Shine Lotion,Treatment of Fungal skin infectionsTreatment of Dandruff,
Drukof D Syrup,Treatment of Dry cough,
Dermtone 25mg Tablet, Vitiligo Psoriasis,
D-Gen 2K Softgel Capsule,Treatment of Vitamin D deficiencyTreatment of Osteoporosis,
Divibrim-T Sterile Eye Drops,Treatment of Ocular hypertensionTreatment of Glaucoma,
Dilpra-OD 750 Tablet,Treatment of Epilepsy/SeizuresTreatment of Bipolar disorderPrevention of Migraine,
Dicovis-GM Tablet, Osteoarthritis,
Duoclin-B Gel, Acne,
Defmind 100mg Tablet, Depression,
Denon Shampoo,Treatment of Fungal infections,
Derinide 0.5mg Respules 2ml, Asthma,
Denisole 4 Tablet,Treatment of Rheumatic disorderTreatment of Systemic lupus erythematosus (SLE)Treatment of Allergic conditionsTreatment of Eye disordersTreatment of Skin disorders,
Disederm Cream,Treatment of Skin infections,
Diproliv Lotion, Skin conditions with inflammation & itchingTreatment of Asthma,
Dericip 77mg/23mg Tablet,Treatment of Chronic obstructive pulmonary disease (COPD),
Dericip 77mg/23mg Tablet,Treatment of Chronic obstructive pulmonary disease (COPD),
Dermoquinol 8% Ointment, Bacterial infections of external ear Fungal skin infections,
Daltehep 5000IU Injection,Treatment and prevention of Blood clots,
Dufklin Lotion, Dandruff,
Dubinac-SR Tablet,Treatment of Neuropathic pain,
Dotzide 40mg Tablet,Treatment of Type 2 diabetes mellitus,
Dobutam 250mg Injection, Heart failure Low blood pressure,
Domtac-SR Capsule,Treatment of Gastroesophageal reflux disease (Acid reflux)Treatment of Peptic ulcer disease,
Diflam Dental Gel, Pain relief,
Degalyn 80 Injection, Prostate cancer,
Dphyte Cream, Fungal skin infections,
Dany Cream, Fungal skin infections,
Dolestin 250 Tablet, Pain relief,
Dulavin Injection, Severe fungal infections,
Dasashil 100mg Tablet, Blood cancer (Chronic myeloid leukaemia),
Dolcet-AL Tablet, Cough,
Dolcet-AL Tablet, Cough,
Duovir Tablet, HIV infection,
Defwave  6 Tablet,Treatment of Inflammatory conditionsTreatment of Autoimmune conditionsTreatment of Cancer,
Erlocip 150 Tablet, Non-small cell lung cancer Pancreatic cancer,
Erlocip 100 Tablet, Non-small cell lung cancer Pancreatic cancer,
Eliquis 2.5mg Tablet,Treatment and prevention of Blood clots,
Eliquis 5mg Tablet,Treatment and prevention of Blood clots,
Exelon Patch 15, Alzheimer's disease,
Ecosprin 75 Tablet,Prevention of Angina (heart-related chest pain)Treatment and prevention of Heart attackTreatment and prevention of Stroke,
Enzoflam Tablet, Pain relief,
Evion LC Tablet,Treatment of Muscle cramps,
Etoshine MR Tablet,Treatment of Pain due to muscle spasm,
Ecosprin Gold  20 Capsule,Prevention of Heart attack,
Evalon Cream, Menopausal symptoms,
Ecosprin AV 75/20 Capsule,Treatment of Prevention of heart attack and stroke,
Emeset 4 Tablet,Treatment of NauseaTreatment of Vomiting,
Enzomac Plus Tablet, Pain relief,
Eprisan SR Capsule, Muscle relaxation,
Enzar Forte  Tablet,Treatment of Indigestion,
Emanzen-D Tablet, Pain relief,
Ecosprin 150 Tablet,Prevention of Angina (heart-related chest pain)Treatment and prevention of Heart attackTreatment and prevention of Stroke,
Eptoin Tablet,Treatment and prevention of Epilepsy/Seizures,
Eldoper 2mg Capsule, Diarrhea,
Eumosone-M Cream,Treatment of Skin infections,
Etova-MR 400/4 Tablet, Pain due to muscle spasm,
Eyemist Eye Drop, Dry eyes,
Eldervit 12 Combipack, Nutritional deficiencies,
Enzomac Tablet, Pain relief,
Emeset Syrup Juicy Lemon,Treatment of Nausea Vomiting,
Ecosprin Gold  10 Capsule,Prevention of Heart attack,
Eltroxin 100mcg Tablet,Treatment of Hypothyroidism,
Eliwel 10mg Tablet,Treatment of Depression Neuropathic painTreatment of Migraine,
Ebast-M Tablet, Sneezing and runny nose due to allergies,
Emeset Injection 2ml,Treatment of Nausea Vomiting,
Elosone-HT Cream,Treatment of Melasma,
Erytop Gel,Treatment of Bacterial infections,
Ebast-DC Tablet,Treatment of Sneezing and runny nose due to allergies,
Eco Tears Eye Drop,Treatment of Dry eyes,
Etova-ER 600 Tablet, Pain relief,
Epidosin Injection, Pain due to smooth muscle spasm,
Efil 2.5mg Tablet,Treatment of Erectile dysfunction,
Enuff Capsule,Treatment of Diarrhea,
Ezedoc 10 Tablet, High cholesterol,
Emty Oral Solution,Treatment of ConstipationTreatment of Hepatic encephalopathy,
Esogress-D Capsule SR,Treatment of Gastroesophageal reflux disease (Acid reflux)Treatment of Functional dyspepsia,
Enzomac Forte Tablet, Pain relief,
Ebast 20 Tablet, Allergic conditions,
Etoshine 60 Tablet, Pain relief,
Embeta XR 25 Tablet,Treatment of Hypertension (high blood pressure)Treatment of Angina (heart-related chest pain)Treatment of ArrhythmiaPrevention of Heart attackPrevention of Migraine,
Etos MR Tablet,Treatment of Pain due to muscle spasm,
Etova 400 Tablet, Pain relief,
Esomac D 40 Capsule SR,Treatment of Gastroesophageal reflux disease (Acid reflux)Treatment of Functional dyspepsia,
Esofag-D Capsule SR,Treatment of Gastroesophageal reflux disease (Acid reflux)Treatment of Functional dyspepsia,
Esogress 40 Tablet,Treatment of Gastroesophageal reflux disease (Acid reflux)Treatment of Peptic ulcer diseaseTreatment of Zollinger-Ellison syndrome,
Eyemist Forte Eye Drop, Dry eyes,
Ebernet Cream,Treatment of Fungal skin infections,
Esomac 40 Tablet,Treatment of Gastroesophageal reflux disease (Acid reflux)Treatment of Peptic ulcer diseaseTreatment of Zollinger-Ellison syndrome,
Envas 5 Tablet,Treatment of Hypertension (high blood pressure)Treatment of Prevention of heart attack and strokeTreatment of Heart failure,
Embeta XR 50 Tablet,Treatment of Hypertension (high blood pressure)Treatment of Angina (heart-related chest pain)Treatment of ArrhythmiaPrevention of Heart attackPrevention of Migraine,
Espogen 4000IU Injection,Treatment of Anemia due to chronic kidney diseaseTreatment of Anemia due to cancer chemotherapy,
Eprisan D SR Capsule, Pain due to muscle spasm,
Ezact MR Tablet,Treatment of Pain due to muscle spasm,
Estrabet 2 Tablet, Hormone replacement therapy,
Eldicet Tablet, Irritable bowel syndrome,
Encorate Chrono 300 Tablet CR, Epilepsy,
Entavir 0.5mg Tablet, Chronic hepatitis B virus (HBV) infection,
Enzoheal Tablet, Pain relief,
Ecosprin AV 150/20 Capsule,Treatment of Prevention of heart attack and stroke,
Eritel LN 40 Tablet,Treatment of Hypertension (high blood pressure),
Encorate Chrono 500 Tablet CR, Epilepsy,
Escot Cream,Treatment of Anal fissure,
Everfresh Tears 0.5% Eye Drop,Treatment of Dry eyes,
Eva Q Syrup, Constipation,
Evict Oral Solution,Treatment of ConstipationTreatment of Hepatic encephalopathy,
Ebast Tablet, Allergic conditions,
Epsolin 100 Tablet,Treatment and prevention of Epilepsy/Seizures,
Emlukast-FX Tablet,Treatment of Sneezing and runny nose due to allergies,
Epilive 500 Tablet,Treatment of Epilepsy/Seizures,
Enzoflam-CT Tablet, Pain reliefTreatment of Swelling,
Eflora Cream, Facial hirsutism (Excessive hair growth on face),
Esoz D 40 Capsule SR,Treatment of Gastroesophageal reflux disease (Acid reflux)Treatment of Functional dyspepsia,
Eukroma Cream, Melasma,
Eyelet Eye Drop 10ml for Eye Infections,Treatment of Dry eyes,
Etova-ER 400 Tablet ER, Pain relief,
Eslo 2.5 Tablet,Treatment of Hypertension (high blood pressure)Prevention of Angina (heart-related chest pain)Prevention of Heart attackPrevention of Stroke,
Ecosprin-AV 150 Capsule,Treatment of Prevention of heart attack and stroke,
Eyemist Gel, Dry eyes,
Envas 2.5 Tablet,Treatment of Hypertension (high blood pressure)Treatment of Prevention of heart attack and strokeTreatment of Heart failure,
Erytop Cream,Treatment of Bacterial infections,
Etrik MR Tablet,Treatment of Pain due to muscle spasm,
Endogest 200 SR Tablet, Hormone replacement therapyTreatment of Female infertility,
Ebility Tablet, Pain relief,
Eptoin Injection,Treatment and prevention of Epilepsy/Seizures,
Etosys Tablet, Heavy menstrual bleeding,
Eritel 40 Tablet,Treatment of Hypertension (high blood pressure) Prevention of heart attack and strokeTreatment of Heart failure,
Ezact 90 Tablet, Pain relief,
Endoreg Tablet,Treatment of pelvic pain associated with Endometriosis,
Enzar-HS Capsule,Treatment of Pancreatic enzyme deficiency,
Enzictra - DS Tablet, Swelling,
Elocon Cream,Treatment of Skin conditions with inflammation & itching,
Eposis 4000IU Injection,Treatment of Anemia due to chronic kidney diseaseTreatment of Anemia due to cancer chemotherapy,
Enzoheal Ointment,Treatment of Bacterial skin infections,
Esgipyrin SP Tablet, Pain relief,
Etos 90 Tablet, Pain relief,
Eritel-CH 40 Tablet, Hypertension (high blood pressure),
Esofine-DSR Capsule,Treatment of Gastroesophageal reflux disease (Acid reflux)Treatment of Functional dyspepsia,
Elores 1.5gm Injection,Treatment of Bacterial infections,
Etogesic ER Tablet, Pain relief,
Etozox 90 Tablet, Pain relief,
Enuff 10mg Sachet,Treatment of Diarrhea,
Esomefol-DSR Capsule,Treatment of Gastroesophageal reflux disease (Acid reflux)Treatment of Functional dyspepsia,
Elata Tablet, Uterine fibroids,
Enderm gm Cream,Treatment of Skin infections,
Extralube Eye Drop,Treatment of Dry eyes,
Etogesic MR Tablet, Pain due to muscle spasm,
Eptoin 300 ER Tablet,Treatment and prevention of Epilepsy/Seizures,
Endace 40 Tablet, Breast cancer Endometrial cancer,
Eslo 5 Tablet,Treatment of Hypertension (high blood pressure)Prevention of Angina (heart-related chest pain)Prevention of Heart attackPrevention of Stroke,
Epiduo 0.1%/2.5% Gel, Acne,
Esiflo 250 Transcaps,Treatment of Chronic obstructive pulmonary disease (COPD),
Ethamcip 500 Tablet, Bleeding,
Esogress-L Capsule SR,Treatment of Gastroesophageal reflux disease (Acid reflux)Treatment of Peptic ulcer disease,
Etoshine 120 Tablet, Pain relief,
Etoford MR 60mg/4mg Tablet,Treatment of Pain due to muscle spasm,
Etody 90 Tablet, Pain relief,
Encorate 500 Tablet, Epilepsy/SeizuresPrevention of Migraine Bipolar disorder,
Efnocar 40 Tablet,Treatment of Hypertension (high blood pressure),
Emikind-MD Tablet,Treatment of VertigoTreatment of NauseaTreatment of VomitingTreatment of MigraineTreatment of Short term anxiety,
Eclospan Cream, Skin infections,
Enzocort 6 Tablet,Treatment of Inflammatory conditionsTreatment of Autoimmune conditionsTreatment of Cancer,
Etrik 90 Tablet, Pain relief,
Esofag 40 Tablet,Treatment of Gastroesophageal reflux disease (Acid reflux)Treatment of Peptic ulcer diseaseTreatment of Zollinger-Ellison syndrome,
Ecovin 500 Tablet, Fungal infections,
Ezanic 20% Cream,Treatment of Acne,
Elestra Tablet,Treatment of Polycystic ovarian syndrome (PCOS),
Eporise 4000 Injection,Treatment of Anemia due to chronic kidney diseaseTreatment of Anemia due to cancer chemotherapy,
Epsolin 50mg,Treatment and prevention of Epilepsy/Seizures,
Etorica MR Tablet,Treatment of Pain due to muscle spasm,
Esomac L Capsule SR,Treatment of Gastroesophageal reflux disease (Acid reflux)Treatment of Peptic ulcer disease,
Erytop Lotion,Treatment of Bacterial infections,
Euthyrox 50 Tablet,Treatment of Hypothyroidism,
Extacef 200 DT Tablet,Treatment of Bacterial infections,
Eema HP 5000 Injection,Treatment of Female infertilityTreatment of Male hypogonadism,
Emeset 8 Tablet,Treatment of NauseaTreatment of Vomiting,
Evatone 2 Tablet, Hormone replacement therapy,
Etoro TH 60mg/4mg Tablet,Treatment of Pain due to muscle spasm,
Esgipyrin-A Tablet, Pain relief,
Elosone Cream,Treatment of Skin conditions with inflammation & itching,
Epnone 25mg Tablet,Treatment of Hypertension (high blood pressure)Treatment of EdemaTreatment of Heart failure,
Eplehef 25 Tablet,Treatment of Hypertension (high blood pressure)Treatment of EdemaTreatment of Heart failure,
Esperal Tablet,Treatment of Alcohol addiction,
ED Save Tablet,Treatment of Erectile dysfunction,
Emigo Oral Solution,Treatment of Nausea Vomiting,
Endace 160 Tablet, Breast cancer Endometrial cancer,
Encorate Chrono 200 Tablet CR, Epilepsy,
Esiflo 250 Transhaler,Treatment of Chronic obstructive pulmonary disease (COPD),
Etoxib 90 Tablet, Pain relief,
Elocon Ointment,Treatment of Skin conditions with inflammation & itching,
Eurepa 1 Tablet,Treatment of Type 2 diabetes mellitus,
Exocin Ophthalmic Solution, Bacterial eye infectionsTreatment of Bacterial infections,
Esofag-L Capsule SR,Treatment of Gastroesophageal reflux disease (Acid reflux)Treatment of Peptic ulcer disease,
Evaparin Injection,Treatment and prevention of Blood clots,
Eptoin Suspension,Treatment and prevention of Epilepsy/Seizures,
Etrobax 90 Tablet, Pain relief,
Eofil Forte 250 mg/4 mg Tablet, Parasitic infections,
Enzomac Ointment,Treatment of Bacterial skin infections,
Efil 5mg Tablet,Treatment of Erectile dysfunction,
Endogest 200 Capsule, Hormone replacement therapyTreatment of Female infertility,
Emanzen Forte 10mg Tablet, Pain relief Swelling,
Etoxib MR Tablet,Treatment of Pain due to muscle spasm,
Eurepa-V 1/0.3 Tablet,Treatment of Type 2 diabetes mellitus,
Erytop-N Gel,Treatment of Acne,
Evaserve Tablet,Treatment of Female infertility,
Eltroxin 125mcg Tablet,Treatment of Hypothyroidism,
Enteromycetin Suspension, Bacterial infections,
Ecosprin 325 Tablet,Treatment and prevention of Angina (heart-related chest pain)Treatment and prevention of Heart attackTreatment and prevention of Stroke,
Endobloc T Combipack,Treatment of Pulmonary arterial hypertension (PAH),
Eberfine Cream,Treatment of Fungal skin infections,
Eterna 4mg Tablet MD,Treatment of NauseaTreatment of Vomiting,
Enzictra Tablet, Pain relief,
Estrabet 0.06% Gel, Hormone replacement therapy,
Enclex 40 Injection,Treatment and prevention of Blood clots,
Eyecon Eye Drop,Treatment of Allergic eye disease,
Emestat OD Tablet,Treatment of Nausea and vomiting in pregnancy,
Emersa 2mg Tablet,Treatment of pelvic pain associated with Endometriosis,
Ethasyl 500 Tablet, Bleeding,
Erythrocin 250mg Tablet,Treatment of Bacterial infections,
Elyn Cream, Facial hirsutism (Excessive hair growth on face),
Ebernet-M Cream,Treatment of Fungal skin infections,
Edrive-T 2.5 Tablet,Treatment of Erectile dysfunction,
Etos P 60mg/325mg Tablet, Pain relief,
Ezact 60 Tablet, Pain relief,
Endogest 300 SR Tablet, Hormone replacement therapyTreatment of Female infertility,
Etrik P Tablet, Pain relief,
Esofine-LS Capsule SR,Treatment of Gastroesophageal reflux disease (Acid reflux)Treatment of Peptic ulcer disease,
Eglucent Mix 25 100IU/ml Suspension for Injection, Diabetes,
Elfolin Plus Tablet, Nutritional deficiencies,
Elina Tablet MR,Treatment of Allergic conditions,
Evanew Vaginal Tablet, Bacterial infections of the vagina (bacterial vaginosis),
Episert Cream,Treatment of Fungal skin infectionsTreatment of Fungal infections,
Eiref 40 mg/150 mg Capsule SR, Gastroesophageal reflux disease (Acid reflux) Peptic ulcer disease,
Ezicas AZ Nasal Spray,Treatment of Sneezing and runny nose due to allergies,
Enam 5 Tablet,Treatment of Hypertension (high blood pressure)Treatment of Prevention of heart attack and strokeTreatment of Heart failure,
Effenac AB Tablet,Treatment of Chronic obstructive pulmonary disease (COPD),
Ephedrex Syrup,Treatment of Dry cough,
Elidel Cream, Atopic dermatitis,
Evadiol Tablet, Hormone replacement therapy,
Eposis 10000IU Injection,Treatment of Anemia due to chronic kidney diseaseTreatment of Anemia due to cancer chemotherapy,
Etowin 90 Tablet, Pain relief,
Espra 40mg Tablet,Treatment of Gastroesophageal reflux disease (Acid reflux)Treatment of Peptic ulcer diseaseTreatment of Zollinger-Ellison syndrome,
Euthyrox 25 Tablet,Treatment of Hypothyroidism,
Emaxgalin 75mg/60mg Tablet, Neuropathic pain,
Erox CV 625 Tablet,Treatment of Bacterial infections,
Eliwel 25mg Tablet,Treatment of Depression Neuropathic painTreatment of Migraine,
Estova 2 Tablet, Hormone replacement therapy,
Endosis Tablet,Treatment of pelvic pain associated with Endometriosis,
Ebal 20 Tablet, Allergic conditions,
Encorate Tablet, Epilepsy/SeizuresPrevention of Migraine Bipolar disorder,
Enzar 10000 Capsule,Treatment of Pancreatic enzyme deficiency,
Ezicas F 360 Nasal Spray,Treatment of Sneezing and runny nose due to allergies,
Etosys-MF Tablet,Treatment of Heavy menstrual bleedingTreatment of Menstrual pain,
Exel GN Cream,Treatment of Bacterial skin infections,
Emprogest 8% Vaginal gel, Hormone replacement therapyTreatment of Female infertility,
EME OD Tablet MD, Nausea Vomiting,
Ebernet Cream,Treatment of Fungal skin infections,
Enoxarin 40 Injection,Treatment and prevention of Blood clots,
Encorate 300 Tablet, Epilepsy/SeizuresPrevention of Migraine Bipolar disorder,
Evimectin-A Tablet,Treatment of Worm infections,
Enclex 60 Injection,Treatment and prevention of Blood clots,
Elosone-HT Cream,Treatment of Melasma,
Eritel-AM Tablet,Treatment of Hypertension (high blood pressure),
Esys-D Capsule SR,Treatment of Gastroesophageal reflux disease (Acid reflux)Treatment of Functional dyspepsia,
Etocox 90 Tablet, Pain relief,
Emigo-MD Tablet,Treatment of NauseaTreatment of Vomiting,
Epofit 10000IU Injection,Treatment of Anemia due to chronic kidney diseaseTreatment of Anemia due to cancer chemotherapy,
Ezentia Tablet, High cholesterol,
Epitra 500 Tablet,Treatment of Epilepsy/Seizures,
Etosaid MR Tablet,Treatment of Pain due to muscle spasm,
Etoford 90 Tablet, Pain relief,
Eglucent Rapid 100IU/ml Solution for Injection,Treatment of Diabetes,
Etolid-MR Tablet, Pain due to muscle spasm,
Esofine 40 Tablet,Treatment of Gastroesophageal reflux disease (Acid reflux)Treatment of Peptic ulcer diseaseTreatment of Zollinger-Ellison syndrome,
Ezanic 20% Gel,Treatment of Acne,
Ecosprin Gold  10 Forte Capsule,Prevention of Heart attack,
Emidoxyn 5mg Tablet MD,Treatment of VertigoTreatment of NauseaTreatment of VomitingTreatment of MigraineTreatment of Short term anxiety,
Endobloc 5 Tablet, Pulmonary arterial hypertension (PAH),
Etosaid 90 Tablet, Pain relief,
Embeta AM 50 Tablet PR,Treatment of Hypertension (high blood pressure),
Etoro 90mg Tablet, Pain relief,
Eritel-Trio Tablet, Hypertension (high blood pressure),
Euthyrox 100 Tablet,Treatment of Hypothyroidism,
Erythego Gel, Rosacea,
Etowin MR 60mg/4mg Tablet,Treatment of Pain due to muscle spasm,
Equirab 1500 Injection, Prevention of Rabies,
E-Tag Syrup, Cough with mucus,
Eptus 50 Tablet,Treatment of Hypertension (high blood pressure)Treatment of EdemaTreatment of Heart failure,
Emcor Cream, Skin conditions with inflammation & itching,
Etan-G Cream, Bacterial skin infections,
Espin-AT Tablet, Hypertension (high blood pressure),
Espin-AT Tablet, Hypertension (high blood pressure),
Elriz XL Tablet, Cough,
Esomac 20 Tablet,Treatment of Gastroesophageal reflux disease (Acid reflux)Treatment of Peptic ulcer diseaseTreatment of Zollinger-Ellison syndrome,
Entofoam Foam,Treatment of Eczema Severe allergic reactionsTreatment of Allergic conditionsTreatment of CancerTreatment of Skin disordersTreatment of Eye disorders,
Eco Tears Gel,Treatment of Dry eyes,
Eva Q Syrup, Constipation,
Efnocar 20 Tablet,Treatment of Hypertension (high blood pressure),
Eltocin Tablet,Treatment of Bacterial infections,
Enapril 5 Tablet,Treatment of Hypertension (high blood pressure)Treatment of Prevention of heart attack and strokeTreatment of Heart failure,
Ethasyl 250 Tablet, Bleeding,
Eslizen 400mg Tablet, Epilepsy/Seizures,
Emgra Tablet, Hormone replacement therapy,
Escigress 10 Tablet,Treatment of DepressionTreatment of Anxiety disorderTreatment of Panic disorder,
Etex-T Tablet, Heavy menstrual bleeding,
Entehep 0.5 Tablet, Chronic hepatitis B virus (HBV) infection,
Esipram 10 Tablet,Treatment of DepressionTreatment of Anxiety disorderTreatment of Panic disorder,
Etova-MR Forte Tablet, Pain due to muscle spasm,
Eslo-Tel 2.5mg Tablet,Treatment of Hypertension (high blood pressure),
Esoz 20 Tablet,Treatment of Gastroesophageal reflux disease (Acid reflux)Treatment of Peptic ulcer diseaseTreatment of Zollinger-Ellison syndrome,
Eutropin 4IU Injection, Growth failure due to growth hormone deficiency,
Espin 2.5 Tablet,Treatment of Hypertension (high blood pressure)Prevention of Angina (heart-related chest pain)Prevention of Heart attackPrevention of Stroke,
Entaliv 0.5 Tablet, Chronic hepatitis B virus (HBV) infection,
Envas 10 Tablet,Treatment of Hypertension (high blood pressure)Treatment of Prevention of heart attack and strokeTreatment of Heart failure,
Ezanic 10% Cream,Treatment of Acne,
Esomefol Tablet,Treatment of Gastroesophageal reflux disease (Acid reflux)Treatment of Peptic ulcer diseaseTreatment of Zollinger-Ellison syndrome,
Embeta XR 12.5 Tablet,Treatment of Hypertension (high blood pressure)Treatment of Angina (heart-related chest pain)Treatment of ArrhythmiaPrevention of Heart attackPrevention of Migraine,
EC Pan DSR Capsule,Treatment of Gastroesophageal reflux disease (Acid reflux)Treatment of Peptic ulcer disease,
Elocon Lotion,Treatment of Skin conditions with inflammation & itching,
Etogesic 400 Tablet, Pain relief,
Emty Oral Solution,Treatment of ConstipationTreatment of Hepatic encephalopathy,
EV 2mg Tablet, Hormone replacement therapy,
Escitalent 10 Tablet,Treatment of DepressionTreatment of Anxiety disorderTreatment of Panic disorder,
Ezimet Cream,Treatment of Skin conditions with inflammation & itching,
Exermet 500 SR Tablet,Treatment of Type 2 diabetes mellitus,
Episert Cream,Treatment of Fungal skin infectionsTreatment of Fungal infections,
Eritel H Tablet,Treatment of Hypertension (high blood pressure),
Eslo-AT Tablet,Treatment of Hypertension (high blood pressure),
Esam 2.5 Tablet,Treatment of Hypertension (high blood pressure)Prevention of Angina (heart-related chest pain)Prevention of Heart attackPrevention of Stroke,
Eglucent Mix 50 100IU/ml Suspension for Injection, Diabetes,
Esoz L Capsule SR,Treatment of Gastroesophageal reflux disease (Acid reflux)Treatment of Peptic ulcer disease,
Etowin P 60mg/325mg Tablet, Pain relief,
Eberjen-M Cream,Treatment of Fungal skin infections,
Esgipyrin 50mg/325mg Tablet, Pain relief,
Enzamide 40mg Capsule, Prostate cancer,
Ezimet-F Cream,Treatment of Skin conditions with inflammation & itching,
Evict Oral Solution,Treatment of ConstipationTreatment of Hepatic encephalopathy,
Efipres Injection, Hypotension following spinal anesthesia,
Etody 60 Tablet, Pain relief,
Endokine 300mcg Injection,Prevention of Infections after chemotherapy,
Efil 10mg Tablet,Treatment of Erectile dysfunctionTreatment of Pulmonary arterial hypertension (PAH),
Etos 60 Tablet, Pain relief,
Endothik Tablet, Hormone replacement therapy,
Eva Q Plus  Oral Emulsion Strawberry Mint Sugar Free, Constipation,
Eptoin 50 Tablet,Treatment and prevention of Epilepsy/Seizures,
Embeta 25 Tablet,Treatment of Hypertension (high blood pressure)Treatment of Angina (heart-related chest pain)Treatment of ArrhythmiaPrevention of Heart attackPrevention of Migraine,
Exel M Skin Cream,Treatment of Skin infections,
Emeset Injection 4ml,Treatment of Nausea Vomiting,
Ezhh Cream,Treatment of Fungal skin infections,
Eflo Eye Drop, Redness and swelling in the eye,
Emeset 4 ODT Tablet,Treatment of NauseaTreatment of Vomiting,
Eyemac Eye Drop,Treatment of Dry eyes,
Enzomac CM Particles,Treatment of Bacterial skin infections,
Eritel-CH 80 Tablet, Hypertension (high blood pressure),
Exenta 25 Tablet,Treatment of Hypertension (high blood pressure)Treatment of EdemaTreatment of Heart failure,
Euglim-M 2 Tablet PR,Treatment of Type 2 diabetes mellitus,
Ethasyl T 500 mg/250 mg Tablet, Heavy menstrual bleeding,
Elvix Gel, Neuropathic pain,
Exena 25 Tablet ER,Treatment of Overactive bladder (OAB) symptoms,
Eurepa MF 1 Tablet,Treatment of Type 2 diabetes mellitus,
Embeta-R 2.5 Tablet, Hypertension (high blood pressure),
Euglim 1 Tablet,Treatment of Type 2 diabetes mellitus,
Esokem -D Capsule SR,Treatment of Gastroesophageal reflux disease (Acid reflux)Treatment of Functional dyspepsia,
Eltroxin 88mcg Tablet,Treatment of Hypothyroidism,
Eticort 6 Tablet,Treatment of Inflammatory conditionsTreatment of Autoimmune conditionsTreatment of Cancer,
Enzoheal Forte Tablet, Pain relief,
Esava Cream, Fungal skin infections,
Etofree 600 ER Tablet, Pain relief,
Exel skin Cream,Treatment of Allergic skin conditions,
Edrive-TD Tablet,Treatment of Premature ejaculation,
Embeta 50 Tablet,Treatment of Hypertension (high blood pressure)Treatment of Angina (heart-related chest pain)Treatment of ArrhythmiaPrevention of Heart attackPrevention of Migraine,
Etoford P 60 mg/325 mg Tablet, Pain relief,
Enzoflam SV  Tablet, Pain relief,
Ebspor Cream,Treatment of Fungal skin infections,
Exsora Ointment,Treatment of Psoriasis,
Etoford 120 Tablet, Pain relief,
Eritel 20 Tablet,Treatment of Hypertension (high blood pressure) Prevention of heart attack and strokeTreatment of Heart failure,
Esole Delayed Release Granules,Treatment of Gastroesophageal reflux disease (Acid reflux)Treatment of Peptic ulcer diseaseTreatment of Zollinger-Ellison syndrome,
Embeta-R 5 Tablet ER, Hypertension (high blood pressure),
Ect Plus Tablet,Treatment of Pain due to muscle spasm,
Eritel-CH 40 Trio Tablet, Hypertension (high blood pressure),
Enrifol 2mg Tablet, Hormone replacement therapy,
Erypeg 50mcg Injection,Treatment of Anemia due to chronic kidney diseaseTreatment of Anemia due to cancer chemotherapy,
Eema Hmg 150IU Injection, Female infertility Male hypogonadism Male infertility,
Extralast Tablet,Treatment of Premature ejaculation,
Effenac 600 Effervescent Tablet Orange,Treatment of Paracetamol toxicity,
Enzosafe-D Tablet, Pain relief,
Esam 5 Tablet,Treatment of Hypertension (high blood pressure)Prevention of Angina (heart-related chest pain)Prevention of Heart attackPrevention of Stroke,
EJ  30 Tablet,Treatment of Premature ejaculation,
Ebast Suspension, Allergic conditions,
Escigress 5 Tablet,Treatment of DepressionTreatment of Anxiety disorderTreatment of Panic disorder,
Encorate Chrono 400 Tablet CR, Epilepsy,
Ecothral 500mg Tablet,Treatment of Bacterial infections,
Essita 10 Tablet,Treatment of DepressionTreatment of Anxiety disorderTreatment of Panic disorder,
Euglim-M 1 Tablet PR,Treatment of Type 2 diabetes mellitus,
Epilite Topical Solution, Melasma,
Eleftha 440mg Injection, Breast cancer Stomach cancer,
Embeta-TM 25 Tablet ER,Treatment of Hypertension (high blood pressure),
Epsolin ER 300 Tablet,Treatment and prevention of Epilepsy/Seizures,
Exizol Shampoo,Treatment of Fungal infections,
Etova 200 Tablet, Pain relief,
Eslo-Tel 5mg Tablet,Treatment of Hypertension (high blood pressure),
Ebamont Tablet, Sneezing and runny nose due to allergies,
Etorica 120 Tablet, Pain relief,
Elores 3000mg Injection,Treatment of Bacterial infections,
Esurance Tablet, Hormone replacement therapy,
Erzol-D Capsule SR,Treatment of Gastroesophageal reflux disease (Acid reflux)Treatment of Peptic ulcer disease,
Eritel LN 80 Tablet,Treatment of Hypertension (high blood pressure),
Elicia 4 Tablet, Schizophrenia Mania,
Exermet GM 502 Tablet PR,Treatment of Type 2 diabetes mellitus,
Ericlear Cream,Treatment of Fungal skin infections,
Eva Q Syrup Child Pack, Constipation,
Encorate Oral Solution, Epilepsy/SeizuresPrevention of Migraine Bipolar disorder,
Esiflo 100 Transcaps,Treatment of Chronic obstructive pulmonary disease (COPD),
Etoshine NP Tablet PR, Neuropathic pain,
Eva Q Fiber Granules,Treatment of Constipation,
Entrak Soothe Eye Ointment,Treatment of Allergic eye disease,
Entacom Tablet, Parkinson's disease,
Esomac D 20 Capsule SR,Treatment of Gastroesophageal reflux disease (Acid reflux)Treatment of Functional dyspepsia,
Enapril-HT Tablet, Hypertension (high blood pressure),
Ethasyl Injection,Treatment of Bleeding,
Epival Tablet, Epilepsy/SeizuresPrevention of Migraine Bipolar disorder,
Ethamcip 250mg Tablet, Bleeding,
Etospeed 90 Tablet, Pain relief,
Etogesic T Tablet, Pain due to muscle spasm,
Endonok Tablet,Treatment of pelvic pain associated with Endometriosis,
Equisulin-M 30 100IU/ml, Diabetes,
Etofex 120mg Tablet,Treatment of Sneezing and runny nose due to allergiesTreatment of Allergic conditions,
Ebernet Lot,Treatment of Fungal skin infections,
Ebal 10 Tablet, Allergic conditions,
Ezact 120 Tablet, Pain relief,
Enapril 2.5 Tablet,Treatment of Hypertension (high blood pressure)Treatment of Prevention of heart attack and strokeTreatment of Heart failure,
Epsolin 300 Tablet,Treatment and prevention of Epilepsy/Seizures,
Emluz Cream,Treatment of Fungal skin infections,
Emefilm Orally Disintegrating Strip,Treatment of NauseaTreatment of Vomiting,
Eyebrex 0.3% Liquifilm,Treatment of Bacterial eye infections,
Epival Oral Solution, Epilepsy/SeizuresPrevention of Migraine Bipolar disorder,
ESGIPYRIN DS INJECTION, Pain relief,
Epineuron SR Tablet, Diabetic nerve pain,
Eberfun Cream,Treatment of Fungal skin infections,
Esta 10 Tablet,Treatment of DepressionTreatment of Anxiety disorderTreatment of Panic disorder,
Eberwin Cream,Treatment of Fungal skin infections,
Entavir 1mg Tablet, Chronic hepatitis B virus (HBV) infection,
Etoxib 60 Tablet, Pain relief,
Esys Tablet,Treatment of Gastroesophageal reflux disease (Acid reflux)Treatment of Peptic ulcer diseaseTreatment of Zollinger-Ellison syndrome,
Epilex Oral Solution, Epilepsy/SeizuresPrevention of Migraine Bipolar disorder,
Epilive 750 Tablet,Treatment of Epilepsy/Seizures,
Etody 120 Tablet, Pain relief,
Exermet GM 501 Tablet PR,Treatment of Type 2 diabetes mellitus,
Escipra 10 Tablet,Treatment of DepressionTreatment of Anxiety disorderTreatment of Panic disorder,
Eberclin Cream,Treatment of Fungal skin infections,
Etrobax 120 Tablet, Pain relief,
Ethinorm P 5mg Tablet,Treatment of Heavy menstrual bleedingTreatment of Pain during menstruationTreatment of EndometriosisTreatment of Premenstrual syndrome (PMS),
Emestat OD Tablet,Treatment of Nausea and vomiting in pregnancy,
EN-Clofert 50 Tablet, Female infertility,
Etaze-ID Cream,Treatment of Skin conditions with inflammation & itching,
Efonta 40mg Tablet,Treatment of Hypertension (high blood pressure),
Endobreak 2mg Tablet,Treatment of pelvic pain associated with Endometriosis,
Ebal-M Tablet, Sneezing and runny nose due to allergies,
Ebuxo 40 Tablet,Treatment of Gout,
Enzox-Forte Tablet,Treatment of Pancreatic enzyme deficiency,
Etorite MR 400mg/4mg Tablet, Pain due to muscle spasm,
Euclide M 30 OD Tablet ER,Treatment of Type 2 diabetes mellitus,
Enliva 20mg/75mg Capsule SR,Treatment of Gastroesophageal reflux disease (Acid reflux)Treatment of Intestinal ulcersTreatment of Irritable bowel syndrome,
Efzu Tablet PR,Treatment of Benign prostatic hyperplasia,
Epilive 250 Tablet,Treatment of Epilepsy/Seizures,
Emlevo 500 Tablet,Treatment of Epilepsy/Seizures,
Euthyrox 75 Tablet,Treatment of Hypothyroidism,
Eberjen Cream,Treatment of Fungal skin infections,
Edinase-D  Tablet, Pain relief,
Etornext-TH Tablet, Pain due to muscle spasm,
Esiflo 500 Transcaps,Treatment of Chronic obstructive pulmonary disease (COPD),
Eternex-T Tablet,Treatment of Type 2 diabetes mellitus,
Euglim 2 Tablet,Treatment of Type 2 diabetes mellitus,
Etaze-AF Lotion,Treatment of Fungal skin infections,
Evict XF Solution,Treatment of ConstipationTreatment of Hepatic encephalopathy,
Erox CV Dry Syrup,Treatment of Resistance Tuberculosis (TB)Treatment of Bacterial infections,
Eurolide 3.75mg Depot Injection,Treatment of Prostate cancerTreatment of EndometriosisTreatment of Uterine fibroidsTreatment of Precocious puberty (premature puberty),
Ezicas Nasal Spray,Treatment of Sneezing and runny nose due to allergies,
Esobiz-L Capsule SR,Treatment of Gastroesophageal reflux disease (Acid reflux)Treatment of Peptic ulcer disease,
Embeta XR 100 Tablet,Treatment of Hypertension (high blood pressure)Treatment of Angina (heart-related chest pain)Treatment of ArrhythmiaPrevention of Heart attackPrevention of Migraine,
Ezeepam 5 Tablet,Treatment of DepressionTreatment of Anxiety disorderTreatment of Panic disorder,
Embeta AM 25 Tablet PR,Treatment of Hypertension (high blood pressure),
Epofit 5000IU Injection,Treatment of Anemia due to chronic kidney diseaseTreatment of Anemia due to cancer chemotherapy,
Epocept 4000IU Injection,Treatment of Anemia due to chronic kidney diseaseTreatment of Anemia due to cancer chemotherapy,
Enpred Eye Drop, Post-operative eye pain and inflammation,
Ensarin-MF Cream,Treatment of Skin infections,
Euclide M 60 OD Tablet ER,Treatment of Type 2 diabetes mellitus,
Esokem-L Capsule SR,Treatment of Gastroesophageal reflux disease (Acid reflux)Treatment of Peptic ulcer disease,
Eritel B 40mg/50mg Tablet PR,Treatment of Hypertension (high blood pressure),
Espin TM  Tablet, Hypertension (high blood pressure),
Entacom Plus 100 Tablet, Parkinson's disease,
Eglucent Rapid 100IU/ml Kwikpen,Treatment of Diabetes,
Etowin 60mg Tablet, Pain relief,
Etonow-MR Tablet,Treatment of Pain due to muscle spasm,
Edinase  -DS Tablet, Pain relief,
Erypro 4000IU Injection,Treatment of Anemia due to chronic kidney diseaseTreatment of Anemia due to cancer chemotherapy,
Etorica 60 Tablet, Pain relief,
Eurepa-V 1/0.2 Tablet,Treatment of Type 2 diabetes mellitus,
Easyfive-TT Vaccine,Prevention of DiphtheriaPrevention of TetanusPrevention of Pertussis Prevention of Hepatitis B infectionPrevention of Haemophilus influenzae Type b disease,
Eslo Tan Tablet, Hypertension (high blood pressure),
Endogest 400 SR Tablet, Hormone replacement therapyTreatment of Female infertility,
Elcephase 500mg Tablet,Treatment of Type 2 diabetes mellitus,
Epinext 500 Tablet,Treatment of Epilepsy/Seizures,
Esiflo Hfa 125 Transhaler,Treatment of Chronic obstructive pulmonary disease (COPD),
E-Ova L 2.5 Tablet,Treatment of Breast cancerTreatment of Infertility due to anovulation,
Espidase 10mg Tablet, Pain relief Swelling,
Etoxib 120 Tablet, Pain relief,
Eslot 5mg Tablet,Treatment of Allergic conditions,
Estina Eye Drop, Allergic eye disease,
Eritel B 40mg/25mg Tablet PR,Treatment of Hypertension (high blood pressure),
Efficort Cream,Treatment of Eczema Severe allergic reactionsTreatment of Allergic conditionsTreatment of CancerTreatment of Skin disordersTreatment of Eye disorders,
Ebernet Cream,Treatment of Fungal skin infections,
Eslo-Met 2.5 Tablet,Treatment of Hypertension (high blood pressure),
Etosaid 60 Tablet, Pain relief,
Eglucent Mix 25 Kwikpen 100IU/ml, Diabetes,
Eslo-5 AT Tablet,Treatment of Hypertension (high blood pressure),
Escnx 10mg Tablet,Treatment of DepressionTreatment of Anxiety disorderTreatment of Panic disorder,
Enfiera 500mg Injection, Non-Hodgkin lymphoma (NHL) Rheumatoid arthritis Blood cancer (Chronic lymphocytic leukemia) Granulomatosis with polyangiitis Microscopic polyangiitis,
Enoxarin 60 Injection,Treatment and prevention of Blood clots,
Etoriflex-MR4 Tablet,Treatment of Pain due to muscle spasm,
Ebasil 20 Tablet, Allergic conditions,
Enzase 10000 Tablet,Treatment of Pancreatic enzyme deficiency,
Ebmont FX3 Tablet, Asthma,
Etotol 150 Tablet,Treatment of Muscle pain,
Evict Fibre Granules, Constipation,
Eritel 80 Tablet,Treatment of Hypertension (high blood pressure) Prevention of heart attack and strokeTreatment of Heart failure,
Epilive Syrup,Treatment of Epilepsy/Seizures,
Eco Tears XL Eye Drop,Treatment of Dry eyes,
Etorvel 90 Tablet, Pain relief,
Endogest 100 Capsule, Hormone replacement therapyTreatment of Female infertility,
Eclospan Cream, Skin infections,
Erypeg 75mcg Injection,Treatment of Anemia due to chronic kidney diseaseTreatment of Anemia due to cancer chemotherapy,
Evopin 400 Capsule,Treatment of Vitamin E deficiency,
Emgrast 300mcg Injection,Prevention of Infections after chemotherapy,
Eberclin-M Cream,Treatment of Fungal skin infections,
Eubri Eye Drop,Treatment of Dry eyes,
Ecoglip-T Tablet,Treatment of Type 2 diabetes mellitus,
Eternex-M 500 Tablet SR,Treatment of Type 2 diabetes mellitus,
Ebermed 1% Cream,Treatment of Fungal skin infections,
Eritel-CH 80 Trio Tablet, Hypertension (high blood pressure),
Ezuric 25mg Tablet,Treatment of Hypertension (high blood pressure)Treatment of EdemaTreatment of Heart failure,
Eslizen 600mg Tablet, Epilepsy/Seizures,
Envas H Tablet, Hypertension (high blood pressure),
Exermet 1000 Tablet SR,Treatment of Type 2 diabetes mellitus,
Enace D 10 Tablet, Hypertension (high blood pressure),
Endobloc 10 Tablet, Pulmonary arterial hypertension (PAH),
Encorate Chrono 600 Tablet CR, Epilepsy,
Eslo 1.25 Tablet,Treatment of Hypertension (high blood pressure)Prevention of Angina (heart-related chest pain)Prevention of Heart attackPrevention of Stroke,
Etofine MR 60mg/4mg Capsule,Treatment of Pain due to muscle spasm,
Esam-AT Tablet,Treatment of Hypertension (high blood pressure),
Elmovel TF Gel,Treatment of Fungal skin infections,
Ebasil Tablet, Allergic conditions,
Enam 10 Tablet,Treatment of Hypertension (high blood pressure)Treatment of Prevention of heart attack and strokeTreatment of Heart failure,
Eplerite 25 Tablet,Treatment of Hypertension (high blood pressure)Treatment of EdemaTreatment of Heart failure,
Eurepa-V 0.5/0.3 Tablet,Treatment of Type 2 diabetes mellitus,
Eudyna Cream,Treatment of Acne Acute promyelocytic leukaemia,
Etaze HT Cream,Treatment of Melasma,
Ect 60 Tablet, Pain relief,
Exermet GM Forte 2 Tablet PR,Treatment of Type 2 diabetes mellitus,
Elicia 8 Tablet, Schizophrenia Mania,
Eprytor-A Tablet SR, Pain due to muscle spasm,
Entacom Plus 150 Tablet, Parkinson's disease,
Etosaid 120 Tablet, Pain relief,
Etaze-AF Cream,Treatment of Fungal skin infections,
Euclide 80 Tablet,Treatment of Type 2 diabetes mellitus,
Ethimom Cream,Treatment of Skin conditions with inflammation & itching,
Ecorab D Capsule SR,Treatment of Gastroesophageal reflux disease (Acid reflux)Treatment of Peptic ulcer disease,
Ezeepam 10 Tablet,Treatment of DepressionTreatment of Anxiety disorderTreatment of Panic disorder,
Eukarit 100 Capsule,Treatment of Fungal infections,
Epotrend 4000 Injection,Treatment of Anemia due to chronic kidney diseaseTreatment of Anemia due to cancer chemotherapy,
Escnx 5mg Tablet,Treatment of DepressionTreatment of Anxiety disorderTreatment of Panic disorder,
Endocryl 0.5ml Injection, Bleeding,
Ebercos Cream,Treatment of Fungal skin infections,
Enzase 25000 Tablet,Treatment of Pancreatic enzyme deficiency,
Epalrica-M Tablet SR, Diabetic nerve pain,
Epilive ER 1000 Tablet,Treatment of Epilepsy/Seizures,
Ethislone 16mg Tablet,Treatment of Rheumatic disorderTreatment of Systemic lupus erythematosus (SLE)Treatment of Allergic conditionsTreatment of Eye disordersTreatment of Skin disorders,
Etofine 90mg Capsule, Pain relief,
Escitalent 5 Tablet,Treatment of DepressionTreatment of Anxiety disorderTreatment of Panic disorder,
Evoxil-HP Kit,Treatment of Peptic ulcer disease,
Epsolin ER 200 Tablet,Treatment and prevention of Epilepsy/Seizures,
Eveglow Cream,Treatment of Melasma,
Edinase  Tablet, Pain relief,
Ebermac Cream,Treatment of Fungal skin infections,
Escipra 15mg Tablet,Treatment of DepressionTreatment of Anxiety disorderTreatment of Panic disorder,
Ethored TX 250mg/250mg Tablet, Heavy menstrual bleeding,
Endor Eye Drop,Treatment of Glaucoma,
Ebov MR  4 Tablet,Treatment of Pain due to muscle spasm,
Eberfine Cream,Treatment of Fungal skin infections,
Etorite Tablet PR, Pain relief,
Ebov 90 Tablet, Pain relief,
Epineuron Tablet, Diabetic nerve pain,
Evict Oral Solution,Treatment of ConstipationTreatment of Hepatic encephalopathy,
Espin MT Tablet ER,Treatment of Hypertension (high blood pressure),
Ephedrex Plus Expectorant,Treatment of Cough with mucus,
Esolyst-D Capsule SR,Treatment of Gastroesophageal reflux disease (Acid reflux)Treatment of Functional dyspepsia,
Exocast Tablet,Treatment of Sneezing and runny nose due to allergies,
Espidase D Tablet, Pain relief,
Ethione CR 15 Tablet,Treatment of Heavy menstrual bleedingTreatment of Pain during menstruationTreatment of EndometriosisTreatment of Premenstrual syndrome (PMS),
Excex Gel,Treatment of Acne,
Excex Gel,Treatment of Acne,
Etonow 90 Tablet, Pain relief,
Eberderm Cream,Treatment of Fungal skin infections,
Eclo Cream,Treatment of Allergic skin conditions,
Ezimet-S Ointment, Eczema Psoriasis,
Esmozole DSR Capsule,Treatment of Gastroesophageal reflux disease (Acid reflux)Treatment of Functional dyspepsia,
Ezanic 10% Gel,Treatment of Acne,
Eritel 80-H Tablet,Treatment of Hypertension (high blood pressure),
Ebmont FX 10mg/120mg Tablet,Treatment of Sneezing and runny nose due to allergies,
Espin H 2.5 mg/12.5 mg Tablet, Hypertension (high blood pressure),
Endofit Tablet,Treatment of pelvic pain associated with Endometriosis,
Eslizen 800mg Tablet, Epilepsy/Seizures,
Epirate Chrono 500 Tablet, Epilepsy,
Erbimesh Cream, Fungal skin infections,
Escipra 5 Tablet,Treatment of DepressionTreatment of Anxiety disorderTreatment of Panic disorder,
Emprogest -SR 300 Tablet, Hormone replacement therapy Female infertility,
Episert Cream,Treatment of Fungal skin infectionsTreatment of Fungal infections,
Epitrate Injection 1 ml, Pupil dilation,
Eltroxin 75mcg Tablet,Treatment of Hypothyroidism,
Exinia 25 Tablet,Treatment of Hypertension (high blood pressure)Treatment of EdemaTreatment of Heart failure,
Eternex-M 1000 Tablet SR,Treatment of Type 2 diabetes mellitus,
Escipra 20 Tablet,Treatment of DepressionTreatment of Anxiety disorderTreatment of Panic disorder,
Escitalent 20 Tablet,Treatment of DepressionTreatment of Anxiety disorderTreatment of Panic disorder,
Eglucent Mix 50 Kwikpen 100IU/ml, Diabetes,
Emrolfin Cream,Treatment of Fungal infections,
Enoxatroy 40mg Injection,Treatment and prevention of Blood clots,
Ecofab-HA Eye Drop,Treatment of Dry eyes,
Ebonte-M Tablet, Sneezing and runny nose due to allergies,
Eliwel 75mg Tablet,Treatment of Depression Neuropathic painTreatment of Migraine,
Evimeto 50 Tablet PR,Treatment of Hypertension (high blood pressure)Treatment of Angina (heart-related chest pain)Treatment of ArrhythmiaPrevention of Heart attackPrevention of Migraine,
Evict XF Solution,Treatment of ConstipationTreatment of Hepatic encephalopathy,
Ecopan DSR 30 mg/20 mg Tablet,Treatment of Gastroesophageal reflux disease (Acid reflux)Treatment of Peptic ulcer disease,
Euthyroid 50 Tablet,Treatment of Hypothyroidism,
Exenta 50 Tablet,Treatment of Hypertension (high blood pressure)Treatment of EdemaTreatment of Heart failure,
Eflo 0.1% Eye Ointment, Redness and swelling in the eye,
Eleftha 150mg Injection, Breast cancer Stomach cancer,
Evimeto 25 Tablet PR,Treatment of Hypertension (high blood pressure)Treatment of Angina (heart-related chest pain)Treatment of ArrhythmiaPrevention of Heart attackPrevention of Migraine,
Efavir 600 Tablet,Treatment of HIV infection,
Eliptin M 500mg/20mg Tablet SR,Treatment of Type 2 diabetes mellitus,
Endometryl 200mg Capsule,Treatment of Benign fibrocystic breast diseaseTreatment of EndometriosisTreatment of Premenstrual syndrome (PMS)Treatment of Menstrual pain,
Egeptin 16mg Tablet,Treatment of Meniere's disease,
Etonow 120 Tablet, Pain relief,
Encelax Syrup, Constipation,
Eclo 6 Ointment,Treatment of EczemaTreatment of Psoriasis,
Euthyroid 25 Tablet,Treatment of Hypothyroidism,
Eczmate-F Cream,Treatment of Skin conditions with inflammation & itching,
Easyaid 1 Tablet PR,Treatment of Type 2 diabetes mellitus,
Elesert 100 Tablet,Treatment of DepressionTreatment of Post traumatic stress disorderTreatment of Obsessive-compulsive disorderTreatment of Panic disorderTreatment of Premenstrual dysphoric disorderTreatment of AnxietyTreatment of Premenstrual syndrome (PMS),
Enzrid-DS Tablet, Pain relief,
Enzoloy H Tablet, Pain relief,
Enzrid 90mg/48mg/100mg Tablet, Pain relief,
Ebspor Cream,Treatment of Fungal skin infections,
Espin 1.25mg Tablet,Treatment of Hypertension (high blood pressure)Prevention of Angina (heart-related chest pain),
Endyze 170 mg/80 mg Tablet, Indigestion Bloating,
Etrovis 90 Tablet, Pain relief,
Euthyroid 100 Tablet,Treatment of Hypothyroidism,
Etorvel 120mg Tablet, Pain relief,
Eglucent Kwikpen,Treatment of Diabetes,
Era-H Tablet,Treatment of Rheumatoid arthritisTreatment of Systemic lupus erythematosus (SLE)Treatment of Type 2 diabetes mellitus,
Enzowin-D  Tablet, Pain relief,
Eberwin Cream,Treatment of Fungal skin infections,
Emesafe Oral Spray,Treatment of NauseaTreatment of Vomiting,
Efiglin-M 500mg/20mg Tablet ER,Treatment of Type 2 diabetes mellitus,
Erbinox Tablet, Fungal infections,
Erbinox Tablet, Fungal infections,
Elocon Ointment,Treatment of Skin conditions with inflammation & itching,
Enzigest 25000 Capsule,Treatment of Pancreatic enzyme deficiency,
Etogrand 90 Tablet, Pain relief,
E-Vir Tablet, Chronic hepatitis B virus (HBV) infection,
Erophylline 100mg Capsule,Treatment of AsthmaTreatment of BronchitisTreatment of Chronic obstructive pulmonary disease (COPD),
Enristas 2MF Tablet PR,Treatment of Type 2 diabetes mellitus,
Endoformin VG  2mg/500mg/0.2mg Tablet ER,Treatment of Type 2 diabetes mellitus,
Evoxil CV 500mg/125mg Tablet,Treatment of Bacterial infections,
Evoxil CV 500mg/125mg Tablet,Treatment of Bacterial infections,
Endoformin PG 2mg/500mg/15mg Tablet ER,Treatment of Type 2 diabetes mellitus,
E Tel 40mg Tablet,Treatment of Hypertension (high blood pressure) Prevention of heart attack and strokeTreatment of Heart failure,
Ezimet Cream,Treatment of Skin conditions with inflammation & itching,
Exermet GM 0.5 Tablet SR,Treatment of Type 2 diabetes mellitus,
Esitamat 20 Tablet,Treatment of DepressionTreatment of Anxiety disorderTreatment of Panic disorder,
Endofil Tablet,Treatment of Erectile dysfunction,
Epinext 250 Tablet,Treatment of Epilepsy/Seizures,
Etomav 90 Tablet, Pain relief,
Exeption 500 Tablet,Treatment of Bacterial infections,
Eribilin Injection, Metastatic breast cancer,
Exapace Gel, Neuropathic pain,
Etorip-MR Tablet, Pain due to muscle spasm,
Eticort 30 Tablet,Treatment of Inflammatory conditionsTreatment of Autoimmune conditionsTreatment of Cancer,
Emimont 5mg/10mg Tablet,Treatment of Sneezing and runny nose due to allergiesTreatment of Hay feverTreatment of Allergic skin conditions,
Enzowin-D  Softgel Capsule, Pain relief Swelling,
Eczrid Forte Lotion,Treatment of Atopic dermatitis,
Erafate-O Oral Suspension,Treatment of AcidityTreatment of HeartburnTreatment of Stomach ulcers,
Etoroxi 120 Tablet, Pain relief,
Etoroxi 120 Tablet, Pain relief,
Etomav 120 Tablet, Pain relief,
Flucos Gel, Fungal skin infectionsTreatment of Fungal infections,
Febrex 500mg Tablet, Pain reliefTreatment of Fever,
Foracort Forte Inhaler,Treatment of Chronic obstructive pulmonary disease (COPD),
Flunil Suspension,Treatment of DepressionTreatment of Panic disorderTreatment of Obsessive-compulsive disorder,
Fertyl Super 100mg Tablet,Treatment of Female infertility,
Febuday 40 Tablet,Treatment of Gout,
Fibrovas Tablet,Treatment of High cholesterolPrevention of Heart attack,
Flunil 60 Capsule,Treatment of DepressionTreatment of Panic disorderTreatment of Obsessive-compulsive disorder,
Flotral D Tablet,Treatment of Benign prostatic hyperplasia,
Fosfoe Powder Delicious Mango, Bacterial infections of urinary tract,
Flusid Cream,Treatment of Bacterial skin infections Bacterial eye infections,
Fusirose Lotion,Treatment of Bacterial skin infections Bacterial eye infections,
Fungicip 200 Tablet,Treatment of Fungal infections,
Fabulas 40 Tablet,Treatment of Gout,
Fibator 20 Tablet,Treatment of High cholesterolPrevention of Heart attack,
Febuget 80 Tablet,Treatment of Gout,
Formonide 400 Respicaps,Treatment of Chronic obstructive pulmonary disease (COPD),
Fexy Oral Suspension,Treatment of Sneezing and runny nose due to allergiesTreatment of Allergic conditions,
Flacort 6mg Tablet,Treatment of Inflammatory conditionsTreatment of Autoimmune conditionsTreatment of Cancer,
Fluner 5 Tablet,Prevention of Migraine,
Febrex Plus AF Syrup,Treatment of Common cold,
Floatin 20mg Tablet,Treatment of DepressionTreatment of Panic disorderTreatment of Obsessive-compulsive disorder,
Forcef 250mg Tablet,Treatment of Bacterial infections,
Flexabenz ER Capsule, Muscle relaxation,
Fungikem 200 Capsule,Treatment of Fungal infections,
Forcef-CV 250 Tablet,Treatment of Bacterial infections,
Floxip 250 Tablet,Treatment of Bacterial infections,
Frusenex 100 Tablet,Treatment of Hypertension (high blood pressure)Treatment of Edema,
Faceclin AT Gel,Treatment of Acne,
Flohale 0.5mg Respules 2ml,Treatment and prevention of Asthma,
Funzi-NM Cream,Treatment of Skin infections,
Forcan 200mg Infusion,Treatment of Fungal infections,
Flucos 400mg Tablet,Treatment of Fungal infections,
Fungikem 100 Capsule,Treatment of Fungal infections,
Fintop-AF Cream, Fungal nail infections,
Flexaid D Tablet, Osteoarthritis,
Finacet 1mg Tablet,Treatment of Hair loss,
Flumet 150mg Tablet,Treatment of Fungal infections,
Futop Cream,Treatment of Bacterial skin infections Bacterial eye infections,
Folitrax 50 Injection,Treatment of Cancer,
Fexy 120 Tablet,Treatment of Sneezing and runny nose due to allergiesTreatment of Allergic conditions,
Flurish Tablet,Treatment and prevention of postmenopausal Osteoporosis,
Fudic BNF Cream, Skin infections,
Fullform 200 Rotacap, Chronic obstructive pulmonary disease (COPD),
Flublock-AZ Nasal Spray,Treatment of Sneezing and runny nose due to allergies,
Flucold Oral Drops,Treatment of Common cold,
Femovan Tablet, Contraception,
Fibator 5 Tablet,Treatment of High cholesterolPrevention of Heart attack,
Fine Nerve Soft Gelatin Capsule, Neuropathic pain,
Fluvoxin CR 50 Tablet, Depression Obsessive-compulsive disorder,
Fomtide 200 Inhaler,Treatment of Chronic obstructive pulmonary disease (COPD),
Fusigen Spray, Bacterial skin infections,
FCN 200mg Tablet,Treatment of Fungal infections,
Flutrol 250 Capsule,Treatment of Chronic obstructive pulmonary disease (COPD),
Ferinject 50mg/ml Solution for Injection,Treatment of Iron deficiency anemia,
Fubox 40 Tablet,Treatment of Gout,
Freego Granules,Treatment of Constipation,
Fucidin Ointment, Bacterial skin infections,
Funzi-IT 200 Capsule,Treatment of Fungal infections,
Femoston Tablet, Hormone replacement therapy,
Finabald 1mg Tablet,Treatment of Hair loss,
Fertolet Tablet,Treatment of Breast cancerTreatment of Infertility due to anovulation,
Feldex Tablet, Pain relief,
Febuxor 40 Tablet,Treatment of Gout,
Fabiflu 400 Tablet,Treatment of Coronavirus disease (COVID-19),
Femipristal Tablet, Uterine fibroids,
Fegus Vaginal Capsule, Fungal infections of vagina,
FML NEO Liquifilm,Treatment of Bacterial eye infections,
Folitrax 25 Tablet,Treatment of CancerTreatment of Rheumatoid arthritisTreatment of PsoriasisTreatment of Crohn’s disease,
Foracort 100 Rotacap,Treatment of Chronic obstructive pulmonary disease (COPD),
Flutrol 250 Inhaler,Treatment of Chronic obstructive pulmonary disease (COPD),
Fibator LS Tablet,Treatment of High cholesterolPrevention of Heart attack,
Fosfona Powder, Bacterial infections of urinary tract,
Flucos 200 Tablet,Treatment of Fungal infections,
Flucold AF Oral Drops,Treatment of Common cold,
Flavedon 20 Tablet,Treatment of Angina (heart-related chest pain),
Finecef 200mg Tablet DT,Treatment of Bacterial infections,
Fragmin 2500IU Injection,Treatment and prevention of Blood clots,
Formonide 1mg Respules 2ml,Treatment of Chronic obstructive pulmonary disease (COPD),
Fibrodone Tablet,Treatment of Idiopathic pulmonary fibrosis,
Flumet 200mg Tablet,Treatment of Fungal infections,
Febrinil M Syrup, Pain reliefTreatment of Fever,
Febuset 40 Tablet,Treatment of Gout,
Flomon Eye Drop, Redness and swelling in the eye,
Fondaflo 2.5 Injection, Deep vein thrombosis Pulmonary embolism,
Flonida 1% Cream, Actinic keratosis,
Febutax 80 Tablet,Treatment of Gout,
Febugood 40 Tablet,Treatment of Gout,
Fusys DT Tablet,Treatment of Fungal infections,
Formin PG 2 Tablet SR,Treatment of Type 2 diabetes mellitus,
Fungicros Cream,Treatment of Fungal infections,
Floace-T Opthalmic Suspension,Treatment of Bacterial eye infections,
Flurbin Eye Drop,Treatment of Post-operative eye pain and inflammation,
Febrex Plus AF Oral Drops,Treatment of Common cold,
Fusigen-DP Cream, Skin infections,
FXR 10 Tablet,Treatment of Primary biliary cirrhosis,
Flucort Forte Lotion, Skin conditions with inflammation & itching,
Formoflo Forte Transcaps,Treatment of Chronic obstructive pulmonary disease (COPD),
Femcinol-ADP Gel,Treatment of Acne,
Fludac 60 Capsule,Treatment of DepressionTreatment of Panic disorderTreatment of Obsessive-compulsive disorder,
Flexbumin 20% Infusion, Short term fluid replacement after trauma,
Flavospas O 200 mg/200 mg Tablet,Treatment of Urinary tract infections (UTIs),
Fevago DS Suspension, Pain reliefTreatment of Fever,
Forcan 50 Tablet,Treatment of Fungal infections,
Febrinil 650mg Tablet, Pain reliefTreatment of Fever,
Folisurge 150 Injection, Female infertility Male hypogonadism,
Fiasp 100IU/ml Solution for Injection,Treatment of Diabetes,
Finobrate 145mg Tablet, High cholesterol,
Fludot 0.5mg Injection, Benzodiazepine overdose,
Fungeeheal 200 Capsule,Treatment of Fungal infections,
Fenceta Plus 100mg/162.5mg Suspension, Pain reliefTreatment of Fever,
Fusinol Cream, Skin infections,
Fexova 120 Tablet,Treatment of Sneezing and runny nose due to allergiesTreatment of Allergic conditions,
Flucos Lotion,Treatment of Dandruff,
Febumac 80 Tablet,Treatment of Gout,
Frext 50 Tablet, Depression Obsessive-compulsive disorder,
Fungiset 150mg Tablet,Treatment of Fungal infections,
Folitrax 25 Injection,Treatment of Rheumatoid arthritisTreatment of PsoriasisTreatment of CancerTreatment of Crohn’s disease,
ForAir 250 CFC Free Inhaler,Treatment of Chronic obstructive pulmonary disease (COPD),
Fosavance  70 mg/5600 IU Tablet, Osteoporosis,
Fortibile 150 Tablet,Treatment of Primary biliary cirrhosisTreatment of Gallbladder stones,
Facer Sera Tablet, Pain relief,
Formosone 250 Respicap,Treatment of Chronic obstructive pulmonary disease (COPD),
Flecarite 100 Tablet, Arrhythmia,
Fenazol 150 Tablet,Treatment of Fungal infections,
Finehart Tablet,Treatment of High cholesterolPrevention of Heart attack,
Femoston Conti 1mg/5mg Tablet, Hormone replacement therapy,
Flutivate 0.005% Ointment,Treatment of Skin conditions with inflammation & itching,
Fexolife M 10 mg/120 mg Tablet,Treatment of Sneezing and runny nose due to allergies,
Febuvel 40mg Tablet,Treatment of Gout,
Fomtide 400 Octacaps,Treatment of Chronic obstructive pulmonary disease (COPD),
Feliz-S 20 Tablet,Treatment of DepressionTreatment of Anxiety disorderTreatment of Panic disorder,
FZHH Tablet,Treatment of Fungal infections,
Fbt 40 Tablet,Treatment of Gout,
Fiberlact Granules,Treatment of Constipation,
Fungdid B Cream,Treatment of Fungal skin infections,
FT-Mac Cream,Treatment of Bacterial skin infections Bacterial eye infections,
Fluvator 50 Tablet, Depression Obsessive-compulsive disorder,
Funzi-IT 100mg Capsule,Treatment of Fungal infections,
Fenixa 180 Tablet,Treatment of Sneezing and runny nose due to allergiesTreatment of Allergic conditions,
Fasigyn DS 1000mg Tablet, Bacterial infections Parasitic infections,
Fexy 180 Tablet,Treatment of Sneezing and runny nose due to allergiesTreatment of Allergic conditions,
Fenocor 67mg Capsule, High cholesterol,
Fourderm Cream,Treatment of Skin infections,
For-IC Capsule,Treatment of Interstitial cystitis,
Floace Ophthalmic Suspension, Redness and swelling in the eye,
Fluticort F 250 Capsule,Treatment of Chronic obstructive pulmonary disease (COPD),
Flutee 40mg Capsule,Treatment of DepressionTreatment of Panic disorderTreatment of Obsessive-compulsive disorder,
Formonide Forte Respicap,Treatment of Chronic obstructive pulmonary disease (COPD),
Fullform 400 Rotacap, Chronic obstructive pulmonary disease (COPD),
Formoflo 125 Transhaler,Treatment of Chronic obstructive pulmonary disease (COPD),
Flutas 400mg Tablet,Treatment of Fungal infections,
Floatin 10mg Tablet,Treatment of DepressionTreatment of Panic disorderTreatment of Obsessive-compulsive disorder,
Flucos DT 50 Tablet,Treatment of Fungal infections,
Feboxa 80 Tablet,Treatment of Gout,
Fusee Ointment,Treatment of Bacterial skin infections Bacterial eye infections,
Frext CR 100 Tablet, Depression Obsessive-compulsive disorder,
Fexofen 120 Tablet,Treatment of Sneezing and runny nose due to allergiesTreatment of Allergic conditions,
Floatin 40mg Tablet,Treatment of DepressionTreatment of Panic disorderTreatment of Obsessive-compulsive disorder,
Foligraf 150IU Injection, Female infertility,
Faxicad 400 Tablet,Treatment of Hepatic encephalopathyTreatment of Infectious diarrhea,
Fungizole Cream, Fungal skin infections,
FM Derma Ointment, Severe allergic reactionsTreatment of Skin conditions with inflammation & itching,
Fondum 2.5mg Injection, Deep vein thrombosis Pulmonary embolism,
Formonide 100 Inhaler,Treatment of Chronic obstructive pulmonary disease (COPD),
Fungikem 200 Capsule,Treatment of Fungal infections,
Fondared 7.5 Injection, Deep vein thrombosis Pulmonary embolism,
Formost 200 Respicap, Chronic obstructive pulmonary disease (COPD),
Fomtide 200 Octacap,Treatment of Chronic obstructive pulmonary disease (COPD),
Fusiwal Cream,Treatment of Bacterial skin infections Bacterial eye infections,
Fungeeheal 100 Capsule,Treatment of Fungal infections,
Fourderm Cream,Treatment of Skin infections,
Freelac Granules Orange Lemon,Treatment of Constipation,
Flutas 150 Tablet,Treatment of Fungal infections,
Formin Plus  500 Tablet SR,Treatment of Type 2 diabetes mellitus,
Folitrax 20 Injection,Treatment of Rheumatoid arthritisTreatment of PsoriasisTreatment of CancerTreatment of Crohn’s disease,
Fritolev 500 Tablet,Treatment of Epilepsy/Seizures,
Frext 100 Tablet, Depression Obsessive-compulsive disorder,
Fenza-L Cream,Treatment of Fungal skin infections,
ForAir 250 Respicap,Treatment of Chronic obstructive pulmonary disease (COPD),
Fabiflu Tablet,Treatment of Coronavirus disease (COVID-19),
Flame 20mg Tablet,Treatment of DepressionTreatment of Panic disorderTreatment of Obsessive-compulsive disorder,
Fibrogesic N Tablet,Treatment of Neuropathic pain,
Febs Tablet,Treatment of Gout,
Foxstat 80 Tablet,Treatment of Gout,
Firmagon 80mg Injection, Prostate cancer,
Fexocet 180mg Tablet,Treatment of Sneezing and runny nose due to allergiesTreatment of Allergic conditions,
Femcinol-A Gel,Treatment of Acne,
Fintrix Tablet, Fungal infections,
Fbx 80 Tablet,Treatment of Gout,
Famcimac 250 Tablet, Herpes labialis Herpes Simplex Virus Infections Shingles Genital herpes infection,
Flublock Nasal Spray,Treatment of Sneezing and runny nose due to allergies,
Flugesic SR Tablet, Pain relief,
Femitraz Tablet, Breast cancer,
Flexilor 8 Tablet, Pain relief,
Fluoren Nasal Spray,Treatment of Sneezing and runny nose due to allergies,
Facer-MR Tablet,Treatment of Muscular pain,
Funzi-L Lotion Alcohol Free,Treatment of Fungal skin infections,
Floxsafe 400 Tablet,Treatment of Bacterial eye infections,
Flupanol 10mg Tablet,Prevention of Migraine,
Fintop-AF Cream, Fungal nail infections,
Fenti Vaginal Capsule, Fungal infections of vagina,
Fever-X Tablet, Pain reliefTreatment of Fever,
Fluticort F 250 Inhaler,Treatment of Chronic obstructive pulmonary disease (COPD),
Formosone 250 CFC Free Inhaler,Treatment of Chronic obstructive pulmonary disease (COPD),
Florina G 0.05mg/0.25mg Tablet, Contraception,
Finacet 5mg Tablet,Treatment of Benign prostatic hyperplasia,
Fungid Best 150mg Tablet,Treatment of Fungal infections,
Fluvator 100 Tablet, Depression Obsessive-compulsive disorder,
Fostera 20 mg/10 mg Tablet, Bipolar depression,
Fungikem 100 Capsule,Treatment of Fungal infections,
Flohale 2mg Respules 2ml,Treatment and prevention of Asthma,
F Next Dusting Powder,Treatment of Fungal skin infections,
Flarex  Ophthalmic Suspension, Redness and swelling in the eye,
Funzi-L Cream,Treatment of Fungal skin infections,
Forlast 2.5mg Tablet,Treatment of Erectile dysfunction,
Finap Tablet,Treatment of Hair loss,
Fusibest Cream,Treatment of Bacterial skin infections Bacterial eye infections,
Fexofen 180mg Tablet,Treatment of Sneezing and runny nose due to allergiesTreatment of Allergic conditions,
Fibricor Injection, Arrhythmia,
Fintrix 500 Tablet, Fungal infections,
Fentiderm Cream, Fungal infections of vagina,
Fusiron Cream,Treatment of Skin conditions with inflammation & itching,
Fexolife 180 Tablet,Treatment of Sneezing and runny nose due to allergiesTreatment of Allergic conditions,
Furotop FA Cream,Treatment of Skin conditions with inflammation & itching,
Fonafirst 1% Cream, Fungal skin infections,
Formonide Forte 12mcg/400mcg Inhaler,Treatment of Chronic obstructive pulmonary disease (COPD),
Febucip 80 Tablet,Treatment of Gout,
Formost 400 Respicap, Chronic obstructive pulmonary disease (COPD),
Fusiwal B Cream, Skin infections,
Fusiderm Ointment,Treatment of Bacterial skin infections Bacterial eye infections,
Finetret Soft Gelatin Capsule,Treatment of Acne,
Funzi Tablet, Fungal infections,
Finabald 2.5mg Tablet,Treatment of Hair lossTreatment of Benign prostatic hyperplasia,
Formosone Forte Respicap,Treatment of Chronic obstructive pulmonary disease (COPD),
Flosoft Eye Drop, Redness and swelling in the eye,
Formost 200 Inhaler, Chronic obstructive pulmonary disease (COPD),
Fuzinix Cream,Treatment of Bacterial skin infections Bacterial eye infections,
Fusiscalp Lotion,Treatment of Bacterial skin infections Bacterial eye infections,
Fibroprist Tablet, Uterine fibroids,
Fomtide 400 CFC Free Inhaler,Treatment of Chronic obstructive pulmonary disease (COPD),
Fondazest 7.5 Injection, Deep vein thrombosis Pulmonary embolism,
Flutee 60mg Capsule,Treatment of DepressionTreatment of Panic disorderTreatment of Obsessive-compulsive disorder,
Flurisone Eye Ointment, Redness and swelling in the eye,
Fenixa 120 Tablet,Treatment of Sneezing and runny nose due to allergiesTreatment of Allergic conditions,
Femcort 0.1% Cream,Treatment of Skin conditions with inflammation & itching,
Fenza Cream, Fungal infections of vagina,
Febuday 80 Tablet,Treatment of Gout,
Fusicare Cream,Treatment of Bacterial skin infections Bacterial eye infections,
Fevago 120mg Oral Suspension Strawberry, Pain reliefTreatment of Fever,
Forzid 2gm Injection, Bacterial infections,
Febugood 80 Tablet,Treatment of Gout,
ForAir 500 Respicap,Treatment of Chronic obstructive pulmonary disease (COPD),
Firsito 10 Tablet,Treatment of DepressionTreatment of Anxiety disorderTreatment of Panic disorder,
Fensupp 12.5 Suppository, Pain relief,
Formoflo 6mcg/100mcg Transcaps,Treatment of Chronic obstructive pulmonary disease (COPD),
Fertigyn HP 2000 Injection,Treatment of Female infertilityTreatment of Male hypogonadism,
Fungicip 150mg Tablet,Treatment of Fungal infections,
FM 1 Eye Drop, Redness and swelling in the eye,
Fudic Cream,Treatment of Bacterial skin infections Bacterial eye infections,
Foracort 200 Autohaler,Treatment of Chronic obstructive pulmonary disease (COPD),
Flucos ITZ 200 Capsule,Treatment of Fungal infections,
Fosabest Tablet, Osteoporosis,
Fingomod Capsule, Multiple sclerosis (MS),
Forfora-Z Shampoo,Treatment of Dandruff,
Fungotek Cream, Fungal skin infections,
Fexokast 10 mg/120 mg Tablet,Treatment of Sneezing and runny nose due to allergies,
Finabald 5mg Tablet,Treatment of Benign prostatic hyperplasia,
Fulite Cream,Treatment of Bacterial skin infections Bacterial eye infections,
Fluzol 150mg Tablet,Treatment of Fungal infections,
Formost 400 Inhaler, Chronic obstructive pulmonary disease (COPD),
Floxiwave 20 Capsule,Treatment of DepressionTreatment of Panic disorderTreatment of Obsessive-compulsive disorder,
Funspor Dusting Powder,Treatment of Fungal skin infections,
Flucos ITZ 100 Capsule,Treatment of Fungal infections,
Fosidal Powder, Bacterial infections of urinary tract,
Fusoceff CV 200mg/125mg Tablet,Treatment of Respiratory tract infection,
Fubox 80 Tablet,Treatment of Gout,
Fensupp 100 Suppository, Pain relief,
Fusirose 2% Cream,Treatment of Bacterial skin infections Bacterial eye infections,
Fulviglen 250mg Injection, Breast cancer,
Fevago 100mg/ml Drop, Pain reliefTreatment of Fever,
Fusiwal Ointment,Treatment of Bacterial skin infections Bacterial eye infections,
Folitrax 7.5mg Injection,Treatment of Rheumatoid arthritisTreatment of PsoriasisTreatment of CancerTreatment of Crohn’s disease,
Faxicad 200mg Tablet,Treatment of Infectious diarrhea,
Fungerase-L Cream,Treatment of Fungal skin infections,
Flumet 1% Soap, Fungal skin infectionsTreatment of Fungal infections,
Finetears Eye Drop,Treatment of Dry eyes,
Febuxor 80 Tablet,Treatment of Gout,
Fentimax Cream, Fungal infections of vagina,
Fxla 180 Tablet,Treatment of Sneezing and runny nose due to allergiesTreatment of Allergic conditions,
Flupanol 5mg Tablet,Prevention of Migraine,
Fintrix Cream, Fungal skin infections,
Febuset 80 Tablet,Treatment of Gout,
Fungidust Dusting Powder,Treatment of Fungal skin infections,
Formin Plus  1000 Tablet SR,Treatment of Type 2 diabetes mellitus,
Fimagen 60 Tablet, Heart failure Hypertension (high blood pressure) Prevention of heart attack and stroke,
ForAir 125 CFC free Inhaler,Treatment of Chronic obstructive pulmonary disease (COPD),
Fludafos 3gm Powder Vanilla, Bacterial infections of urinary tract,
Fritolev 750 Tablet,Treatment of Epilepsy/Seizures,
Fusee-B Cream, Skin infections,
Fibrocet 50 Tablet, Fibromyalgia Depression,
Fuket Soap, Fungal skin infections,
Fiboresp Tablet,Treatment of Idiopathic pulmonary fibrosis,
Fabulas 80 Tablet,Treatment of Gout,
Fmine 100 Tablet, Depression Obsessive-compulsive disorder,
Folimet 5mg Tablet,Treatment of Anemia due to folic acid deficiency,
Flucos Dusting Powder, Fungal skin infectionsTreatment of Fungal infections,
Fluanxol 3mg Tablet, Schizophrenia Depression Bipolar disorder,
Flunam 20mg Capsule,Treatment of DepressionTreatment of Panic disorderTreatment of Obsessive-compulsive disorder,
Fbt 80 Tablet,Treatment of Gout,
Fucross-B Solution,Treatment of Fungal skin infections,
Foseal 800 Tablet, High phosphate levels in blood,
Fovepta 200IU Solution for Injection, Prevention of Hepatitis B infection,
Flan Eye Ointment, Bacterial eye infectionsTreatment of Bacterial infections,
Fuderm Cream,Treatment of Bacterial skin infections Bacterial eye infections,
Febubest 80 Tablet,Treatment of Gout,
Fluguard 400 Tablet,Treatment of Coronavirus disease (COVID-19),
Fintrix Cream, Fungal skin infections,
Fenograf S 360mg Tablet, Prevention of organ rejection in transplant patients,
Flucalup 50mg Tablet,Treatment of Fungal infections,
Flucos ITZ Dusting Powder,Treatment of Fungal skin infections,
Fatrova FT 160mg/10mg Tablet,Treatment of High cholesterolPrevention of Heart attack,
Fexopen 180mg Tablet,Treatment of Sneezing and runny nose due to allergiesTreatment of Allergic conditions,
Floxiwave 60 Capsule,Treatment of DepressionTreatment of Panic disorderTreatment of Obsessive-compulsive disorder,
Fibrimin-OD Tablet, Ulcerative colitis Crohn’s disease,
Funzi-IT Dusting Powder,Treatment of Fungal skin infections,
Finlite Cream, Fungal skin infections,
Fimanta 120 Tablet, Heart failure Hypertension (high blood pressure) Prevention of heart attack and stroke,
Fenadol-DV Tablet,Treatment of Abdominal pain,
Forcutril Plus Cream, Skin infections,
Flucowin Tablet,Treatment of Fungal infections,
Fapvir Tablet,Treatment of Coronavirus disease (COVID-19),
Folimost Gel,Treatment of Mouth ulcers,
Fungiquick Capsule,Treatment of Fungal infections,
Formin-SR 500 Tablet,Treatment of Type 2 diabetes mellitus,
Formin-SR 500 Tablet,Treatment of Type 2 diabetes mellitus,
FMH-Coalsal Ointment,Treatment of EczemaTreatment of Psoriasis,
Gabapin NT Tablet,Treatment of Neuropathic pain,
Glycomet 500 SR Tablet,Treatment of Type 2 diabetes mellitus,
Gudcef 200 Tablet,Treatment of Bacterial infections,
Glycomet-GP 1 Tablet PR,Treatment of Type 2 diabetes mellitus,
Gudcef-CV 200 Tablet,Treatment of Respiratory tract infection,
Gabapin NT 100 Tablet,Treatment of Neuropathic pain,
Glycomet-GP 2 Tablet PR,Treatment of Type 2 diabetes mellitus,
Grilinctus-BM Syrup,Treatment of Cough,
Gabapin 100 Tablet,Treatment of Neuropathic painTreatment of Epilepsy/Seizures,
Glyciphage SR 500mg Tablet,Treatment of Type 2 diabetes mellitus,
Grenil Tablet,Treatment of Migraine,
Ganaton Total Capsule SR, Gastroesophageal reflux disease (Acid reflux) Peptic ulcer disease,
Galvus Met 50mg/500mg Tablet,Treatment of Type 2 diabetes mellitus,
Ganaton Tablet,Treatment of HeartburnTreatment of Nausea,
Glynase-MF Tablet,Treatment of Type 2 diabetes mellitus,
Glycomet Trio 2 Tablet SR,Treatment of Type 2 diabetes mellitus,
Glimestar-M 1 Tablet PR,Treatment of Type 2 diabetes mellitus,
Genteal Eye Drop, Dry eyes,
Gabaneuron NT Tablet,Treatment of Neuropathic pain,
Grilinctus-L Oral Suspension,Treatment of Dry cough,
Glizid-M Tablet,Treatment of Type 2 diabetes mellitus,
Gudlax-Plus Laxative Peppermint Sugar Free,Treatment of Constipation,
Glycomet-GP 0.5 Tablet SR,Treatment of Type 2 diabetes mellitus,
Grilinctus-LS Syrup,Treatment of Cough with mucus,
Glycomet Tablet,Treatment of Type 2 diabetes mellitus,
Gerbisa Tablet,Treatment of Constipation,
Gabapin 300 Capsule,Treatment of Neuropathic painTreatment of Epilepsy/Seizures,
Gliptagreat M 500 Tablet,Treatment of Type 2 diabetes mellitus,
Gabaneuron Tablet,Treatment of Neuropathic pain,
Gudcef Plus Tablet, Bacterial infections,
GB 29 Total Tablet,Treatment of Neuropathic pain,
Gluconorm-G 1 Tablet PR,Treatment of Type 2 diabetes mellitus,
Glycomet 1gm Tablet SR,Treatment of Type 2 diabetes mellitus,
Gluconorm G2 Tablet PR,Treatment of Type 2 diabetes mellitus,
Grisovin-FP Tablet, Fungal infections,
Glykind-M Tablet,Treatment of Type 2 diabetes mellitus,
Glycomet-GP 2 Forte Tablet SR,Treatment of Type 2 diabetes mellitus,
Gatiquin-P Eye Drop,Treatment of Bacterial eye infections,
Gluconorm SR 500mg Tablet,Treatment of Type 2 diabetes mellitus,
Goutnil 0.5mg Tablet,Treatment of Gout,
Ginette 35 Tablet,Treatment of Polycystic ovarian syndrome (PCOS),
Gabantin-NT Tablet,Treatment of Neuropathic pain,
Gardasil Vaccine,Prevention of HPV-associated cancersPrevention of Genital warts (Skin bumps on or around the genital or anal area),
Genteal Gel, Dry eyes,
Gynaemed Vaginal Tablet, Fungal infections of vaginaTreatment of Fungal infections,
GTN Sorbitrate CR 2.6 Tablet,Treatment of Angina (heart-related chest pain),
Glimestar-PM2 Tablet ER,Treatment of Type 2 diabetes mellitus,
Gatilox DM Sterile Eye Drops,Treatment of Bacterial eye infections,
Gabamax Gold Capsule,Treatment of Neuropathic pain,
Glyxambi 25mg/5mg Tablet,Treatment of Type 2 diabetes mellitus,
Gemer 0.5 Tablet PR,Treatment of Type 2 diabetes mellitus,
Gutron 2.5mg Tablet,Treatment of Low blood pressure,
Glucored Forte Tablet,Treatment of Type 2 diabetes mellitus,
Glimestar-M 2 Tablet PR,Treatment of Type 2 diabetes mellitus,
Gutgermina Oral Suspension, Diarrhea,
Gabantin 100 Capsule,Treatment of Neuropathic painTreatment of Epilepsy/Seizures,
Grilinctus  DX Syrup,Treatment of Dry cough,
Galvus 50mg Tablet,Treatment of Type 2 diabetes mellitus,
Gestofit 200mg SR Tablet, Hormone replacement therapyTreatment of Female infertility,
Glycomet Trio 1 Tablet SR,Treatment of Type 2 diabetes mellitus,
Gramocef-O 200mg Tablet DT,Treatment of Bacterial infections,
Gabapin ME Tablet,Treatment of Neuropathic pain,
Gabamax NT Tablet,Treatment of Neuropathic pain,
Gynaset Tablet,Treatment of Heavy menstrual bleedingTreatment of Pain during menstruationTreatment of EndometriosisTreatment of Premenstrual syndrome (PMS),
Gravitor Tablet,Treatment of Myasthenia gravisTreatment of Paralytic ileusTreatment of Post-operative urinary retention,
Gutclear Syrup, Constipation,
Gibtulio 25mg Tablet,Treatment of Type 2 diabetes mellitus,
Gabagesic Gel, Neuropathic pain,
Gemer P 2 Tablet ER,Treatment of Type 2 diabetes mellitus,
Gemer DS 2 Tablet PR,Treatment of Type 2 diabetes mellitus,
Glucobay 50 Tablet,Treatment of Type 2 diabetes mellitus,
Gluconorm G2 Forte Tablet PR,Treatment of Type 2 diabetes mellitus,
Gabanyl NT 400mg/10mg Tablet,Treatment of Neuropathic pain,
Glynase Tablet,Treatment of Type 2 diabetes mellitus,
Glimisave MV 3.3 Tablet SR,Treatment of Type 2 diabetes mellitus,
Gudcef Dry Syrup,Treatment of Bacterial infections,
Galvus Met 50mg/1000mg Tablet,Treatment of Type 2 diabetes mellitus,
Glucozone  Tablet, Osteoarthritis,
Gabantin Plus Tablet,Treatment of Neuropathic pain,
GP 1 Tablet,Treatment of Type 2 diabetes mellitus,
Gestofit 300mg SR Tablet, Hormone replacement therapyTreatment of Female infertility,
Ganaton OD Capsule SR,Treatment of HeartburnTreatment of Nausea,
Grandem Syrup, Nausea and vomiting due to chemotherapy,
Glycomet 250 Tablet,Treatment of Type 2 diabetes mellitus,
Glyciphage SR 1gm Tablet,Treatment of Type 2 diabetes mellitus,
Gabantip AT Tablet, Neuropathic pain,
Gluconorm PG 2  Tablet PR,Treatment of Type 2 diabetes mellitus,
Glycomet-GP 1 Forte Tablet SR,Treatment of Type 2 diabetes mellitus,
Glucoryl-MV 2 Tablet SR,Treatment of Type 2 diabetes mellitus,
Golbi 300 Tablet,Treatment of Primary biliary cirrhosisTreatment of Gallbladder stones,
Glycomet Trio 2/0.3 Tablet SR,Treatment of Type 2 diabetes mellitus,
Glyxambi 10mg/5mg Tablet,Treatment of Type 2 diabetes mellitus,
Gudcef-CV Dry Syrup,Treatment of Respiratory tract infection,
Glycomet-GP 3/850 Tablet PR,Treatment of Type 2 diabetes mellitus,
Gluxit 10mg Tablet,Treatment of Type 2 diabetes mellitus,
Gestin Tablet,Treatment of Premature LaborTreatment of Recurrent miscarriage,
GP 2 Tablet,Treatment of Type 2 diabetes mellitus,
Glimiprex MF 1/500 Tablet PR,Treatment of Type 2 diabetes mellitus,
Glimestar-PM1 Tablet ER,Treatment of Type 2 diabetes mellitus,
GP 0.5 Tablet,Treatment of Type 2 diabetes mellitus,
Glevo 500 Tablet,Treatment of Bacterial infections,
Glimestar-M2 Forte Tablet PR,Treatment of Type 2 diabetes mellitus,
Gabator NT 400mg/10mg Tablet,Treatment of Neuropathic pain,
Glycomet Trio Forte 2 Tablet SR,Treatment of Type 2 diabetes mellitus,
Glocin Gel,Treatment of Acne,
Gris ODT Tablet, Fungal infections,
Gudcef -XL 200 New Tablet ER,Treatment of Bacterial infections,
Glimisave MV 2 Tablet SR,Treatment of Type 2 diabetes mellitus,
Glycolate 1 Tablet, General Anaesthesia Peptic ulcer disease,
Glucobay 25 Tablet,Treatment of Type 2 diabetes mellitus,
Gabantin Forte Tablet,Treatment of Neuropathic pain,
Gemfos Tablet, Osteoporosis,
Gaspaz DS Capsule,Treatment of Gastroesophageal reflux disease (Acid reflux)Treatment of Peptic ulcer disease,
Gestofit 200 Capsule, Hormone replacement therapy Female infertility,
Glycohale-F Rotacap, Chronic obstructive pulmonary disease (COPD),
Gudcef Drop,Treatment of Bacterial infections,
Gemcal Nasal Spray, Post menopausal osteoporosis Paget's disease,
Glizid-MV Tablet SR,Treatment of Type 2 diabetes mellitus,
Geripod 8 Tablet,Treatment of Benign prostatic hyperplasia,
Gabantin 300 Capsule,Treatment of Neuropathic painTreatment of Epilepsy/Seizures,
Glyciphage-G 1 Tablet PR,Treatment of Type 2 diabetes mellitus,
Gabantip AT 100 Tablet, Neuropathic pain,
Gemvert Tablet,Treatment of Vertigo,
Gudcef 100mg Tablet DT,Treatment of Bacterial infections,
Gemer DS 1 Tablet PR,Treatment of Type 2 diabetes mellitus,
Grandem MD Tablet, Nausea and vomiting due to chemotherapy,
Glizid 40 Tablet,Treatment of Type 2 diabetes mellitus,
Genticyn 80mg Injection,Treatment of Bacterial infections,
Geminor M 2 Tablet PR,Treatment of Type 2 diabetes mellitus,
GeneVac-B Adult Vaccine, Prevention of Hepatitis B infection,
Gravol Tablet,Treatment of Allergic conditions Motion sickness,
Glimestar 1 Tablet,Treatment of Type 2 diabetes mellitus,
Gentalene Plus Cream,Treatment of Skin infections,
Gemer P 1 Tablet ER,Treatment of Type 2 diabetes mellitus,
Gudcef-CV 100mg Tablet,Treatment of Respiratory tract infection,
Glimy 1 Tablet,Treatment of Type 2 diabetes mellitus,
Glimp-M 2 Tablet,Treatment of Type 2 diabetes mellitus,
Grilinctus-BM Tablet,Treatment of Cough,
Graniforce Syrup, Nausea and vomiting due to chemotherapy,
Glycomet 850 SR Tablet,Treatment of Type 2 diabetes mellitus,
Glimy M 1 Tablet PR,Treatment of Type 2 diabetes mellitus,
Gabaneuron NT 400 Tablet,Treatment of Neuropathic pain,
Glizid 80 Tablet,Treatment of Type 2 diabetes mellitus,
Gluconorm SR 1gm Tablet,Treatment of Type 2 diabetes mellitus,
Glimp-M 1 Tablet,Treatment of Type 2 diabetes mellitus,
Glimiprex MF 2/500 Tablet PR,Treatment of Type 2 diabetes mellitus,
Glimisave M 2 Tablet PR,Treatment of Type 2 diabetes mellitus,
Gancigel Ophthalmic Gel, Cytomegalovirus Infection,
Gestone Injection, Hormone replacement therapy Female infertility,
Glyciphage Tablet,Treatment of Type 2 diabetes mellitus,
Glucoryl-M 2 Tablet PR,Treatment of Type 2 diabetes mellitus,
Gramocef-CV Tablet,Treatment of Bacterial infections,
Gabafix Gel, Neuropathic pain,
Gaspaz Capsule,Treatment of Gastroesophageal reflux disease (Acid reflux)Treatment of Peptic ulcer disease,
Gluconorm-VG 2 Tablet SR,Treatment of Type 2 diabetes mellitus,
Gulfadryl Syrup, Cough,
Gluconorm-G 1 Forte Tablet PR,Treatment of Type 2 diabetes mellitus,
Glimda-MV 2 Tablet SR,Treatment of Type 2 diabetes mellitus,
Glycomet-GP 4 Forte Tablet PR,Treatment of Type 2 diabetes mellitus,
Gifaxin  400 Tablet,Treatment of Hepatic encephalopathyTreatment of Infectious diarrhea,
Glykind  60 XR Tablet,Treatment of Type 2 diabetes mellitus,
Glizid -MR 60 Tablet,Treatment of Type 2 diabetes mellitus,
Glyciphage-VG2 Tablet SR,Treatment of Type 2 diabetes mellitus,
Golbi SR 450 Tablet,Treatment of Primary biliary cirrhosisTreatment of Gallbladder stones,
Glemont-F Tablet,Treatment of Sneezing and runny nose due to allergies,
Gabawin 25 Tablet,Treatment of Neuropathic painTreatment of Epilepsy/SeizuresTreatment of Fibromyalgia,
Gemitrol NS Nasal Solution, Post menopausal osteoporosis Paget's disease,
Glucobay M50 Tablet,Treatment of Type 2 diabetes mellitus,
Geminor MP 2 Tablet SR,Treatment of Type 2 diabetes mellitus,
Gemer Forte 1 Tablet PR,Treatment of Type 2 diabetes mellitus,
Gemer Forte 2 Tablet PR,Treatment of Type 2 diabetes mellitus,
Glucoryl-M 1 Tablet PR,Treatment of Type 2 diabetes mellitus,
GLZ Plus Tablet,Treatment of Type 2 diabetes mellitus,
Glucomol 0.5% Eye Drop, Glaucoma Ocular hypertension,
Glycomet Trio 1/0.3 Tablet SR,Treatment of Type 2 diabetes mellitus,
Goodmorn Tablet,Treatment of Nausea and vomiting in pregnancy,
Geriflo-D Tablet SR,Treatment of Benign prostatic hyperplasia,
Gluconorm PG 1 Tablet PR,Treatment of Type 2 diabetes mellitus,
Graniforce -MD Tablet, Nausea and vomiting due to chemotherapy,
Glimisave M 1 Tablet PR,Treatment of Type 2 diabetes mellitus,
Gibtulio 10mg Tablet,Treatment of Type 2 diabetes mellitus,
Glimestar-M1 Forte Tablet PR,Treatment of Type 2 diabetes mellitus,
Gamascab Lotion, Scabies,
Glizid-MR 30 Tablet,Treatment of Type 2 diabetes mellitus,
Gliptagreat M 1000 Tablet,Treatment of Type 2 diabetes mellitus,
Genericart Levocetirizine Dihydrochloride 5mg Tablet,Treatment of Allergic conditions,
GB 29 1500mcg/75mg Tablet SR,Treatment of Neuropathic pain,
Gerbisa Suppository,Treatment of Constipation,
Glucoryl-MV1 Tablet SR,Treatment of Type 2 diabetes mellitus,
Glimy M 2 Tablet PR,Treatment of Type 2 diabetes mellitus,
Glytears Eye Drop,Treatment of Dry eyes,
Geftinat 250mg Tablet, Non-small cell lung cancer,
Glycinorm-M 60 OD Tablet,Treatment of Type 2 diabetes mellitus,
Glimestar 2 Tablet,Treatment of Type 2 diabetes mellitus,
Globucel Solution for Infusion, Immunoglobulins deficiency,
Gluconorm PG 2 Forte Tablet SR,Treatment of Type 2 diabetes mellitus,
Glaritus 100IU/ml Injection, Diabetes,
Glimisave MV 1 Tablet SR,Treatment of Type 2 diabetes mellitus,
Geminor M2 Forte Tablet PR,Treatment of Type 2 diabetes mellitus,
Gabafix NT 75mg/10mg/1500mcg Tablet,Treatment of Neuropathic pain,
Gestakind-SR Tablet,Treatment of Premature LaborTreatment of Peripheral vascular disease,
Glutaup 500mg Tablet, Liver  disease,
Glyciphage-G 2 Tablet PR,Treatment of Type 2 diabetes mellitus,
Glimy 2 Tablet,Treatment of Type 2 diabetes mellitus,
Gabapax L Gel, Neuropathic pain,
Glycolate 2 Tablet, General Anaesthesia Peptic ulcer disease,
GPM-SR 2 Tablet,Treatment of Type 2 diabetes mellitus,
Glycigon-M Tablet,Treatment of Type 2 diabetes mellitus,
Grenil-F 10 Tablet,Prevention of Migraine,
GB 29 Plus Tablet,Treatment of Neuropathic pain,
Gabapin 400 Capsule,Treatment of Neuropathic painTreatment of Epilepsy/Seizures,
Glucored Tablet,Treatment of Type 2 diabetes mellitus,
Glycomet Trio Forte 1 Tablet SR,Treatment of Type 2 diabetes mellitus,
Gabamax 75mg Capsule,Treatment of Neuropathic pain,
Gibtulio Met 12.5mg/500mg Tablet,Treatment of Type 2 diabetes mellitus,
Glimp-MP 2 Tablet SR,Treatment of Type 2 diabetes mellitus,
Glyciphage-PG2 Tablet SR,Treatment of Type 2 diabetes mellitus,
Glimy M V2 Tablet SR,Treatment of Type 2 diabetes mellitus,
Gemer DS 3 Tablet PR,Treatment of Type 2 diabetes mellitus,
Gemcal -Kit, Osteoporosis,
Gudcef XL Tablet,Treatment of Bacterial infections,
Geminor M1 Forte Tablet PR,Treatment of Type 2 diabetes mellitus,
Gluconorm-G 0.5mg/500mg Tablet PR,Treatment of Type 2 diabetes mellitus,
Glycoseptol Antiseptic Gargle &amp; Mouth Wash,Treatment of Mouth infection,
Gabamax SR 75 Tablet,Treatment of Neuropathic pain,
Goodova 50 Capsule, Female infertility,
Gluconorm-G 3 Forte Tablet PR,Treatment of Type 2 diabetes mellitus,
Galvus Met 50mg/850mg Tablet,Treatment of Type 2 diabetes mellitus,
Gluconorm-G 4 Forte Tablet PR,Treatment of Type 2 diabetes mellitus,
Gabapin SR 450 Tablet,Treatment of Neuropathic painTreatment of Epilepsy/Seizures,
Gabawin 50 Tablet,Treatment of Neuropathic painTreatment of Epilepsy/SeizuresTreatment of Fibromyalgia,
Glimda 1 Tablet,Treatment of Type 2 diabetes mellitus,
Grilinctus  Paediatric Syrup,Treatment of Common cold,
Glucobay M 25 Tablet,Treatment of Type 2 diabetes mellitus,
Glotret 20 Tablet,Treatment of Acne,
Glospor Capsule,Treatment of Fungal infections,
Gflotas D Eye Drop,Treatment of Bacterial eye infections,
Gastractiv 10mg Tablet,Treatment of IndigestionTreatment of NauseaTreatment of Vomiting,
Glimisave MV2 Forte Tablet SR,Treatment of Type 2 diabetes mellitus,
Glimda 2 Tablet,Treatment of Type 2 diabetes mellitus,
Gabamax NT 50mg/10mg Tablet,Treatment of Neuropathic pain,
Glyciphage 250 Tablet,Treatment of Type 2 diabetes mellitus,
Gravidol Tablet, Hypertension (high blood pressure) Angina (heart-related chest pain) Prevention of heart attack and stroke,
Glz XR Tablet,Treatment of Type 2 diabetes mellitus,
Glimison-M 2 Tablet PR,Treatment of Type 2 diabetes mellitus,
Glimisave M2 Forte Tablet PR,Treatment of Type 2 diabetes mellitus,
Glycomet-GP 0.5 Forte Tablet PR,Treatment of Type 2 diabetes mellitus,
Glospor-DS Capsule,Treatment of Fungal infections,
Glycomet 850 Tablet,Treatment of Type 2 diabetes mellitus,
Genericart Metformin Hydrochloride 500mg Tablet,Treatment of Type 2 diabetes mellitus,
Grocapix M 5% Solution,Treatment of Hair loss,
Geriflo  Tablet SR,Treatment of Benign prostatic hyperplasia,
Gifaxin  100 mg Syrup,Treatment of Infectious diarrhea,
Glimet DS Tablet,Treatment of Type 2 diabetes mellitus,
Ganfort  Eye Drop,Treatment of GlaucomaTreatment of Ocular hypertension,
Glycomet-GP 1/850 Tablet PR,Treatment of Type 2 diabetes mellitus,
Gepride M1 Tablet PR,Treatment of Type 2 diabetes mellitus,
Gluformin 500 Tablet,Treatment of Type 2 diabetes mellitus,
Goodmorn Plus Tablet,Treatment of Nausea and vomiting in pregnancy,
Glucoryl-MV 2/0.3 Tablet SR,Treatment of Type 2 diabetes mellitus,
Gudpres-AM 50 Tablet PR,Treatment of Hypertension (high blood pressure),
Gabawin 75 Tablet,Treatment of Neuropathic painTreatment of Epilepsy/SeizuresTreatment of Fibromyalgia,
Gudpres-XL 50 Capsule,Treatment of Hypertension (high blood pressure)Treatment of Angina (heart-related chest pain)Treatment of ArrhythmiaPrevention of Heart attackPrevention of Migraine,
Gudgesic TH 100mg/4mg Tablet,Treatment of Pain due to muscle spasm,
Gabacure Gel, Neuropathic pain,
Glinil-M  Tablet,Treatment of Type 2 diabetes mellitus,
Gerbisa L Syrup,Treatment of Constipation,
Glychek-M Forte Tablet,Treatment of Type 2 diabetes mellitus,
Gluvilda 50 Tablet,Treatment of Type 2 diabetes mellitus,
Grilinctus-BM Paediatric Syrup,Treatment of Cough,
Genxvast F Tablet,Treatment of High cholesterolPrevention of Heart attack,
Glotret 10 Tablet,Treatment of Acne,
Gluconorm-VG 1 Tablet SR,Treatment of Type 2 diabetes mellitus,
Gudpres-XL 25 Capsule,Treatment of Hypertension (high blood pressure)Treatment of Angina (heart-related chest pain)Treatment of ArrhythmiaPrevention of Heart attackPrevention of Migraine,
Glimiprex MF Forte 2 Tablet PR,Treatment of Type 2 diabetes mellitus,
Glycinorm -OD 60 Tablet MR,Treatment of Type 2 diabetes mellitus,
Grandem Injection, Nausea and vomiting due to chemotherapy,
Gesterol 200mg Tablet SR, Hormone replacement therapyTreatment of Female infertility,
Gemidro Tablet,Treatment and prevention of postmenopausal Osteoporosis,
Gabapin Plus 100 Tablet, Neuropathic pain,
Gaba 300 Capsule,Treatment of Neuropathic painTreatment of Epilepsy/Seizures,
Ginlac-V Vaginal Tablet, Syndromic treatment of vaginal discharge,
Glador M1 Tablet PR,Treatment of Type 2 diabetes mellitus,
Gluconorm P 15 Tablet ER,Treatment of Type 2 diabetes mellitus,
Gerbisa Children Suppository,Treatment of Constipation,
Glaritus 100IU/ml Injection 3ml, Diabetes,
Glipon 20mg Tablet,Treatment of Type 2 diabetes mellitus,
Glyciphage-G 2 Forte Tablet PR,Treatment of Type 2 diabetes mellitus,
Glador M2 Tablet PR,Treatment of Type 2 diabetes mellitus,
Grilinctus-BM Syrup Sugar Free,Treatment of Cough,
Gepride M2 Tablet PR,Treatment of Type 2 diabetes mellitus,
Glynase XL 10 Tablet,Treatment of Type 2 diabetes mellitus,
Glycinorm 40 Tablet,Treatment of Type 2 diabetes mellitus,
Glivec 400mg Tablet,Treatment of Cancer,
Gluformin G 2 New Tablet PR,Treatment of Type 2 diabetes mellitus,
Glimisave MV 3.3 F Tablet SR,Treatment of Type 2 diabetes mellitus,
Glycinorm-M 30 OD Tablet ER,Treatment of Type 2 diabetes mellitus,
Glycomet-GP 2/850 Tablet PR,Treatment of Type 2 diabetes mellitus,
Glevo 750 Tablet,Treatment of Bacterial infections,
Glycinorm Total 60 Tablet SR,Treatment of Type 2 diabetes mellitus,
Goodova-L 5mg Tablet,Treatment of Breast cancerTreatment of Infertility due to anovulation,
Gabanyl 300mg/500mcg Tablet,Treatment of Neuropathic pain,
Glyciphage-VG1 Tablet SR,Treatment of Type 2 diabetes mellitus,
Graniset 1 Tablet, Nausea and vomiting due to chemotherapy,
Glyciphage 850 Tablet,Treatment of Type 2 diabetes mellitus,
Glimiprex 1 Tablet,Treatment of Type 2 diabetes mellitus,
Goodova 100 Capsule, Female infertility,
Glimison-MP 2 Tablet SR,Treatment of Type 2 diabetes mellitus,
Glucoryl-M 2 Forte Tablet PR,Treatment of Type 2 diabetes mellitus,
Glimisave 1 Tablet,Treatment of Type 2 diabetes mellitus,
Glyciphage-G 1 Forte Tablet PR,Treatment of Type 2 diabetes mellitus,
Geristart Tablet PR,Treatment of Benign prostatic hyperplasia,
Glynamic MV 2 Tablet,Treatment of Type 2 diabetes mellitus,
Glycinorm 80 Tablet,Treatment of Type 2 diabetes mellitus,
Gabawin 25 M Tablet,Treatment of Neuropathic pain,
Glimisave M 0.5 Tablet PR,Treatment of Type 2 diabetes mellitus,
Gemitrol Kit, Osteoporosis,
Giftan-HC Tablet,Treatment of Hypertension (high blood pressure),
Gabagesic 100mg Tablet,Treatment of Neuropathic painTreatment of Epilepsy/Seizures,
Gapitas-L Gel, Neuropathic pain,
Gate DM BAK Free Eye Drop,Treatment of Bacterial eye infections,
Gibtulio Met 12.5mg/1000mg Tablet,Treatment of Type 2 diabetes mellitus,
Galop 10 Tablet,Treatment of DepressionTreatment of Anxiety disorderTreatment of Panic disorder,
Glyciphage-PG 1 Tablet SR,Treatment of Type 2 diabetes mellitus,
Gabaneuron SR 600 Tablet,Treatment of Neuropathic pain,
Glynase XL- 5 Tablet,Treatment of Type 2 diabetes mellitus,
Glypten-M Tablet SR,Treatment of Type 2 diabetes mellitus,
Goodova-L Tablet,Treatment of Breast cancerTreatment of Infertility due to anovulation,
Genxvast 20 Tablet, High cholesterolPrevention of Heart attack,
Glimy M 2 Forte Tablet PR,Treatment of Type 2 diabetes mellitus,
GTN Sorbitrate -CR 6.4 Tablet,Treatment of Angina (heart-related chest pain),
Glimisave M1 Forte Tablet PR,Treatment of Type 2 diabetes mellitus,
Gestakind 10mg Tablet,Treatment of Premature LaborTreatment of Peripheral vascular disease,
G-Cin Tablet, Bacterial infections,
Gonablok 100 Capsule,Treatment of Benign fibrocystic breast diseaseTreatment of EndometriosisTreatment of Premenstrual syndrome (PMS)Treatment of Menstrual pain,
Gravitor SR Tablet,Treatment of Myasthenia gravisTreatment of Paralytic ileusTreatment of Post-operative urinary retention,
Genericart Metformin Hydrochloride 1000mg Tablet SR,Treatment of Type 2 diabetes mellitus,
Galamer 4 Tablet, Alzheimer's disease,
Genericart Nifedipine 20mg Tablet SR,Treatment of Hypertension (high blood pressure)Prevention of Angina (heart-related chest pain)Prevention of Heart attackPrevention of Stroke,
Gluconorm-Z 80 Tablet,Treatment of Type 2 diabetes mellitus,
Glycinorm OD 30mg Tablet MR,Treatment of Type 2 diabetes mellitus,
Glyree-M 1 Tablet PR,Treatment of Type 2 diabetes mellitus,
Glyciphage SR 850mg Tablet,Treatment of Type 2 diabetes mellitus,
GP 4 Tablet,Treatment of Type 2 diabetes mellitus,
Gestone 400mg Capsule, Hormone replacement therapyTreatment of Female infertility,
Glimisave MV 1.3 Tablet SR,Treatment of Type 2 diabetes mellitus,
Gatilox Plus  Eye Drop,Treatment of Post-operative eye pain and inflammation,
Gerta Injection, Severe bacterial infections,
Glyree MV 2 Tablet PR,Treatment of Type 2 diabetes mellitus,
Geminor MP 1 Tablet SR,Treatment of Type 2 diabetes mellitus,
Gasofilm Oral Disintegrating Strip, Bloating Abdominal pain,
Glz Total Tablet,Treatment of Type 2 diabetes mellitus,
Geftistar 250mg Tablet, Non-small cell lung cancer,
Glimet Tablet,Treatment of Type 2 diabetes mellitus,
Gramoneg Oral Suspension, Bacterial infections,
Gonal-F 300IU Solution for Injection, Female infertility Male hypogonadism,
Glynium Respicap, Chronic obstructive pulmonary disease (COPD) General Anaesthesia Peptic ulcer disease,
Glimestar-M4 Forte Tablet PR,Treatment of Type 2 diabetes mellitus,
Gaba-Hosit Tablet,Treatment of Neuropathic pain,
Gabagesic M 300mg/500mcg Tablet,Treatment of Neuropathic pain,
Glimestar-M 3 Tablet PR,Treatment of Type 2 diabetes mellitus,
Glisen MF 1 Tablet PR,Treatment of Type 2 diabetes mellitus,
Glucoryl-M 0.5 mg Tablet,Treatment of Type 2 diabetes mellitus,
Geminor 1 Tablet,Treatment of Type 2 diabetes mellitus,
Gabafix-M SR Tablet,Treatment of Neuropathic pain,
Glizid-M OD 60 Tablet SR,Treatment of Type 2 diabetes mellitus,
Glitaray M 1  Tablet PR,Treatment of Type 2 diabetes mellitus,
Glimy M 0.5 Tablet PR,Treatment of Type 2 diabetes mellitus,
Gasowel Plus Syrup,Treatment of AcidityTreatment of HeartburnTreatment of Stomach ulcers,
Glimestar M4 Tablet PR,Treatment of Type 2 diabetes mellitus,
Glimulin MV 2 Tablet ER,Treatment of Type 2 diabetes mellitus,
GR8 Capsule,Treatment of Gastroesophageal reflux disease (Acid reflux)Treatment of Peptic ulcer disease,
Glimy-MP 2 Tablet SR,Treatment of Type 2 diabetes mellitus,
Glycigon-M SR Tablet,Treatment of Type 2 diabetes mellitus,
Glimiprex MF Forte 1 Tablet PR,Treatment of Type 2 diabetes mellitus,
Gluconorm PG 1 Forte Tablet SR,Treatment of Type 2 diabetes mellitus,
Gabafix-Plus Capsule, Neuropathic pain,
Glisen MF 2 Tablet PR,Treatment of Type 2 diabetes mellitus,
Glemont-A Tablet SR,Treatment and prevention of Chronic obstructive pulmonary disease (COPD)Treatment of Sneezing and runny nose due to allergies,
GTN Spray,Treatment of Angina (heart-related chest pain),
Gluconorm-VG 2 Forte Tablet SR,Treatment of Type 2 diabetes mellitus,
Gestofit 400 Soft Gelatin Capsule, Hormone replacement therapy Female infertility,
Gabaxia 75 SR Tablet, Neuropathic pain,
Gestofit 400mg SR Tablet, Hormone replacement therapyTreatment of Female infertility,
Ginkostat 60mg/800mg/5mg Tablet, Cognitive enhancer,
Gli-M Tablet,Treatment of Type 2 diabetes mellitus,
Gabantin 400 Capsule,Treatment of Neuropathic painTreatment of Epilepsy/Seizures,
Geminor M 0.5 Tablet PR,Treatment of Type 2 diabetes mellitus,
Gutclear-IG Granules,Treatment of Constipation,
Gempar 1K Tablet, Pain reliefTreatment of Fever,
Gushout Tablet, Nutritional deficiencies,
Genpraz DSR Capsule,Treatment of Gastroesophageal reflux disease (Acid reflux)Treatment of Peptic ulcer disease,
Gestone 8% Vaginal gel, Hormone replacement therapyTreatment of Female infertility,
Gabalent-NT Tablet,Treatment of Neuropathic pain,
Gabaloy-NT Tablet,Treatment of Neuropathic pain,
Glyree-M 2 Tablet PR,Treatment of Type 2 diabetes mellitus,
Gabator 300 Tablet,Treatment of Neuropathic painTreatment of Epilepsy/Seizures,
Gestone 200mg Capsule, Hormone replacement therapyTreatment of Female infertility,
Gabadon-NTP 400mg/10mg Tablet,Treatment of Neuropathic pain,
Gocan 150mg Tablet,Treatment of Fungal infections,
Glimestar 4 Tablet,Treatment of Type 2 diabetes mellitus,
Gutclear Syrup, Constipation,
Gentalene Plus Cream,Treatment of Skin infections,
Gepride M 0.5 Tablet PR,Treatment of Type 2 diabetes mellitus,
Gudpres-AM 25 Tablet PR,Treatment of Hypertension (high blood pressure),
Glucoryl-MP2 Tablet SR,Treatment of Type 2 diabetes mellitus,
Gluconorm-G 3 Tablet PR,Treatment of Type 2 diabetes mellitus,
Glimestar 3 Tablet,Treatment of Type 2 diabetes mellitus,
Grandcef-CV Tablet,Treatment of Respiratory tract infection,
Gositis Mouth Wash,Treatment of Inflammation of gums,
Gluconorm-G 0.5 Forte Tablet PR,Treatment of Type 2 diabetes mellitus,
Glypten Tablet,Treatment of Type 2 diabetes mellitus,
Gluformin G 1 New Tablet PR,Treatment of Type 2 diabetes mellitus,
Glyree 1 Tablet,Treatment of Type 2 diabetes mellitus,
Gestone Injection, Hormone replacement therapy Female infertility,
Glimisave M3 Forte Tablet PR,Treatment of Type 2 diabetes mellitus,
Gluconorm SR 850 Tablet,Treatment of Type 2 diabetes mellitus,
Gluconorm-G 4 Tablet PR,Treatment of Type 2 diabetes mellitus,
Glimisave M4 Forte Tablet PR,Treatment of Type 2 diabetes mellitus,
Gravidol 200mg Tablet, Hypertension (high blood pressure) Angina (heart-related chest pain) Prevention of heart attack and stroke,
Glimison-MP 1 Tablet SR,Treatment of Type 2 diabetes mellitus,
Glucoryl 1 Tablet,Treatment of Type 2 diabetes mellitus,
Geminor M 3 Forte Tablet PR,Treatment of Type 2 diabetes mellitus,
Glimisave 2 Tablet,Treatment of Type 2 diabetes mellitus,
Gabawok-NT 100 Tablet,Treatment of Neuropathic pain,
Glenpar 500mg Tablet, Pain reliefTreatment of Fever,
Glipon MF Forte Tablet ER,Treatment of Type 2 diabetes mellitus,
Gabadon 300mg Tablet,Treatment of Neuropathic painTreatment of Epilepsy/Seizures,
Giftan 50 Tablet,Treatment of Hypertension (high blood pressure)Treatment of Heart failure Prevention of heart attack and stroke,
Gluformin XL New 500 Tablet PR,Treatment of Type 2 diabetes mellitus,
Glucored Forte 850 Tablet,Treatment of Type 2 diabetes mellitus,
Glucoryl-M4 Forte Tablet PR,Treatment of Type 2 diabetes mellitus,
Gabanyt 400mg/10mg Tablet,Treatment of Neuropathic pain,
Gris ODT Cream, Fungal skin infections,
GLZ MEX 60mg/500mg Tablet,Treatment of Type 2 diabetes mellitus,
Glisen VM 2 Tablet SR,Treatment of Type 2 diabetes mellitus,
Gliclaz M 80 mg/500 mg Tablet,Treatment of Type 2 diabetes mellitus,
Galop 5 Tablet,Treatment of DepressionTreatment of Anxiety disorderTreatment of Panic disorder,
Glyciphage P 15 mg/500 mg Tablet SR,Treatment of Type 2 diabetes mellitus,
Glimaday 2 Tablet PR,Treatment of Type 2 diabetes mellitus,
Glycigon Tablet,Treatment of Type 2 diabetes mellitus,
Glimp 1 Tablet,Treatment of Type 2 diabetes mellitus,
Goutfree 40 Tablet ER,Treatment of Gout,
Glimp 2 Tablet,Treatment of Type 2 diabetes mellitus,
Glychek-M Plus Tablet,Treatment of Type 2 diabetes mellitus,
Grenil 5mg/250mg Suspension,Treatment of Migraine,
Gepride M 3 Tablet PR,Treatment of Type 2 diabetes mellitus,
Glimulin-MF Tablet PR,Treatment of Type 2 diabetes mellitus,
Glycinorm Total 30 Tablet SR,Treatment of Type 2 diabetes mellitus,
Gabawell NT  400mg/10mg Tablet,Treatment of Neuropathic pain,
Gonablok 200 Capsule,Treatment of Benign fibrocystic breast diseaseTreatment of EndometriosisTreatment of Premenstrual syndrome (PMS)Treatment of Menstrual pain,
Glychek 80 Tablet,Treatment of Type 2 diabetes mellitus,
Glucomust M 5 mg/500 mg Tablet,Treatment of Type 2 diabetes mellitus,
Glucotim LA Eye Drop, Glaucoma Ocular hypertension,
Gutwin 400 Tablet,Treatment of Hepatic encephalopathyTreatment of Infectious diarrhea,
Gifaxin  550 Tablet,Treatment of Hepatic encephalopathyTreatment of Infectious diarrhea,
Gabastar-M Tablet,Treatment of Neuropathic pain,
Goecyst-M Tablet SR,Treatment of Polycystic ovarian syndrome (PCOS),
Glador 4 Tablet,Treatment of Type 2 diabetes mellitus,
Glocan Cream,Treatment of Fungal skin infections,
Glotret 5mg Tablet,Treatment of Acne,
Gestofit 100 Soft Gelatin Capsule, Hormone replacement therapy Female infertility,
Gabacip M Tablet,Treatment of Neuropathic pain,
Glypride 1 Tablet,Treatment of Type 2 diabetes mellitus,
Gemdronic 5mg/100ml Injection, Osteoporosis Hypercalcemia,
Gabritab 50-AT Tablet, Neuropathic pain,
Geminor 2 Tablet,Treatment of Type 2 diabetes mellitus,
Geripod 4 Capsule,Treatment of Benign prostatic hyperplasia,
Gastril Mps  Syrup, Acidity Heartburn Stomach ulcers,
Goodflo 110mg Capsule,Treatment and prevention of Blood clots,
Germero 1000mg Injection, Severe bacterial infections,
Gepride M 1 Forte Tablet SR,Treatment of Type 2 diabetes mellitus,
Gabasafe Plus  SR 75 Tablet,Treatment of Neuropathic pain,
GM -SR1 Tablet,Treatment of Type 2 diabetes mellitus,
Grewit 5% Solution,Treatment of Hair loss,
Glypride 2 Tablet,Treatment of Type 2 diabetes mellitus,
Glimital-M1 Forte Tablet PR,Treatment of Type 2 diabetes mellitus,
G.B.H.C Soap, Scabies,
Glimulin MV 1 Tablet ER,Treatment of Type 2 diabetes mellitus,
Gabalent 100 Tablet,Treatment of Neuropathic painTreatment of Epilepsy/Seizures,
Glimulin-2 MF Tablet PR,Treatment of Type 2 diabetes mellitus,
Goldclav 625 Tablet,Treatment of Bacterial infections,
Gefitero Tablet, Non-small cell lung cancer,
Glimisave M1 750 Tablet PR,Treatment of Type 2 diabetes mellitus,
Glytrin Tablet,Treatment of Type 2 diabetes mellitus,
Glisen-PM 1mg/500mg/15mg Tablet,Treatment of Type 2 diabetes mellitus,
Glynamic M 2mg/500mg Tablet,Treatment of Type 2 diabetes mellitus,
Gcolate 1mg Tablet, General Anaesthesia Peptic ulcer disease,
Glimser 1 Tablet PR,Treatment of Type 2 diabetes mellitus,
Glimison-M 2 Forte Tablet,Treatment of Type 2 diabetes mellitus,
Glypten-M Forte 1000mg/20mg Tablet,Treatment of Type 2 diabetes mellitus,
Glaritus 100IU/ml Injection, Diabetes,
Gabacnx NT 400mg/10mg Tablet,Treatment of Neuropathic pain,
Glimisave M2 750 Tablet PR,Treatment of Type 2 diabetes mellitus,
Geritam 0.4 Tablet ER,Treatment of Benign prostatic hyperplasia,
Gride-M Forte Tablet PR,Treatment of Type 2 diabetes mellitus,
Gastrozin 75mg Tablet, Nutritional deficiencies,
Gam-DSR Capsule,Treatment of Gastroesophageal reflux disease (Acid reflux)Treatment of Peptic ulcer disease,
Gamma I.V. 5gm Infusion, Immunoglobulins deficiency,
Galamer 8 Tablet, Alzheimer's disease,
Glutowin Forte Tablet SR,Treatment of Type 2 diabetes mellitus,
Guficol Plus 2MIU Injection, Severe bacterial infections,
Glospor Capsule,Treatment of Fungal infections,
Glimulin 1 Tablet,Treatment of Type 2 diabetes mellitus,
Gabacnx NT 100 Tablet,Treatment of Neuropathic pain,
Glucoryl-M 3 Forte Tablet PR,Treatment of Type 2 diabetes mellitus,
Glenpar 650mg Tablet, Pain reliefTreatment of Fever,
Glitaray M 2mg/500mg Tablet,Treatment of Type 2 diabetes mellitus,
Glisen MF Forte 1 Tablet,Treatment of Type 2 diabetes mellitus,
Gee-X  Pain Relieving Gel,Treatment of Mouth ulcers,
GeneVac-B Paediatric Injection, Prevention of Hepatitis B infection,
Gabawin M 500mcg/75mg Tablet,Treatment of Neuropathic pain,
Gluconorm-G Plus 3 Tablet PR,Treatment of Type 2 diabetes mellitus,
Gabrica AT Capsule, Neuropathic pain,
Glitaris M 15 Tablet SR,Treatment of Type 2 diabetes mellitus,
Geftib Tablet, Non-small cell lung cancer,
Gastrazole Plus Capsule,Treatment of Gastroesophageal reflux disease (Acid reflux)Treatment of Intestinal ulcersTreatment of Irritable bowel syndrome,
Glitaray MP 2mg/500mg/15mg Tablet PR,Treatment of Type 2 diabetes mellitus,
Glisen VM 1 Tablet SR,Treatment of Type 2 diabetes mellitus,
Goodflo 150mg Capsule,Treatment and prevention of Blood clots,
Genorox 250mg Tablet,Treatment of Bacterial infections,
Greatcef CV Tablet,Treatment of Respiratory tract infection,
Galbact Ointment,Treatment of Bacterial skin infections,
Glotret 30mg Tablet,Treatment of Acne,
Grantin Capsule,Treatment of Neuropathic pain,
Glucored Forte SR Tablet,Treatment of Type 2 diabetes mellitus,
Gabawin 50M Tablet,Treatment of Neuropathic pain,
Glimulin 2 Tablet,Treatment of Type 2 diabetes mellitus,
Gestmate SR 200 Tablet, Hormone replacement therapy Female infertility,
Glimchek M 2mg/500mg Tablet,Treatment of Type 2 diabetes mellitus,
Glitaris 15 Tablet,Treatment of Type 2 diabetes mellitus,
Glimaday-Forte 3 Tablet PR,Treatment of Type 2 diabetes mellitus,
Glucagen 1mg Injection, Severe hypoglycemia,
Gkn-Plus Tablet, Cognitive enhancer,
Glorimet PG 2 Tablet,Treatment of Type 2 diabetes mellitus,
Gutfeel  Granules,Treatment of Constipation,
Glitaris 7.5 Tablet,Treatment of Type 2 diabetes mellitus,
Gomo Tablet,Treatment of Nausea and vomiting in pregnancy,
Glospor-DS Capsule,Treatment of Fungal infections,
Glisen 1 Tablet,Treatment of Type 2 diabetes mellitus,
Gepride 2 Tablet,Treatment of Type 2 diabetes mellitus,
Glimser-P1 Tablet SR,Treatment of Type 2 diabetes mellitus,
Glimipack M 1mg/500mg Tablet,Treatment of Type 2 diabetes mellitus,
Glimser-P 2 Tablet SR,Treatment of Type 2 diabetes mellitus,
Gloristat 40 Tablet,Treatment of High cholesterol Prevention of heart attack and stroke,
Gainehair 5% Spray,Treatment of Hair loss,
Grandcef 100 Oral Suspension,Treatment of Bacterial infections,
Gride-M 1mg/500mg Tablet,Treatment of Type 2 diabetes mellitus,
Gride 1mg Tablet,Treatment of Type 2 diabetes mellitus,
Glorimet VG2 Tablet SR,Treatment of Type 2 diabetes mellitus,
Glimisave Max 2 Tablet PR,Treatment of Type 2 diabetes mellitus,
Gestmate 200mg Capsule, Hormone replacement therapyTreatment of Female infertility,
Glador M4 Forte Tablet PR,Treatment of Type 2 diabetes mellitus,
Gemtaz 1gm Injection, Non-small cell lung cancer Breast cancer Pancreatic cancer Urinary bladder cancer Ovarian cancer,
Glimisave Max 1 Tablet PR,Treatment of Type 2 diabetes mellitus,
G-Cerin Tablet, Osteoarthritis,
Gamabiol Lotion, Scabies,
Glimisave Max Forte 2 Tablet PR,Treatment of Type 2 diabetes mellitus,
Gental Cream, Bacterial skin infections,
Glez 2.5mg Tablet,Treatment of Type 2 diabetes mellitus,
Gretacal Injection, Calcium deficiency,
Glucut 1 MT Tablet,Treatment of Type 2 diabetes mellitus,
Gluconorm G2 D Tablet SR,Treatment of Type 2 diabetes mellitus,
Greatcef 200 Tablet,Treatment of Bacterial infections,
Glimulin MF Forte Tablet PR,Treatment of Type 2 diabetes mellitus,
Glucowise 20mg Tablet,Treatment of Type 2 diabetes mellitus,
Gabastar-M 300mg/500mcg Tablet,Treatment of Neuropathic pain,
Glybovin 1.25mg Tablet,Treatment of Type 2 diabetes mellitus,
Glimaday -HS Tablet PR,Treatment of Type 2 diabetes mellitus,
Glimisave Max Forte 1 Tablet PR,Treatment of Type 2 diabetes mellitus,
Grafnos 0.5 Capsule, Prevention of organ rejection in transplant patients,
Goefibro-U Tablet, Uterine fibroids,
Genexglob Infusion, Immunoglobulins deficiency,
Glimser Forte 2 Tablet PR,Treatment of Type 2 diabetes mellitus,
Gamamed Soap, Scabies,
Glimric-M3 Tablet SR,Treatment of Type 2 diabetes mellitus,
Glipti Next Tablet,Treatment of Type 2 diabetes mellitus,
Gainehair 2% Topical Solution,Treatment of Hair loss,
Glyvas F Tablet,Treatment of High cholesterolPrevention of Heart attack,
Glynova-M 2 Tablet SR,Treatment of Type 2 diabetes mellitus,
Glitaray M 1 Plus Tablet PR,Treatment of Type 2 diabetes mellitus,
GM SR2 Forte Tablet,Treatment of Type 2 diabetes mellitus,
Grafnos 1 Capsule, Prevention of organ rejection in transplant patients,
Glypan-M Tablet,Treatment of Type 2 diabetes mellitus,
Gylis M 80mg/500mg Tablet,Treatment of Type 2 diabetes mellitus,
Gloristat 10 Tablet,Treatment of High cholesterol Prevention of heart attack and stroke,
Gamalice Lotion, Scabies,
Glimed 4 Tablet,Treatment of Type 2 diabetes mellitus,
Gelofast Gel, Pain relief,
Glifil M 2.5mg/250mg Tablet,Treatment of Type 2 diabetes mellitus,
Gloritel CT 40 Tablet, Hypertension (high blood pressure),
Glimzen-MV2 Forte Tablet SR,Treatment of Type 2 diabetes mellitus,
Glitaris 30 Tablet,Treatment of Type 2 diabetes mellitus,
Gutwin 550 Tablet,Treatment of Hepatic encephalopathyTreatment of Infectious diarrhea,
Genericart Amlodipine+Lisinopril 5mg/5mg Tablet, Hypertension (high blood pressure),
Gama Soap, Scabies,
Glupride-M2 Tablet SR,Treatment of Type 2 diabetes mellitus,
Gabrica Capsule SR,Treatment of Neuropathic painTreatment of Epilepsy/SeizuresTreatment of Fibromyalgia,
Glorimet PG 1 Tablet SR,Treatment of Type 2 diabetes mellitus,
Glinate 120 Tablet,Treatment of Type 2 diabetes mellitus,
GM SR1 Forte Tablet,Treatment of Type 2 diabetes mellitus,
Genericart Glimepiride+Metformin Hydrochloride 4mg/1000mg Tablet PR,Treatment of Type 2 diabetes mellitus,
Gabanev-NT 400mg/10mg Tablet,Treatment of Neuropathic pain,
Gloritel  40 Tablet,Treatment of Hypertension (high blood pressure) Prevention of heart attack and strokeTreatment of Heart failure,
Glimcip 3 Tablet,Treatment of Type 2 diabetes mellitus,
Gloristat Trio Capsule, Heart attack,
Gloritel M  40 Tablet,Treatment of Hypertension (high blood pressure),
Gloritel M  40 Tablet,Treatment of Hypertension (high blood pressure),
Genericart Voglibose+Metformin Hydrochloride+Gliclazide 0.2mg/500mg/40mg Tablet,Treatment of Type 2 diabetes mellitus,
Gloritel AM  40 Tablet,Treatment of Hypertension (high blood pressure),
Hifenac-P Tablet, Pain relief,
HCQS 200 Tablet,Treatment of Rheumatoid arthritisTreatment of Systemic lupus erythematosus (SLE)Treatment of Type 2 diabetes mellitus,
Headset Tablet,Treatment of Migraine,
HP Kit,Treatment of Peptic ulcer disease,
Hepamerz Tablet,Treatment of Indigestion,
Hifenac-MR Tablet,Treatment of Muscular pain,
Hepamerz Infusion,Treatment of Liver  disease,
Hyocimax-S Tablet,Treatment of Peptic ulcer diseaseTreatment of Irritable bowel syndrome Pain relief,
Heptral 400mg Tablet,Treatment of Liver  disease,
Histafree-M Tablet,Treatment of Sneezing and runny nose due to allergies,
Hicope Syrup,Treatment of AnxietyTreatment of Skin conditions with inflammation & itching,
Human Actrapid 40IU/ml Solution for Injection, Diabetes,
Histafree 120 Tablet,Treatment of Sneezing and runny nose due to allergiesTreatment of Allergic conditions,
HUCOG 5000 HP Injection,Treatment of Female infertilityTreatment of Male hypogonadism,
Hexigel Mouth Gel,Treatment of Mouth infection,
Hyponat-O 15 Tablet,Treatment of Low levels of sodium in the blood,
Human Mixtard 70/30 Suspension for Injection 40IU/ml, Diabetes,
Human Mixtard 70/30 Suspension for Injection 100IU/ml, Diabetes,
Hadensa Ointment,Treatment of Piles,
Hicope 25 Tablet,Treatment of AnxietyTreatment of Skin conditions with inflammation & itching,
Happi-D Capsule SR,Treatment of Gastroesophageal reflux disease (Acid reflux)Treatment of Peptic ulcer disease,
Histafree Suspension Raspberry &amp; Vanilla,Treatment of Sneezing and runny nose due to allergiesTreatment of Allergic conditions,
Hylosoft Eye Drop,Treatment of Dry eyes,
Haemaccel Infusion, Short term fluid replacement after trauma,
Huminsulin  30/70 100IU/ml Cartridge 3ml, Diabetes,
Hifenac Tablet, Pain relief,
Hydrocort 100mg Injection, Severe allergic reactionsTreatment of Allergic conditionsTreatment of CancerTreatment of Skin disordersTreatment of Eye disorders,
Hifenac-D  Tablet, Pain relief,
HH Sone Cream,Treatment of Skin conditions with inflammation & itching,
Hepakind 300mg Tablet,Treatment of Primary biliary cirrhosisTreatment of Gallbladder stones,
Herpex 5% Cream, Herpes labialis,
HCQS 300 Tablet,Treatment of Rheumatoid arthritisTreatment of Systemic lupus erythematosus (SLE)Treatment of Type 2 diabetes mellitus,
Hhfudic Cream,Treatment of Skin conditions with inflammation & itching,
Hexidine Mouth Wash,Treatment of Mouth infection,
Hepamerz Granules,Treatment of Liver  disease,
Hicope Drop,Treatment of AnxietyTreatment of Skin conditions with inflammation & itching,
HHzole Cream,Treatment of Fungal skin infections,
Hifenac TH Tablet,Treatment of Pain due to muscle spasm,
Hepakind 150 Tablet,Treatment of Primary biliary cirrhosisTreatment of Gallbladder stones,
Halovate Cream, Skin conditions with inflammation & itching,
Hicope 10 Tablet,Treatment of AnxietyTreatment of Skin conditions with inflammation & itching,
Hifenac SR Tablet, Pain relief,
Hansepran 100 Capsule, Leprosy,
Hexilak Gel, Burns Stretch Marks,
Herpikind 400 Tablet DT, Herpes Simplex Virus Infections Chickenpox Herpes labialis Shingles Genital herpes infection,
Herpikind Ointment, Herpes labialis,
Hydrogen Peroxide Solution, Wound infection,
Hisone 10 Tablet, Severe allergic reactionsTreatment of Allergic conditionsTreatment of CancerTreatment of Skin disordersTreatment of Eye disorders,
Hifenac Max Tablet,Treatment of Muscular pain,
Hhderm Cream,Treatment of Skin infections,
Humalog 100IU/ml Solution for Injection,Treatment of Diabetes,
Hyocimax MF  Tablet,Treatment of Menstrual pain,
HCQS 400 Tablet,Treatment of Rheumatoid arthritisTreatment of Systemic lupus erythematosus (SLE)Treatment of Type 2 diabetes mellitus,
Histo Calamine Lotion, Allergic skin conditions,
Humalog Mix 25 100IU/ml Cartridge, Diabetes,
HHLite Cream,Treatment of Melasma,
Histafree 180 Tablet,Treatment of Sneezing and runny nose due to allergiesTreatment of Allergic conditions,
HHLEVO Tablet,Treatment of Allergic conditions,
Hylosurge Eye Drop,Treatment of Dry eyes,
Histafree Eye Drops,Treatment of Allergic conditions,
Hemolit Cream,Treatment of Piles,
Hisone 5 Tablet, Severe allergic reactionsTreatment of Allergic conditionsTreatment of CancerTreatment of Skin disordersTreatment of Eye disorders,
Huminsulin R 40IU/ml Injection, Diabetes,
Harmoni-F Tablet, Polycystic ovarian syndrome (PCOS),
Hirudal Cream, Thrombophlebitis,
Hyla PF Eye Drop,Treatment of Dry eyes,
Hexidine Mouth Wash,Treatment of Mouth infection,
Human Mixtard 50 Injection 40IU/ml, Diabetes,
HH Linctus Cough Syrup,Treatment of Dry cough,
Histakind-M Tablet,Treatment of Sneezing and runny nose due to allergies,
Hexaxim Vaccine, Diphtheria Haemophilus influenzae Type b disease Pertussis Tetanus Polio,
Hicet-DC Tablet,Treatment of Sneezing and runny nose due to allergies,
Herpikind 800mg Tablet, Herpes Simplex Virus Infections Chickenpox Herpes labialis Shingles Genital herpes infection,
HUCOG 10000 HP Injection,Treatment of Female infertilityTreatment of Male hypogonadism,
Hypersol Ophthalmic Solution,Treatment of Eye injury,
Hyvet  Eye Drop,Treatment of Dry eyes,
Hatric Tablet,Treatment of Allergic conditions,
Hungree Syrup,Treatment of Allergic conditions Appetite stimulant,
Hatric 3 Suspension,Treatment of Common cold,
Halox S Ointment, Eczema Psoriasis,
Happi-L Capsule SR,Treatment of Gastroesophageal reflux disease (Acid reflux)Treatment of Intestinal ulcersTreatment of Irritable bowel syndrome,
Hyane Eye Drop,Treatment of Dry eyes,
Halox Cream, Skin conditions with inflammation & itching,
HH Salic Ointment, Eczema Psoriasis,
Hexidine Mouth Wash,Treatment of Mouth infection,
Hifenac Spas Tablet,Treatment of Abdominal pain,
Hepbest Tablet, Chronic hepatitis B virus (HBV) infection,
Hhfexo 180 Tablet,Treatment of Sneezing and runny nose due to allergiesTreatment of Allergic conditions,
Hydroxyl  Mouth Wash, Mouth infection,
Hyla Fusion Eye Drop,Treatment of Dry eyes,
Healtears Eye Drop,Treatment of Dry eyes,
Hhamclav 625 Tablet,Treatment of Bacterial infections,
Hyla Eye Drop,Treatment of Dry eyes,
Hyalgan Injection, Osteoarthritis,
Humog 75 Injection, Female infertility Male hypogonadism Male infertility,
Hyadry 0.1% Eye Drop,Treatment of Dry eyes,
Humog 150 HP Injection, Female infertility Male hypogonadism Male infertility,
Human Insulatard 40IU/ml Suspension for Injection, Diabetes,
Huminsulin R 100IU Cartridge, Diabetes,
Halotop-S Ointment, Eczema Psoriasis,
Histabil Tablet,Treatment of Allergic conditions,
HHCepo 200 Tablet,Treatment of Bacterial infections,
HHlevo-M Tablet,Treatment of Sneezing and runny nose due to allergiesTreatment of Hay feverTreatment of Allergic skin conditions,
Halovate Ointment, Skin conditions with inflammation & itching,
Hydroeyes 0.05% Eye Drop, Dry eyes,
Herperax Ointment, Herpes labialis,
Halotop Cream, Skin conditions with inflammation & itching,
Hhazi 500 Tablet,Treatment of Bacterial infections,
Hypersol 6 Eye Ointment, Dry eyes,
Hepcvel Tablet,Treatment of Chronic hepatitis C virus (HCV) infection,
Halox Lotion, Skin conditions with inflammation & itching,
Humalog 100IU/ml Kwikpen,Treatment of Diabetes,
Humalog Mix 50 100IU/ml Cartridge, Diabetes,
Hairjoy Foam,Treatment of Hair loss,
Hald SR 200 Tablet, Hormone replacement therapyTreatment of Female infertility,
Hedfree Tablet,Treatment of Migraine,
Hipres 50 Tablet,Treatment of Hypertension (high blood pressure)Treatment of Angina (heart-related chest pain)Treatment of ArrhythmiaPrevention of Heart attack,
Hicet Tablet,Treatment of Allergic conditions,
Hepasil Syrup, Chronic liver disease Liver cirrhosis,
Huminsulin  30/70 Solution for Injection 40IU/ml, Diabetes,
HH Linctus-LS Expectorant,Treatment of Cough with mucus,
Histakind 30mg/5ml Syrup,Treatment of Sneezing and runny nose due to allergiesTreatment of Allergic conditions,
Halox Ointment, Skin conditions with inflammation & itching,
Hemsyl 500mg Tablet, Bleeding,
Hyal Oral Tablet,Treatment of Dry eyes,
HY 5  Eye Drop,Treatment of Dry eyes,
Helirab-D Capsule SR,Treatment of Gastroesophageal reflux disease (Acid reflux)Treatment of Peptic ulcer disease,
Hizet 25mg Tablet,Treatment of AnxietyTreatment of Skin conditions with inflammation & itching,
Hylu Fresh Eye Drop,Treatment of Dry eyes,
Hhcepo-CV Tablet,Treatment of Respiratory tract infection,
Healex Plus Spray, Skin infections,
Histakem 120mg Tablet,Treatment of Sneezing and runny nose due to allergiesTreatment of Allergic conditions,
Happi-IT Capsule PR, Gastroesophageal reflux disease (Acid reflux) Peptic ulcer disease,
Halox S Lotion, Eczema Psoriasis,
Hepalair  150 mg/100 mg Tablet,Treatment of Indigestion,
HYQ 400 Tablet,Treatment of Rheumatoid arthritisTreatment of Systemic lupus erythematosus (SLE)Treatment of Type 2 diabetes mellitus,
Hhcefi 200 Tablet,Treatment of Bacterial infections,
Herperax 400 Tablet, Herpes Simplex Virus Infections Chickenpox Herpes labialis Shingles Genital herpes infection,
HH Sone Cream,Treatment of Skin conditions with inflammation & itching,
HH Linctus-Ex Expectorant,Treatment of Cough with mucus,
Herpival 1000mg Tablet, Herpes labialis Genital herpes infection Herpes zoster,
Hopace 2.5 Tablet,Treatment of Hypertension (high blood pressure) Prevention of heart attack and strokeTreatment of Heart failure,
HH Linctus Junior Syrup Alcohol Free,Treatment of Dry cough,
HH Salic Lotion, Eczema Psoriasis,
Hatric Syrup,Treatment of Allergic conditions,
Hatric 2 Syrup,Treatment of Common cold,
Halobet Cream, Skin conditions with inflammation & itching,
Hifenac TH8 Tablet,Treatment of Pain due to muscle spasm,
Hald SR 300 Tablet, Hormone replacement therapyTreatment of Female infertility,
Hqtor Tablet,Treatment of Rheumatoid arthritisTreatment of Systemic lupus erythematosus (SLE)Treatment of Type 2 diabetes mellitus,
Halobet S Ointment, Eczema Psoriasis,
HHlevo-M Kid Suspension,Treatment of Sneezing and runny nose due to allergiesTreatment of Hay feverTreatment of Allergic skin conditions,
Hytrin 1 Tablet, Hypertension (high blood pressure),
Halox ES Ointment, Eczema Psoriasis,
Hhmus 0.1% Ointment,Treatment of Atopic dermatitis,
Hhfexo M 10mg/120mg Tablet,Treatment of Sneezing and runny nose due to allergies,
Hyde Cream, Melasma,
Halotop-S Lotion, Eczema Psoriasis,
HUCOG 2000 HP Injection,Treatment of Female infertilityTreatment of Male hypogonadism,
Hadensa Ointment,Treatment of Piles,
Humog 75 HP Injection, Female infertility Male hypogonadism Male infertility,
HH Sone Lotion,Treatment of Skin conditions with inflammation & itching,
Hairizer Hair Growth Treatment,Treatment of Hair loss,
Halonext-S Ointment, Eczema Psoriasis,
Hizet 10mg Tablet,Treatment of AnxietyTreatment of Skin conditions with inflammation & itching,
Halosys -S Ointment, Eczema Psoriasis,
Hydrazide 12.5 Tablet,Treatment of Hypertension (high blood pressure)Treatment of Edema,
Huminsulin  30/70 Suspension for Injection 100IU/ml, Diabetes,
Honvan Tablet, Prostate cancer,
Hymoist Eye Drop,Treatment of Dry eyes,
Heximar-B Ointment, Psoriasis,
Hipress 50 Tablet,Treatment of Hypertension (high blood pressure)Treatment of Angina (heart-related chest pain)Treatment of ArrhythmiaPrevention of Heart attack,
Herperax 800 Tablet, Herpes Simplex Virus Infections Chickenpox Herpes labialis Shingles Genital herpes infection,
Hatric 3 Drops,Treatment of Common cold,
Herpex 200mg Tablet, Herpes Simplex Virus Infections Chickenpox Herpes labialis Shingles Genital herpes infection,
Hairmax Forte Solution,Treatment of Hair loss,
Heparid Syrup, Chronic liver disease Liver cirrhosis,
Hipres 25 Tablet,Treatment of Hypertension (high blood pressure)Treatment of Angina (heart-related chest pain)Treatment of ArrhythmiaPrevention of Heart attack,
Humalog Mix 25 Kwikpen 100IU/ml, Diabetes,
Hydrazide 25 Tablet,Treatment of Hypertension (high blood pressure)Treatment of Edema,
Huminsulin N 40IU/ml Injection, Diabetes,
Hepagard  Granules,Treatment of Liver  disease,
Huminsulin R 100IU/ml Solution for Injection, Diabetes,
Huminsulin  50/50 Suspension for Injection 40IU/ml, Diabetes,
Halovate Lotion, Skin conditions with inflammation & itching,
Halotop Lotion, Skin conditions with inflammation & itching,
Hhfexo 120mg Tablet,Treatment of Sneezing and runny nose due to allergiesTreatment of Allergic conditions,
Haloderm Cream, Skin conditions with inflammation & itching,
Hydroeyes HS Eye Drop, Dry eyes,
Hirudal Cream, Thrombophlebitis,
Heximar Ointment, Psoriasis,
Histakem 180mg Tablet,Treatment of Sneezing and runny nose due to allergiesTreatment of Allergic conditions,
Hydrogem 500mg Capsule, Head and neck cancer Sickle cell anemia,
Hylogel Gel, Wrinkles,
Happi 40 Tablet,Treatment of Gastroesophageal reflux disease (Acid reflux)Treatment of Peptic ulcer diseaseTreatment of Zollinger-Ellison syndrome,
Halonova S Ointment, Eczema Psoriasis,
Hemsyl Cvp Tablet, Bleeding,
Hytrin 2 Tablet, Hypertension (high blood pressure),
Hosit-L Tablet,Treatment of Nutritional deficiencies,
Hepabsv 100IU Injection, Prevention of Hepatitis B infection,
HH Salic 6 Ointment, Eczema Psoriasis,
Hep Lock Solution,Prevention of Blood clots,
Humstard 30/70 Injection 40IU/ml, Diabetes,
Herpikind 200 Tablet DT, Herpes Simplex Virus Infections Chickenpox Herpes labialis Shingles Genital herpes infection,
Hexilak Gel, Burns Stretch Marks,
Hilin 50 Capsule, Osteoarthritis,
Hopace-MT 50 Tablet ER, Hypertension (high blood pressure),
HHCepo 100mg Dry Syrup,Treatment of Bacterial infections,
Hylo Grev Eye Drop,Treatment of Dry eyes,
Halox S Ointment, Eczema Psoriasis,
Hyphoral Tablet, Fungal infections,
Hyrax 10mg Syrup,Treatment of AnxietyTreatment of Skin conditions with inflammation & itching,
Hycort 100mg Injection, Severe allergic reactionsTreatment of Allergic conditionsTreatment of CancerTreatment of Skin disordersTreatment of Eye disorders,
Halonova Cream, Skin conditions with inflammation & itching,
Hatric 2 Oral Drops,Treatment of Common cold,
HH Salic Ointment, Eczema Psoriasis,
Humog 150 Injection, Female infertility Male hypogonadism Male infertility,
Hhamclav Dry Syrup,Treatment of Resistant Tuberculosis (TB)Treatment of Bacterial infections,
Hylowell Eye Drop,Treatment of Dry eyes,
Hista 3G Tablet,Treatment of Sneezing and runny nose due to allergies,
Humalog Mix 50 Kwikpen 100IU/ml, Diabetes,
Hylumax Eye Drop,Treatment of Dry eyes,
Helirab 20 Tablet,Treatment of Gastroesophageal reflux disease (Acid reflux)Treatment of Peptic ulcer diseaseTreatment of Zollinger-Ellison syndrome,
Hicet Syrup,Treatment of Allergic conditions,
Halosys-S Lotion, Eczema Psoriasis,
Hi-D3 60K Capsule,Treatment of Vitamin D deficiencyTreatment of Osteoporosis,
Hexidine -EP Mouth Wash,Treatment of Mouth infection,
Hepexa 300 Tablet,Treatment of Primary biliary cirrhosisTreatment of Gallbladder stones,
Hifenac Gel, Pain relief,
Hopace 1.25 Tablet,Treatment of Hypertension (high blood pressure) Prevention of heart attack and strokeTreatment of Heart failure,
Hepasil 140mg Tablet, Chronic liver disease Liver cirrhosis,
Hytel 40mg Tablet,Treatment of Hypertension (high blood pressure) Prevention of heart attack and strokeTreatment of Heart failure,
Huminsulin N 100IU/ml Cartridge, Diabetes,
Hisone 20mg Tablet, Severe allergic reactionsTreatment of Allergic conditionsTreatment of CancerTreatment of Skin disordersTreatment of Eye disorders,
Haloderm S Ointment, Eczema Psoriasis,
Hald SR 400 Tablet, Hormone replacement therapyTreatment of Female infertility,
Hyaluron 200mg Tablet, Osteoarthritis,
Haloderm Cream, Skin conditions with inflammation & itching,
Habiccor Ointment, Skin conditions with inflammation & itching,
Hqtor 400 Tablet,Treatment of Rheumatoid arthritisTreatment of Systemic lupus erythematosus (SLE)Treatment of Type 2 diabetes mellitus,
Hairlife 5% Solution,Treatment of Hair loss,
Hepcinat Tablet, Chronic hepatitis C virus (HCV) infection,
Humalog 200IU/ml Kwikpen,Treatment of Diabetes,
HHlevo-M Kid Tablet DT,Treatment of Sneezing and runny nose due to allergiesTreatment of Hay feverTreatment of Allergic skin conditions,
Habiccor Ointment, Skin conditions with inflammation & itching,
Hep 25 Injection,Prevention of Blood clots,
Hypig Cream, Melasma,
Halobet Cream, Skin conditions with inflammation & itching,
Hopace-H 5 Capsule, Hypertension (high blood pressure),
Hipril A Tablet, Hypertension (high blood pressure),
Hairjoy 2% Solution, Hair loss,
Happicid Oral Gel Ice Mint Sugar Free,Treatment of AcidityTreatment of Stomach ulcersTreatment of Bloating,
Halofast S Ointment, Eczema Psoriasis,
Hicet-AX Tablet SR,Treatment of Cough,
Hysoft Moisturizing Cream,Treatment of Eczema Severe allergic reactionsTreatment of Allergic conditionsTreatment of CancerTreatment of Skin disordersTreatment of Eye disorders,
Hemocit-P Tablet, Stroke,
Halonext 0.05% Lotion, Skin conditions with inflammation & itching,
Halomesh Cream, Skin conditions with inflammation & itching,
H-One Cream, Melasma,
Halostrol S 6% Ointment, Eczema Psoriasis,
Histacross L 10mg Tablet,Treatment of Allergic conditions,
Hep Grow Tablet,Treatment of Liver  disease,
Hicool PF Eye Gel, Dry eyes,
Hmet Trio 2mg/500mg/0.3mg Tablet,Treatment of Type 2 diabetes mellitus,
Hopecard 5 Capsule,Treatment of Hypertension (high blood pressure) Prevention of heart attack and strokeTreatment of Heart failure,
Hexab Emulsion, Scabies,
Hopecard 2.5 Capsule,Treatment of Hypertension (high blood pressure) Prevention of heart attack and strokeTreatment of Heart failure,
Hivus-LR 50mg/200mg Tablet, HIV infection,
Hyde Solution, Melasma,
H-Quine Tablet,Treatment of Rheumatoid arthritisTreatment of Systemic lupus erythematosus (SLE)Treatment of Type 2 diabetes mellitus,
Hical Suspension,Treatment and prevention of Calcium deficiency,
Hexolip 500 Tablet, Peripheral vascular disease,
Histaban 5mg Tablet,Treatment of Allergic conditions,
HMET-Forte Tablet SR,Treatment of Type 2 diabetes mellitus,
Hypig 15 Cream, Melasma,
Hairshine Ktz Soap,Treatment of Fungal skin infectionsTreatment of Dandruff,
Hairouse-MX 2% Solution,Treatment of Hair loss,
Hare 10 Spray,Treatment of Hair loss,
Hopecard-H 5/12.5 Capsule, Hypertension (high blood pressure),
Hibesor 50mg Tablet,Treatment of Hypertension (high blood pressure)Treatment of Angina (heart-related chest pain)Treatment of ArrhythmiaPrevention of Heart attack,
Heptilose Oral Solution,Treatment of ConstipationTreatment of Hepatic encephalopathy,
Imatib 100 Tablet,Treatment of Cancer,
IPCA MMF 500 Tablet, Prevention of organ rejection in transplant patients,
Inderal LA 20 Tablet SR,Treatment of PheochromocytomaTreatment of Hypertension (high blood pressure) Prevention of migraineTreatment of AnxietyTreatment of ArrhythmiaPrevention of Heart attackPrevention of Angina (heart-related chest pain)Treatment of Tremors,
Imdur 30mg Tablet PR,Prevention of Angina (heart-related chest pain),
Istavel 100mg Tablet,Treatment of Type 2 diabetes mellitus,
Inderal 40 Tablet,Treatment of PheochromocytomaTreatment of Hypertension (high blood pressure) Prevention of migraineTreatment of AnxietyTreatment of ArrhythmiaPrevention of Heart attackPrevention of Angina (heart-related chest pain)Treatment of Tremors,
ITR Plus Eye Drop,Treatment of Dry eyes,
Idrofos 150 Tablet,Treatment and prevention of postmenopausal Osteoporosis,
Indocap Capsule, Pain relief,
Istamet 50mg/1000mg Tablet,Treatment of Type 2 diabetes mellitus,
Igurati 25mg Tablet,Treatment of Rheumatoid arthritis,
IT-Mac 100 Capsule,Treatment of Fungal infections,
Intacoxia 90 Tablet, Pain relief,
Ivoral Forte Tablet,Treatment of Worm infections,
Indclav 625 Tablet,Treatment of Bacterial infections,
Inderal 20mg Tablet,Treatment of PheochromocytomaTreatment of Hypertension (high blood pressure) Prevention of migraineTreatment of AnxietyTreatment of ArrhythmiaPrevention of Heart attackPrevention of Angina (heart-related chest pain)Treatment of Tremors,
Intimacy Plus 2 Tablet, Contraception,
Itralase 100 Capsule,Treatment of Fungal infections,
Istavel 50mg Tablet,Treatment of Type 2 diabetes mellitus,
Iotim Eye Drop, Glaucoma Ocular hypertension,
Isordil 5 Sublingual tablet,Prevention of Angina (heart-related chest pain),
Inderal LA 40 Tablet SR,Treatment of PheochromocytomaTreatment of Hypertension (high blood pressure) Prevention of migraineTreatment of AnxietyTreatment of ArrhythmiaPrevention of Heart attackPrevention of Angina (heart-related chest pain)Treatment of Tremors,
Invokana  100mg Tablet,Treatment of Type 2 diabetes mellitus,
Isolazine Tablet,Treatment of Heart failure,
Imiquad Cream (0.25gm Each), Genital warts (Skin bumps on or around the genital or anal area) Actinic keratosis Basal cell cancer,
Isryl-M2 Tablet SR,Treatment of Type 2 diabetes mellitus,
Intacoxia MR 60mg/4mg Tablet,Treatment of Pain due to muscle spasm,
Ivepred 4 Tablet,Treatment of Rheumatic disorderTreatment of Systemic lupus erythematosus (SLE)Treatment of Allergic conditionsTreatment of Eye disordersTreatment of Skin disorders,
Isryl-M1 Tablet SR,Treatment of Type 2 diabetes mellitus,
Ipravent Respules 2ml,Treatment of Chronic obstructive pulmonary disease (COPD),
Inapure 5 Tablet,Treatment of Angina (heart-related chest pain)Treatment of Heart failure,
Intaglip-M Tablet,Treatment of Type 2 diabetes mellitus,
Itromed 200 Capsule,Treatment of Fungal infections,
Ismo 20 Tablet,Prevention of Angina (heart-related chest pain),
Isofer Injection, Iron deficiency anemia,
Imidil Cream,Treatment of Fungal skin infections,
Ivabid 5 Tablet,Treatment of Angina (heart-related chest pain)Treatment of Heart failure,
Itaspor 200 Capsule,Treatment of Fungal infections,
Ivepred 8 Tablet,Treatment of Rheumatic disorderTreatment of Systemic lupus erythematosus (SLE)Treatment of Allergic conditionsTreatment of Eye disordersTreatment of Skin disorders,
Incid-L Tablet,Treatment of Allergic conditions,
Inderal F 10 Tablet SR,Prevention of Migraine,
Imxia 5 Solution,Treatment of Hair loss,
Irban 5mg Tablet,Treatment of Angina (heart-related chest pain)Treatment of Heart failure,
Idrofos Kit, Osteoporosis,
Ibugesic ASP Tablet, Pain relief,
Immunorel 5gm Solution for Infusion,Prevention of Infections,
Imol Suspension, Pain reliefTreatment of Fever,
Itaspor-SB Capsule,Treatment of Fungal infections,
I Soft Ophthalmic Solution,Treatment of Dry eyes,
Impulog Tablet,Treatment of Chronic kidney disease,
I-Dew DS Aquagel,Treatment of Dry eyes,
Ivrea 1 Cream, RosaceaTreatment of Parasitic infections,
Imograf Forte Ointment,Treatment of Atopic dermatitis,
Ivepred 16 Tablet,Treatment of Rheumatic disorderTreatment of Systemic lupus erythematosus (SLE)Treatment of Allergic conditionsTreatment of Eye disordersTreatment of Skin disorders,
Instaflex P Tablet SR, Pain relief Fever,
Itrasys 100 Capsule,Treatment of Fungal infections,
Inhalex Respules,Treatment of Respiratory tract disorders associated with viscid mucus,
Isordil 10 Tablet,Prevention of Angina (heart-related chest pain)Controlling Heart failure,
Ivanode 5 Tablet,Treatment of Angina (heart-related chest pain)Treatment of Heart failure,
Intalith CR 450 Tablet, Mania Bipolar disorder,
Itrostred 200 Capsule,Treatment of Fungal infections,
Insugen-R 40IU/ml Solution for Injection, Diabetes,
Inzit 4 Tablet, Hypertension (high blood pressure)Prevention of Angina (heart-related chest pain),
Itromed 100 Capsule,Treatment of Fungal infections,
Iobet Eye Drop, Glaucoma Ocular hypertension,
Involym Capsule, Bacterial infections,
Ipravent Respirator Solution,Treatment of Chronic obstructive pulmonary disease (COPD),
Ilapro 10 Tablet, Gastroesophageal reflux disease (Acid reflux) Peptic ulcer disease,
Imdur 60mg Tablet PR,Prevention of Angina (heart-related chest pain),
IF 2 Eye Drop,Treatment of Allergic conditions,
Intimacy Plus 0.03 mg/0.15 mg Tablet, Contraception,
Ivamac 5 Tablet,Treatment of Angina (heart-related chest pain)Treatment of Heart failure,
I-Win 100 Capsule,Treatment of Fungal infections,
Itzhh 200 Capsule,Treatment of Fungal infections,
Intacept 50mg Injection, Ankylosing spondylitis Rheumatoid arthritis Psoriasis Ulcerative colitis Crohn’s disease,
I-Dew Soothe Eye Drop,Treatment of Dry eyes,
Itrop Plus  Eye Drop, Eye examination,
Isonorm 30 SR Tablet,Prevention of Angina (heart-related chest pain),
Itradila 200 Capsule,Treatment of Fungal infections,
Imidil-C Vaginal Suppository, Syndromic treatment of vaginal discharge,
Ifin 250mg Tablet, Fungal infections,
Ifin 500 Tablet, Fungal infections,
I-Win 200 Capsule,Treatment of Fungal infections,
Itrafix 200 Capsule,Treatment of Fungal infections,
Intacoxia 120 Tablet, Pain relief,
Ismo Retard Tablet ER,Prevention of Angina (heart-related chest pain),
Infen P Tablet, Pain relief Fever,
Insugen 30/70 100IU Refil Cartridge, Diabetes,
Itratuf Oral Solution,Treatment of Fungal infections,
Immulina Liquid, Diseases of respiratory tract,
Ilevro Ophthalmic Suspension,Treatment of Post-operative eye pain and inflammation,
Isolin 2mg Injection,Treatment of BradycardiaTreatment of Cardiac arrest,
Isoin 20 Capsule,Treatment of Acne,
Imat 400 Tablet,Treatment of Cancer,
Insugen-R 100IU/ml Refil, Diabetes,
Iminoral 100 Capsule, Prevention of organ rejection in transplant patients Rheumatoid arthritis PsoriasisPrevention of graft rejection following Bone marrow transplantationTreatment of Nephrotic syndrome,
Isotroin 5 Capsule,Treatment of Acne,
Intasporin Powder, Bacterial skin infections,
Ivabeat 5 Tablet,Treatment of Angina (heart-related chest pain)Treatment of Heart failure,
Ivecop 12 Tablet,Treatment of Parasitic infections,
Inditel 40 Tablet,Treatment of Hypertension (high blood pressure) Prevention of heart attack and strokeTreatment of Heart failure,
Intacoxia 60mg Tablet, Pain relief,
Irivisc DS Eye Drop,Treatment of Dry eyes,
Inderal F 5 Tablet SR,Prevention of Migraine,
Itragreat 100 Capsule,Treatment of Fungal infections,
Inramed 5 Tablet,Treatment of Low blood pressure,
Izra- D40 Capsule SR,Treatment of Gastroesophageal reflux disease (Acid reflux)Treatment of Functional dyspepsia,
Itrazole 100 Capsule,Treatment of Fungal infections,
Itromed 200 Capsule,Treatment of Fungal infections,
Insuman Rapid 100IU/ml Solution for Injection, Diabetes,
Itrason 200 Capsule,Treatment of Fungal infections,
Imacin-SR 75 Capsule, Pain relief,
I-Tyza Capsule,Treatment of Fungal infections,
Itragreat 200 Capsule,Treatment of Fungal infections,
Irimist Ophthalmic Solution, Dry eyes,
Immutil-S 360 Tablet DR, Prevention of organ rejection in transplant patients,
Intacoxia P 60mg/325mg Tablet, Pain relief,
Isotane 20 Capsule,Treatment of Acne,
Iotim Plus Eye Drop,Treatment of GlaucomaTreatment of Ocular hypertension,
Insugen 50/50 Injection 100IU/ml, Diabetes,
Infinair 10/5mg Tablet,Treatment of Sneezing and runny nose due to allergiesTreatment of Hay feverTreatment of Allergic skin conditions,
Immutil Tablet, Prevention of organ rejection in transplant patients,
Inosert 50 Tablet,Treatment of DepressionTreatment of Post traumatic stress disorderTreatment of Obsessive-compulsive disorderTreatment of Panic disorderTreatment of Premenstrual dysphoric disorderTreatment of AnxietyTreatment of Premenstrual syndrome (PMS),
Insuman Comb 25 Injection, Diabetes,
Ivabrad 7.5 Tablet,Treatment of Angina (heart-related chest pain)Treatment of Heart failure,
Insuman Comb 25 Injection, Diabetes,
Iotim B Ophthalmic Solution,Treatment of Ocular hypertensionTreatment of Glaucoma,
Irovel 150 Tablet, Hypertension (high blood pressure) Heart failure Prevention of heart attack and stroke,
Insugen 30/70 Solution for Injection 40IU/ml, Diabetes,
Irovel H Tablet, Hypertension (high blood pressure),
ITRAGEN 200MG CAPSULE,Treatment of Fungal infections,
Iladac 10 Tablet, Gastroesophageal reflux disease (Acid reflux) Peptic ulcer disease,
Inzit 8 Tablet, Hypertension (high blood pressure)Prevention of Angina (heart-related chest pain),
Itaspor Capsule,Treatment of Fungal infections,
Imograf Forte Ointment,Treatment of Atopic dermatitis,
Intalfa 3miu Injection, Chronic hepatitis B virus (HBV) infection Chronic hepatitis C virus (HCV) infection Multiple myeloma Follicular lymphoma Hairy cell leukemia,
Ibuflamar-P 400mg/325mg Tablet, Pain reliefTreatment of Fever,
Inditel AM Tablet,Treatment of Hypertension (high blood pressure),
Immulina 800 Tablet, Diseases of respiratory tract,
Iban Plus Tablet,Treatment and prevention of postmenopausal Osteoporosis,
Isoin 10 Capsule,Treatment of Acne,
Involym Capsule, Bacterial infections,
Inmecin P 25mg/325mg Capsule, Pain relief,
Isotroin 30 Capsule,Treatment of Acne,
Innomune Tablet, Prevention of organ rejection in transplant patientsTreatment of Rheumatoid arthritis,
Istaphase MG 2 Tablet PR,Treatment of Type 2 diabetes mellitus,
Inmecin 50mg Capsule, Pain relief,
I Nem 500mg/500mg Injection, Severe bacterial infections,
Isryl 1 Tablet,Treatment of Type 2 diabetes mellitus,
Insugen-N 40IU/ml Injection, Diabetes,
Ibucon Plus Suspension, Pain reliefTreatment of Fever,
Iminoral 50 Capsule, Prevention of organ rejection in transplant patients Rheumatoid arthritis PsoriasisPrevention of graft rejection following Bone marrow transplantationTreatment of Nephrotic syndrome,
Immulina 400 Tablet, Diseases of respiratory tract,
Isryl 2 Tablet,Treatment of Type 2 diabetes mellitus,
Incid-MD Tablet,Treatment of Allergic conditions,
Itrasys CF 100 Capsule,Treatment of Fungal infections,
Itzhh Capsule,Treatment of Fungal infections,
Irimist Gel, Dry eyes,
Iobrim Eye Drop, Ocular hypertension Glaucoma,
IDEBEST 45MG TABLET,Treatment of Friedreich's ataxiaTreatment of Leber’s Hereditary Optic Neuropathy,
Ivf M  150IU Injection, Female infertility Male hypogonadism Male infertility,
Imxia 10% Solution,Treatment of Hair loss,
Itraclar 100mg Capsule,Treatment of Fungal infections,
Intacept 25 Solution for Injection, Ankylosing spondylitis Rheumatoid arthritis Psoriasis Ulcerative colitis Crohn’s disease,
Inac 50 Tablet, Pain relief,
Inogla-M 500 Tablet SR,Treatment of Type 2 diabetes mellitus,
Ivecop 6 Tablet,Treatment of Parasitic infections,
Itracip 100 Capsule,Treatment of Fungal infections,
Ibugesic AP  Tablet, Pain relief,
Itragen 100 Capsule,Treatment of Fungal infections,
Itratop 200mg Capsule,Treatment of Fungal infections,
Infura 100mg Tablet,Treatment of Bacterial infections of urinary tract,
Itratuf Capsule,Treatment of Fungal infections,
Imograf Forte Lotion,Treatment of Atopic dermatitis,
Indclav Bid 228 Dry Syrup,Treatment of Resistance Tuberculosis (TB)Treatment of Bacterial infections,
Isryl-M 4 Forte Tablet PR,Treatment of Type 2 diabetes mellitus,
Instaflex AR 200mg/20mg Capsule SR, Pain relief,
Ipravent Rotacaps,Treatment of Chronic obstructive pulmonary disease (COPD),
Ixarola 15mg Tablet,Treatment and prevention of Blood clots,
Ivnex 5gm Infusion, Immunoglobulins deficiency,
Ismigen Tablet, Diseases of respiratory tract,
Itral 1% Ointment,Treatment of Fungal skin infections,
Ibukind Plus 100 mg/162.5 mg Suspension, Pain reliefTreatment of Fever,
Inhipraz 40mg Tablet,Treatment of HeartburnTreatment of Gastroesophageal reflux disease (Acid reflux)Treatment of Peptic ulcer diseaseTreatment of Zollinger-Ellison syndrome,
IT Mac 400mg Tablet SR,Treatment of Fungal infections,
IBU-C Tablet, Pain relief,
Isonorm 20 Tablet,Prevention of Angina (heart-related chest pain),
Imidil Dusting Powder,Treatment of Fungal skin infections,
Iladac DSR Capsule PR,Treatment of Gastroesophageal reflux disease (Acid reflux)Treatment of Peptic ulcer disease,
Isozole- DSR Capsule,Treatment of Gastroesophageal reflux disease (Acid reflux)Treatment of Functional dyspepsia,
Imferon S 20mg Injection, Iron deficiency anemia,
Isotane 10 Capsule,Treatment of Acne,
Insulate-NP Tablet, Neuropathic pain,
Iverscab 12mg Dispersible Tablet,Treatment of Parasitic infections,
Inditel CH 40 Tablet, Hypertension (high blood pressure),
Inditel H 40 Tablet,Treatment of Hypertension (high blood pressure),
Ivabratco 5 Tablet,Treatment of Angina (heart-related chest pain)Treatment of Heart failure,
Inditel D Capsule SR, Hypertension (high blood pressure),
Intalith 300 Tablet, Mania Bipolar disorder,
Itrasys 400 Capsule,Treatment of Fungal infections,
Insulatard 100IU/ml Flexpen, Diabetes,
Insulatard HM 100IU/ml Penfill, Diabetes,
Itralent 100mg Capsule,Treatment of Fungal infections,
Infen Plaster, Pain relief,
Iso Aret 20mg Capsule,Treatment of Acne,
Infa  -VT Ointment, Syndromic treatment of vaginal discharge,
Itaphyte 200 Capsule,Treatment of Fungal infections,
Itrabond 100 Capsule,Treatment of Fungal infections,
Itralent 200 Capsule,Treatment of Fungal infections,
Itral Eye/Ear Drops,Treatment of Fungal infections,
Itrafix 100 Capsule,Treatment of Fungal infections,
Irovel 300 Tablet, Hypertension (high blood pressure) Heart failure Prevention of heart attack and stroke,
Inogla Tablet,Treatment of Type 2 diabetes mellitus,
Iycotic Cream, Fungal skin infections,
I-Gesic Eye Drop, Post-operative eye pain and inflammation Pain relief,
Itromed Gel,Treatment of Fungal skin infections,
Iconac MR 8 Tablet,Treatment of Muscular pain,
Inditel 20 Tablet,Treatment of Hypertension (high blood pressure) Prevention of heart attack and strokeTreatment of Heart failure,
Ivepred 500mg Injection,Treatment of Rheumatic disorderTreatment of Systemic lupus erythematosus (SLE)Treatment of Allergic conditionsTreatment of Eye disordersTreatment of Skin disorders,
Itrafix 100 Capsule,Treatment of Fungal infections,
Intrazole 200 Capsule,Treatment of Fungal infections,
Inosert 25 Tablet,Treatment of DepressionTreatment of Post traumatic stress disorderTreatment of Obsessive-compulsive disorderTreatment of Panic disorderTreatment of Premenstrual dysphoric disorderTreatment of AnxietyTreatment of Premenstrual syndrome (PMS),
Inosert 100 Tablet,Treatment of DepressionTreatment of Post traumatic stress disorderTreatment of Obsessive-compulsive disorderTreatment of Panic disorderTreatment of Premenstrual dysphoric disorderTreatment of AnxietyTreatment of Premenstrual syndrome (PMS),
Iladac L Capsule PR, Constipation,
Inditel CH 80 Tablet, Hypertension (high blood pressure),
Istavel 25mg Tablet,Treatment of Type 2 diabetes mellitus,
Insugen-R 100IU/ml Solution for Injection, Diabetes,
Itrabond 200 Capsule,Treatment of Fungal infections,
Itracoe 200 Capsule,Treatment of Fungal infections,
Isofeel 0.025 Cream,Treatment of Acne Acute promyelocytic leukaemia,
Irivisc Liquigel,Treatment of Dry eyes,
Itrazole 200 Capsule,Treatment of Fungal infections,
Itracoe Gel,Treatment of Fungal skin infections,
Ivazine 5 Tablet,Treatment of Angina (heart-related chest pain)Treatment of Heart failure,
Inogla-M 1000 Tablet SR,Treatment of Type 2 diabetes mellitus,
Isonorm 60 SR Tablet,Prevention of Angina (heart-related chest pain),
Inditel AH 40 Tablet, Hypertension (high blood pressure),
Isomin 20mg Tablet,Prevention of Angina (heart-related chest pain),
Ivermect 12mg Tablet,Treatment of Parasitic infections,
IZ K Soap, Fungal skin infections,
Itaspor Powder,Treatment of Fungal skin infections,
Ilosure 4 Tablet, Schizophrenia Mania,
Ivepred 1000mg Injection,Treatment of Rheumatic disorderTreatment of Systemic lupus erythematosus (SLE)Treatment of Allergic conditionsTreatment of Eye disordersTreatment of Skin disorders,
Isorus Tablet,Treatment of Heart failure,
Intadine 5% Ointment,Treatment and prevention of Wound infection,
Ishape 120mg Capsule, Obesity,
ILet B 2 Tablet PR,Treatment of Type 2 diabetes mellitus,
Indikof LS Syrup Sugar Free,Treatment of Cough with mucus,
Ixarola 20mg Tablet,Treatment and prevention of Blood clots,
Ilapro D Capsule PR,Treatment of Gastroesophageal reflux disease (Acid reflux)Treatment of Peptic ulcer disease,
Intawin 400 Tablet,Treatment of Fungal infections,
Ibrex-MT Tablet,Treatment of Sneezing and runny nose due to allergies,
Intagesic 50 mg/325 mg Tablet, Pain relief,
Irinotel 100mg Injection, Cancer of colon and rectum,
I-Sure Capsule,Treatment of Acne,
Ibilul Cream,Treatment of Fungal skin infections,
Intrazole 100 Capsule,Treatment of Fungal infections,
Ixza 1000mg Injection, Severe bacterial infections,
Isolor 5 Tablet,Treatment of Allergic conditions,
Itracip 200mg Capsule,Treatment of Fungal infections,
Itraconol 200 Capsule,Treatment of Fungal infections,
Isonise 10mg Capsule,Treatment of Acne,
Immulina Liquid, Diseases of respiratory tract,
Ibvilda M 500 Tablet,Treatment of Type 2 diabetes mellitus,
Insugen 50/50 Injection 100IU/ml, Diabetes,
Itrostred 200 Capsule,Treatment of Fungal infections,
I Lax 20mg Capsule,Treatment of Acne,
Izra-L Capsule SR,Treatment of Gastroesophageal reflux disease (Acid reflux)Treatment of Peptic ulcer disease,
Insugen-N 100IU/ml Injection, Diabetes,
Imunotac 0.5 Capsule, Prevention of organ rejection in transplant patients,
Ibitra 100mg Capsule,Treatment of Fungal infections,
Isokon 20mg Capsule,Treatment of Acne,
Ibitret 10mg Soft Gelatin Capsule,Treatment of Acne,
Insugen-N 100IU/ml Refil Injection, Diabetes,
Inditel MX 50 Tablet ER,Treatment of Hypertension (high blood pressure),
Itra RD 200 Capsule,Treatment of Fungal infections,
Iconac Spt Tablet, Pain relief,
IZ K Lotion,Treatment of Fungal skin infectionsTreatment of Dandruff,
Itrastar 100mg Capsule,Treatment of Fungal infections,
Itracat 200 Capsule,Treatment of Fungal infections,
Iversafe Cream, RosaceaTreatment of Parasitic infections,
Imulast 200mg Tablet,Treatment of Rheumatoid arthritisTreatment of Systemic lupus erythematosus (SLE)Treatment of Type 2 diabetes mellitus,
Iphytoral 100mg Capsule,Treatment of Fungal infections,
Itrafung 100 Capsule,Treatment of Fungal infections,
Ibitra 200mg Capsule,Treatment of Fungal infections,
Instaflex Nano Gel, Pain relief,
Ibflux Oral Solution,Treatment of ConstipationTreatment of Hepatic encephalopathy,
Itgo-MT Cream,Treatment of Fungal skin infections,
Isokon 10mg Capsule,Treatment of Acne,
Itriben 100mg Tablet,Treatment of Fungal infections,
Insuman Basal 40IU/ml Injection, Diabetes,
Intadine Solution,Treatment and prevention of Wound infection,
Itranext Capsule,Treatment of Fungal infections,
Induz Capsule,Treatment of Breast cancerTreatment of Infertility due to anovulation,
Irimist V Eye Drop, Dry eyes,
Itraderm DS Capsule,Treatment of Fungal infections,
Instigo-D Tablet,Treatment of Gastroesophageal reflux disease (Acid reflux)Treatment of Peptic ulcer disease,
Ilosure 6mg Tablet, Schizophrenia Mania,
Ismet 500mg Tablet,Treatment of Type 2 diabetes mellitus,
Ismet 500mg Tablet,Treatment of Type 2 diabetes mellitus,
Itraclar 200 Capsule,Treatment of Fungal infections,
Itrostred 100 Capsule,Treatment of Fungal infections,
Iversafe Lotion, RosaceaTreatment of Parasitic infections,
Itorate Capsule,Treatment of Fungal infections,
Isoperio 10mg Capsule,Treatment of Acne,
Inovas F Tablet,Treatment of High cholesterolPrevention of Heart attack,
Itracutis  100 Capsule,Treatment of Fungal infections,
Intalon  Liquid,Treatment of Wound infection,
Instacam Mouth Gel,Treatment of Mouth ulcers,
Itgo-O2 Tablet,Treatment of Bacterial & parasitic infections,
Itgo 50DT Tablet,Treatment of Fungal infections,
Ibithral 500mg Tablet,Treatment of Bacterial infections,
Itriben 200 Capsule,Treatment of Fungal infections,
Itracoe 400 SR Tablet,Treatment of Fungal infections,
Isofeel 0.1 Gel,Treatment of Acne Acute promyelocytic leukaemia,
Itraderm Capsule,Treatment of Fungal infections,
Ivables 7.5 Tablet,Treatment of Angina (heart-related chest pain)Treatment of Heart failure,
Itratuf Capsule,Treatment of Fungal infections,
Isopil 5 Tablet,Treatment of Acne,
Ibgliptin 20 Tablet,Treatment of Type 2 diabetes mellitus,
Intalon  Liquid,Treatment of Wound infection,
Itracyp 200mg Capsule,Treatment of Fungal infections,
Itsbest 200 Capsule,Treatment of Fungal infections,
Junior Lanzol 15mg Tablet DT,Treatment of Gastroesophageal reflux disease (Acid reflux)Treatment of Peptic ulcer disease,
Janumet 50mg/500mg Tablet,Treatment of Type 2 diabetes mellitus,
Jardiance 25mg Tablet,Treatment of Type 2 diabetes mellitus,
Jalra-M  50mg/500mg Tablet,Treatment of Type 2 diabetes mellitus,
Just Tears Eye Drop,Treatment of Dry eyes,
Januvia 100mg Tablet,Treatment of Type 2 diabetes mellitus,
Janumet 50mg/1000mg Tablet,Treatment of Type 2 diabetes mellitus,
Jardiance 10mg Tablet,Treatment of Type 2 diabetes mellitus,
Jalra 50mg Tablet,Treatment of Type 2 diabetes mellitus,
Junior Lanzol 30mg Tablet DT,Treatment of Gastroesophageal reflux disease (Acid reflux)Treatment of Peptic ulcer disease,
Jointace DN Tablet, Osteoarthritis,
Januvia 50mg Tablet,Treatment of Type 2 diabetes mellitus,
Janumet XR CP Tablet,Treatment of Type 2 diabetes mellitus,
Jardiance Met 12.5mg/500mg Tablet,Treatment of Type 2 diabetes mellitus,
Jectocos Plus Injection 1.5ml, Iron deficiency anemia Anemia due to chronic kidney disease,
Jupiros 10 Tablet,Treatment of High cholesterol Prevention of heart attack and stroke,
Juvobin 40 Injection,Treatment of Anemia due to chronic kidney diseaseTreatment of Anemia due to cancer chemotherapy,
Jalra-M  50mg/1000mg Tablet,Treatment of Type 2 diabetes mellitus,
Jupiros-F Tablet,Treatment of High cholesterolPrevention of Heart attack,
Jardiance Met 12.5mg/1000mg Tablet,Treatment of Type 2 diabetes mellitus,
Jointace OD Tablet, Osteoarthritis,
Jilazo Solution for Injection, Iron deficiency anemia,
Justin 12.5mg Suppository, Pain relief,
Just Tears Liquigel,Treatment of Dry eyes,
Jenvac Vaccine, Prevention of Japanese Encephalitis,
Jointace-DN Super Tablet, Osteoarthritis,
Julax 10mg Tablet,Treatment of Constipation,
Jectocos 50mg Injection, Iron deficiency anemia,
Juliana Tablet, Contraception,
Jupiros Gold 10 Capsule, Heart attack,
Jubira 10 Tablet,Treatment of High cholesterol Prevention of heart attack and stroke,
Joincerin M  Tablet, Osteoarthritis,
Jupiros 20 Tablet,Treatment of High cholesterol Prevention of heart attack and stroke,
Joykem ODT 50 Tablet, Schizophrenia,
Junior Cipeg Powder for Oral Solution, Constipation Intestine preparation before any surgery,
Jupiros 5 Tablet,Treatment of High cholesterol Prevention of heart attack and stroke,
Jalra-M  50mg/850mg Tablet,Treatment of Type 2 diabetes mellitus,
Joykem ODT 200 Tablet, Schizophrenia,
Justin 25mg Suppository, Pain relief,
Januvia 25mg Tablet,Treatment of Type 2 diabetes mellitus,
Joten M Tablet,Treatment of Type 2 diabetes mellitus,
Jupicid DSR 30mg/40mg Capsule,Treatment of Gastroesophageal reflux disease (Acid reflux)Treatment of Functional dyspepsia,
Jubiglim Trio 2 Tablet PR,Treatment of Type 2 diabetes mellitus,
Jimlig 100 Capsule,Treatment of Fungal infections,
Jubiglim M 2 Tablet PR,Treatment of Type 2 diabetes mellitus,
Jonac Gel, Pain relief,
Joten 20mg Tablet,Treatment of Type 2 diabetes mellitus,
Justaday Capsule, Pain relief,
Jubiglim MV 2 Tablet SR,Treatment of Type 2 diabetes mellitus,
Jubira F 5 Tablet,Treatment of High cholesterolPrevention of Heart attack,
Jubiflam Plus Tablet, Pain relief,
Jubira 5 Tablet,Treatment of High cholesterol Prevention of heart attack and stroke,
Joykem ODT 400mg Tablet, Schizophrenia,
J-Ring M Forte Tablet ER,Treatment of Type 2 diabetes mellitus,
Joxcy 500mg Tablet,Treatment of Bacterial infections,
Jotair L Tablet,Treatment of Sneezing and runny nose due to allergiesTreatment of Hay feverTreatment of Allergic skin conditions,
Joykem ODT 300 Tablet, Schizophrenia,
Joyneca Anti fungal Soap, Fungal skin infections,
Jidox 200mg Tablet,Treatment of Bacterial infections,
Joyace Nano Gel 2X, Pain relief,
Jifon 200 Tablet,Treatment of Bacterial infections,
Joypride 400mg Tablet, Schizophrenia,
Jufate O 1000 mg/20 mg Suspension Sugar Free,Treatment of AcidityTreatment of HeartburnTreatment of Stomach ulcers,
Januric SR 250 Tablet,Treatment of Gout,
Jufate O 1000 mg/20 mg Suspension,Treatment of AcidityTreatment of HeartburnTreatment of Stomach ulcers,
Ketoscalp Shampoo from Leeford for Antifungal Infections,Treatment of Dandruff,
Ketostar Cream, Fungal skin infections,
Kidpred Syrup,Treatment of Inflammatory conditionsTreatment of Autoimmune conditionsTreatment of Severe allergic reactionsTreatment of Allergic conditionsTreatment of Rheumatic disorderTreatment of Skin disordersTreatment of Eye disordersTreatment of Nephrotic syndrome,
Ketoflam-P Tablet, Pain relief,
Keto Cream, Fungal skin infections,
Ketostar Soap, Dandruff,
Ketofly Soap from Leeford for Skin Infections, Fungal skin infections,
Kutub 30 X Tablet,Treatment of Premature ejaculation,
Keralin Ointment,Treatment of Psoriasis,
Kufril LS Drop,Acute Sore throatTreatment of Cough with mucus,
Ketanov 10mg Tablet, Pain relief,
Ketocip 2% Shampoo from Cipla for Antifungal Infections,Treatment of Fungal infections,
Kefpod CV 200 Tablet,Treatment of Respiratory tract infection,
Kinpride Tablet, Gastroesophageal reflux disease (Acid reflux) Indigestion,
Ketostar Anti Dandruff Lotion,Treatment of Fungal skin infectionsTreatment of Dandruff,
K-Trip Forte Tablet, Pain reliefTreatment of Swelling,
KZ Plus Lotion,Treatment of Fungal skin infectionsTreatment of Dandruff,
K-Glim-M 1mg Tablet PR,Treatment of Type 2 diabetes mellitus,
Kefpod 200mg Tablet,Treatment of Bacterial infections,
Ketorol Injection, Pain relief,
Ketasma Tablet,Prevention of Asthma,
Kineto-DP Capsule, Pain relief,
Kofarest-PD Drop,Acute Sore throatTreatment of Cough with mucus,
K20 Soap, Fungal skin infections,
Keto-B Lotion,Treatment of Fungal skin infections,
Keto-AZ Lotion,Treatment of Fungal skin infectionsTreatment of Dandruff,
Keppra 500mg Tablet,Treatment of Epilepsy/Seizures,
K-Stat 500mg Tablet, Bleeding,
Ketanov Injection, Pain relief,
Ketocip Tablet, Fungal infections,
Kinetozyme Tablet, Pain relief,
K-Glim-M 2mg Tablet PR,Treatment of Type 2 diabetes mellitus,
Kevon Lotion, Fungal skin infections,
Kevon Lotion, Fungal skin infections,
Ketanov DT 10mg Tablet, Pain relief,
Ketoplast Plaster, Pain relief,
Kenozole Cream, Fungal skin infections,
Ketoalfa  Tablet,Treatment of Chronic kidney disease,
Kenacort 10mg Injection,Treatment of Rheumatoid arthritisTreatment of Osteoarthritis,
Keto Soap, Fungal skin infections,
K-Cit Oral Solution,Treatment of Kidney stone,
Ketomar  Ophthalmic Solution,Treatment of Post-operative eye pain and inflammation,
Kofarest-LS Syrup,Treatment of Cough with mucus,
Korandil 10 Tablet,Treatment of Angina (heart-related chest pain),
Konaz Antifungal Cream, Fungal skin infections,
Kofarest Syrup, Cough with mucus,
Kenz Soap, Fungal skin infections,
Katadol Capsule, Pain relief,
Kitmox  Eye Drop,Treatment of Bacterial eye infections,
KLM-D3 Nano Drops,Treatment of Vitamin D deficiencyTreatment of Osteoporosis,
KLM-FX 180 Tablet,Treatment of Sneezing and runny nose due to allergiesTreatment of Allergic conditions,
Kineto Forte Tablet, Pain relief Swelling,
K-Gem Tablet,Treatment of Type 2 diabetes mellitus,
Konaz -CT Lotion,Treatment of Dandruff,
Ktc Medicated Shampoo,Treatment of Dandruff,
K-Ion 10mg Tablet,Treatment of Angina (heart-related chest pain),
Kimet XL 25 Tablet,Treatment of Hypertension (high blood pressure)Treatment of Angina (heart-related chest pain)Treatment of ArrhythmiaPrevention of Heart attackPrevention of Migraine,
Keto Gold Soap, Fungal skin infections,
KZ-XL Cream, Fungal skin infections,
Kenz Lotion, Fungal skin infections,
Keto SZ Hair Wash,Treatment of Dandruff,
Kufril D Syrup,Treatment of Dry cough,
K-Cor 10 Tablet,Treatment of Angina (heart-related chest pain),
K-Glim 1mg Tablet,Treatment of Type 2 diabetes mellitus,
Kerashine-F  Tablet, Hair loss,
Ketoflox Ophthalmic Solution,Treatment of Eye infection,
K-Pio-Gm Tablet ER,Treatment of Type 2 diabetes mellitus,
KZ Dusting Powder, Fungal skin infections,
Ketograce Tablet,Treatment of Chronic kidney disease,
Kera XL M Solution,Treatment of Hair loss,
Kelfer 500 Capsule,Treatment of Iron overload,
Ketorol Gel, Pain relief,
Ketofly 200mg Tablet, Fungal infections,
Ketonate Cream,Treatment of Skin infections,
K20 Cream, Fungal skin infections,
Kefpod Suspension Orange,Treatment of Bacterial infections,
Kinetozyme-D Tablet, Pain relief,
Ketoflam T 4 Tablet, Pain due to muscle spasm,
Kitmox-LD  Opthalmic Suspension,Treatment of Eye infection with inflammation,
Kipnol TR 40 Capsule,Treatment of PheochromocytomaTreatment of Hypertension (high blood pressure) Prevention of migraineTreatment of AnxietyTreatment of ArrhythmiaPrevention of Heart attackPrevention of Angina (heart-related chest pain)Treatment of Tremors,
Keppra 100mg Syrup,Treatment of Epilepsy/Seizures,
Kneejoint Care Tablet, Osteoarthritis,
Kinpride SR Tablet, Gastroesophageal reflux disease (Acid reflux) Indigestion,
Kofarest Drop,Treatment of Cough with mucusTreatment of Acute Sore throatTreatment of Respiratory tract disorders associated with viscid mucus,
Ktc Soap, Dandruff,
Kidodent Mouth Wash Bubble Fruit,Treatment of Dental cavities,
Kenz Tablet, Fungal infections,
Kojiplus-TX Cream, Melasma,
Kenozole Shampoo,Treatment of Dandruff,
Ketoneph Tablet,Treatment of Chronic kidney disease,
Keto Dusting Powder, Fungal skin infections,
Ketoflam SR Tablet, Pain relief,
Ketodel Tablet,Treatment of Chronic kidney disease,
Ketafung CT Lotion,Treatment of Dandruff,
Kosat Syrup Alcohol &amp; Sugar Free, Cough,
Ketonext CT Shampoo,Treatment of Dandruff,
Ketafung-Z Plus Lotion,Treatment of Fungal skin infectionsTreatment of Dandruff,
Klm Klin  Soap, Skin infections,
K-Stat-ET Tablet, Heavy menstrual bleeding,
Kombiglyze  XR 5mg/1000mg Tablet,Treatment of Type 2 diabetes mellitus,
Kefpod O 200 mg/200 mg Tablet, Bacterial infections,
Kansel -DS Gel,Treatment of Fungal skin infections,
K-Pio-Gm 1mg Tablet ER,Treatment of Type 2 diabetes mellitus,
Kleangut Plus Oral Emulsion Peppermint, Constipation,
Kansel-B Cream,Treatment of Fungal skin infections,
Kiofiber Powder,Treatment of Constipation,
Kyrah Tablet, Contraception,
K2-Zole Soap, Fungal skin infections,
Keppra 250mg Tablet,Treatment of Epilepsy/Seizures,
Kimet XL 50 Tablet,Treatment of Hypertension (high blood pressure)Treatment of Angina (heart-related chest pain)Treatment of ArrhythmiaPrevention of Heart attackPrevention of Migraine,
Klean Tears Ultra Eye Drop,Treatment of Dry eyes,
Klinface-A Gel,Treatment of Acne,
Kinlax Oral Suspension Mint Sugar Free,Treatment of Constipation,
Keppra 750mg Tablet,Treatment of Epilepsy/Seizures,
K-Met 500mg Tablet PR,Treatment of Type 2 diabetes mellitus,
Kombiglyze  XR 5mg/500mg Tablet,Treatment of Type 2 diabetes mellitus,
Kansel -DS Lotion,Treatment of Fungal skin infections,
Ketamide Soap, Dandruff,
K2-Zole Solution, Fungal skin infections,
Ksan Tablet,Treatment of Nutritional deficiencies,
Ketovate Cream, Fungal skin infections,
K-Pio 15 Tablet,Treatment of Type 2 diabetes mellitus,
Kevon Tablet, Fungal infections,
Kanamac 1000 Injection, Bacterial infections Tuberculosis (TB),
Kilfat Tablet, Obesity,
Kofover Expectorant Raspberry Strawberry, Chronic obstructive pulmonary disease (COPD),
Ketafung Cream, Fungal skin infections,
Ketograce Sachet,Treatment of Chronic kidney disease,
Keto Cream, Fungal skin infections,
Klox-D 500 Capsule, Bacterial infections,
Ktl-Plus Eye Drops,Treatment of Eye infection,
Keto Lotion, Fungal skin infections,
Kanamac 750 Injection, Bacterial infections Tuberculosis (TB),
Keppra 1000mg Tablet,Treatment of Epilepsy/Seizures,
Kerashine-CT Anti-Dandruff Lotion,Treatment of Dandruff,
Ketol DT Tablet, Pain relief,
K-Glim 2mg Tablet,Treatment of Type 2 diabetes mellitus,
Kchek 15gm Sachet,Treatment of Increased potassium levels in blood,
Kitnor Shampoo,Treatment of Dandruff,
Kelvin 500mg Tablet, Pain reliefTreatment of Fever,
Keto-B Lotion,Treatment of Fungal skin infections,
Ketafung Lotion, Fungal skin infections,
K-Glim-M Forte 1mg Tablet PR,Treatment of Type 2 diabetes mellitus,
Ketofast Shampoo,Treatment of Dandruff,
Kevon Cream, Fungal skin infections,
Ketzz 2% Cream, Fungal skin infections,
Ketar Scalp Solution,Treatment of Dandruff,
Kevon Zip Hair Conditioner,Treatment of Dandruff,
Ketonext Shampoo,Treatment of Fungal infections,
Kevon Zip Hair Conditioner,Treatment of Dandruff,
Ketotreat Tablet,Treatment of Chronic kidney disease,
Ketobact Cream, Fungal skin infections,
Kimet XL 12.5 Tablet,Treatment of Hypertension (high blood pressure)Treatment of Angina (heart-related chest pain)Treatment of ArrhythmiaPrevention of Heart attackPrevention of Migraine,
Ketol-Z Lotion,Treatment of Fungal skin infectionsTreatment of Dandruff,
Klarim 250mg Tablet,Treatment of Bacterial infections,
Ketofine Cream, Fungal skin infections,
Ketofast Soap, Fungal skin infections,
Kanamac 500 Injection, Bacterial infections Tuberculosis (TB),
Kurazol Shampoo,Treatment of Fungal infections,
Kamrab Injection, Prevention of Rabies,
Ktl  Eye Drop,Treatment of Dry eyes,
Kozol Lotion, Fungal skin infections,
Ketonext AF Lotion, Fungal skin infections,
Kitnor Soap, Fungal skin infections,
Ketofine-B Cream,Treatment of Fungal skin infections,
Ktc 2% Cream, Fungal skin infections,
Kaycut Powder,Treatment of Increased potassium levels in blood,
Kalzin 6L Injection,Treatment of Vitamin D deficiencyTreatment of Osteoporosis,
Ketovate Tablet, Fungal infections,
Ketosh Shampoo,Treatment of Fungal infections,
Ketonext Cream, Fungal skin infections,
Kozol ZP Shampoo,Treatment of Dandruff,
Kidnymax Tablet,Treatment of Chronic kidney disease,
K2-Ziv Shampoo,Treatment of Dandruff,
Ketomed Plus Soap, Fungal skin infections,
Ketoliz 2% Cream, Fungal skin infections,
Keycept S 360 Tablet, Prevention of organ rejection in transplant patients,
Kronostar 300 Tablet CR, Epilepsy,
Kayavate S Lotion,Treatment of EczemaTreatment of Psoriasis,
K Shine Lotion, Fungal skin infections,
Kozol Zpto Lotion,Treatment of Fungal skin infectionsTreatment of Dandruff,
Kronostar 500 Tablet CR, Epilepsy,
Ketonext Soap, Fungal skin infections,
Ketomega Tablet,Treatment of Chronic kidney disease,
Ketox Cream, Fungal skin infections,
Ketonol Shampoo,Treatment of Fungal infections,
Ketoff Lotion,Treatment of Fungal skin infectionsTreatment of Dandruff,
Ketogold Medicated Soap, Fungal skin infections,
Ketogold Medicated Soap, Fungal skin infections,
Ketral  2% Scalp Solution, Fungal skin infections,
Ketoberg Soap, Fungal skin infections,
Ketofine Soap, Fungal skin infections,
K Terbimax Cream, Fungal skin infections,
Ketodust 200mg Tablet, Fungal infections,
Ketovate Soap, Fungal skin infections,
Ketofine Lotion,Treatment of Fungal skin infectionsTreatment of Dandruff,
Kozol-B Cream,Treatment of Fungal skin infections,
Ketotek Soap, Fungal skin infections,
Ketopan Soap, Fungal skin infections,
Ketzi Cream, Fungal skin infections,
Klinique Shampoo,Treatment of Fungal infections,
Kozol Soap, Fungal skin infections,
Kneesafe-GM Tablet, Osteoarthritis,
K2-Zole LD Solution, Fungal skin infections,
Kudzuflam 100mg/325mg/15mg Tablet, Pain relief,
Klinique Forte  Anti-Dandruff Shampoo,Treatment of Dandruff,
Keyzol Cream, Fungal skin infections,
Ketodust Soap, Fungal skin infections,
Klinique Plus  Lotion,Treatment of Dandruff,
Ketonex Shampoo,Treatment of Fungal infections,
Kerashine-K Lotion,Treatment of Fungal skin infectionsTreatment of Dandruff,
Kansel-IT 200 Capsule,Treatment of Fungal infections,
Ketoday Shampoo,Treatment of Fungal infections,
Kneox Tablet, Osteoarthritis Rheumatoid arthritis,
Ketodust Cream, Fungal skin infections,
Ketoya 2% Cream, Fungal skin infections,
Ketodust Cream, Fungal skin infections,
Ketonite Cream, Fungal skin infections,
Ketoya 2% Cream, Fungal skin infections,
Keyzol Soap, Fungal skin infections,
Kayavate  Lotion,Treatment of Allergic skin conditions,
Ketofine Lotion,Treatment of Fungal skin infectionsTreatment of Dandruff,
Kezop Soap, Fungal skin infections,
Ketocaa Soap,Treatment of Fungal skin infectionsTreatment of Dandruff,
Lasilactone  50 Tablet,Treatment of Edema,
Levoflox 500 Tablet,Treatment of Bacterial infections,
Lubrex Eye Drop,Treatment of Dry eyes,
Levolin 1mg Syrup,Treatment of Chronic obstructive pulmonary disease (COPD),
Lasix Tablet,Treatment of Hypertension (high blood pressure)Treatment of Edema,
Lipaglyn Tablet,Treatment of Noncirrhotic Non-Alcoholic SteatohepatitisTreatment of Non-alcoholic fatty liver diseaseTreatment of Diabetic dyslipidemia (high cholesterol in diabetes),
Levocet Tablet,Treatment of Allergic conditions,
Lanol ER Tablet, Pain reliefTreatment of Fever,
Levocet M Tablet,Treatment of Sneezing and runny nose due to allergiesTreatment of Hay feverTreatment of Allergic skin conditions,
Levera 500 Tablet,Treatment of Epilepsy/Seizures,
Lizolid 600 Tablet,Treatment of Severe bacterial infections,
Liofen 10 Tablet, Muscle relaxation,
Letroz Tablet,Treatment of Breast cancerTreatment of Infertility due to anovulation,
Lox 2% Jelly, Local anesthesia (Numb tissues in a specific area),
Lulifin Cream,Treatment of Fungal skin infections,
Lopamide Tablet, Diarrhea,
Lumerax 80 Tablet,Treatment of Malaria,
Lyrica 75mg Capsule,Treatment of Neuropathic painTreatment of Epilepsy/SeizuresTreatment of Fibromyalgia,
Levolin 0.63mg Respules, Chronic obstructive pulmonary disease (COPD)Treatment of Asthma,
Lysoflam Tablet, Pain relief,
Lantus 100IU/ml Solution for Injection, Diabetes,
Lesuride Tablet, Gastroesophageal reflux disease (Acid reflux) Irritable bowel syndrome Heartburn,
L-Cin 500 Tablet,Treatment of Bacterial infections,
Lecope Tablet,Treatment of Allergic conditions,
Lariago 250mg Tablet,Treatment of Malaria,
Lactifiber  Granules,Treatment of Constipation,
Levocet Syrup,Treatment of Allergic conditions,
Lariago-DS Tablet,Treatment of Malaria,
L-Hist Mont Tablet,Treatment of Sneezing and runny nose due to allergiesTreatment of Hay feverTreatment of Allergic skin conditions,
Lasix Injection,Treatment of Hypertensive emergencyTreatment of Edema,
LCZ Tablet,Treatment of Allergic conditions,
Lupi-HCG 5000 Injection,Treatment of Female infertilityTreatment of Male hypogonadism,
Lubistar 0.5% Eye Drop,Treatment of Dry eyes,
Lactihep Syrup, Constipation,
Locula 20% Eye Drop,Treatment of Bacterial eye infections,
Linid Tablet,Treatment of Severe bacterial infections,
Loxof 500mg Tablet,Treatment of Bacterial infections,
Levosiz-M Tablet,Treatment of Sneezing and runny nose due to allergiesTreatment of Hay feverTreatment of Allergic skin conditions,
Lanoxin Tablet, Heart failure Arrhythmia,
Lantus 100IU/ml Solution for Injection, Diabetes,
Lulican Cream,Treatment of Fungal skin infections,
Levolin 50mcg Inhaler, Chronic obstructive pulmonary disease (COPD)Treatment of Asthma,
Lizoforce 600 Tablet,Treatment of Severe bacterial infections,
Lupituss Oral Suspension,Treatment of Dry cough,
Losar 50 Tablet,Treatment of Hypertension (high blood pressure)Treatment of Heart failure Prevention of heart attack and stroke,
Levolin Plus Syrup,Treatment of Cough with mucus,
Losar-H Tablet,Treatment of Hypertension (high blood pressure),
Laveta M  Tablet,Treatment of Sneezing and runny nose due to allergiesTreatment of Hay feverTreatment of Allergic skin conditions,
Lecope-M Tablet,Treatment of Sneezing and runny nose due to allergiesTreatment of Hay feverTreatment of Allergic skin conditions,
Lipicard 160 Tablet, High cholesterol,
L Montus Tablet,Treatment of Sneezing and runny nose due to allergiesTreatment of Hay feverTreatment of Allergic skin conditions,
Lecope-AD Tablet, Common cold,
Lotepred T Eye Drop,Treatment of Eye infection with inflammation,
Lubimoist Eye Drop,Treatment of Dry eyes,
Letoval Tablet,Treatment of Breast cancerTreatment of Infertility due to anovulation,
Lipikind 10 Tablet, High cholesterolPrevention of Heart attack,
Lemolate Gold  Tablet,Treatment of Common cold,
Lactihep Plus Oral Emulsion,Treatment of Constipation,
Liv-Cet 5 Tablet,Treatment of Allergic conditions,
Lantus Solostar 100IU/ml Solution for Injection, Diabetes,
Linox 600 Tablet,Treatment of Severe bacterial infections,
Lorfast Meltab Tablet,Treatment of Allergic conditions,
Lobet 100mg Tablet, Hypertension (high blood pressure) Angina (heart-related chest pain) Prevention of heart attack and stroke,
Labebet 100mg Tablet, Hypertension (high blood pressure) Angina (heart-related chest pain) Prevention of heart attack and stroke,
Lesuride Injection,Treatment of Functional dyspepsiaTreatment of NauseaTreatment of VomitingTreatment of Diabetic gastroparesis (diabetic nerve disease affecting stomach),
Lulimac Cream,Treatment of Fungal skin infections,
Lorfast-AM Tablet, Cough,
Livafin Cream, Fungal nail infections,
Lomofen Plus Tablet, Diarrhea,
Levipil Injection,Treatment of Epilepsy/Seizures,
Lipvas 10 Tablet, High cholesterolPrevention of Heart attack,
Levozet M Tablet,Treatment of Sneezing and runny nose due to allergiesTreatment of Hay feverTreatment of Allergic skin conditions,
Lithosun SR Tablet, Mania Bipolar disorder,
Levipil Syrup,Treatment of Epilepsy/Seizures,
Levomac 500 Tablet,Treatment of Bacterial infections,
L Dio 1 Tablet,Treatment of Allergic conditions,
Laveta M  Syrup,Treatment of Sneezing and runny nose due to allergiesTreatment of Hay feverTreatment of Allergic skin conditions,
Lyser D Tablet, Pain relief,
Lupirtin-P Tablet, Pain relief,
Lacrigel Ocular Lubricant, Dry eyes,
Levocet M Syrup,Treatment of Sneezing and runny nose due to allergiesTreatment of Hay feverTreatment of Allergic skin conditions,
Loc Tears Fusion Eye Drop,Treatment of Dry eyes,
Long Drive-Gold Tablet,Treatment of Premature ejaculation,
Lulibet Cream,Treatment of Fungal skin infections,
Lubrex-DS Eye Drop,Treatment of Dry eyes,
Lulilok Cream,Treatment of Fungal skin infections,
Lithosun 300 Tablet, Mania Bipolar disorder,
Loette Tablet, Contraception,
Lyser Forte Tablet, Pain relief Swelling,
Lanzol 30 Capsule,Treatment of Gastroesophageal reflux disease (Acid reflux)Treatment of Peptic ulcer disease,
Lonopin 40mg Injection,Treatment and prevention of Blood clots,
Lotegate Eye Drop,Treatment of Bacterial eye infections,
Levozet Tablet,Treatment of Allergic conditions,
Lipirose 10 Tablet,Treatment of High cholesterol Prevention of heart attack and stroke,
Lactihep Syrup, Constipation,
Levosiz 10 Tablet,Treatment of Allergic conditions,
Lipvas 20 Tablet, High cholesterolPrevention of Heart attack,
Lacoset 100 Tablet, Epilepsy/Seizures,
Lubrijoint 500 Tablet, Osteoarthritis,
Leon 500 Tablet,Treatment of Bacterial infections,
Lomela Cream,Treatment of Melasma,
Lulizol Cream,Treatment of Fungal skin infections,
Lexanox Plus Oral Paste Sugar Free, Mouth ulcers,
Lupi-HMG 150 Injection, Female infertility Male hypogonadism Male infertility,
Levocetrizen 5mg Tablet,Treatment of Allergic conditions,
Losar 25 Tablet,Treatment of Hypertension (high blood pressure)Treatment of Heart failure Prevention of heart attack and stroke,
Lysatone Plus Syrup Sugar Free,Treatment of Nutritional deficiencies,
Lefno 10 Tablet, Rheumatoid arthritis Psoriatic arthritis,
Lefno 20 Tablet, Rheumatoid arthritis Psoriatic arthritis,
Larinject 50mg Injection,Treatment of Iron deficiency anemia,
Lycor 1% Cream,Treatment of Eczema Severe allergic reactionsTreatment of Allergic conditionsTreatment of CancerTreatment of Skin disordersTreatment of Eye disorders,
Levoday 500 Tablet,Treatment of Bacterial infections,
Levoflox 750 Tablet,Treatment of Bacterial infections,
Lubrijoint OD Tablet, Osteoarthritis,
Lizomac Tablet,Treatment of Severe bacterial infections,
L-Sys Cream,Treatment of Fungal skin infections,
L-Cin OZ Tablet, Diarrhea Dysentery,
Luliderm Cream,Treatment of Fungal skin infections,
Lefra 20 Tablet, Rheumatoid arthritis Psoriatic arthritis,
Laretol Capsule,Treatment of Calcium deficiencyTreatment of Metabolic Bone disease,
Lukotas HD Tablet SR,Treatment of Respiratory tract disorders associated with viscid mucus,
Levoflox 250 Tablet,Treatment of Bacterial infections,
Lotepred LS Eye Drop, Redness and swelling in the eye,
Lupi-HMG 75 Injection, Female infertility Male hypogonadism Male infertility,
Lupi-HCG 10000 Injection,Treatment of Female infertilityTreatment of Male hypogonadism,
Looz Oral Solution,Treatment of ConstipationTreatment of Hepatic encephalopathy,
L-pred Ophthalmic Suspension, Redness and swelling in the eye,
Lupizol-ZS Anti-dandruff Shampoo,Treatment of Dandruff,
Levolin 0.31mg Respules, Chronic obstructive pulmonary disease (COPD)Treatment of Asthma,
L-Sys Lotion,Treatment of Fungal skin infections,
Lipirose-F 10 Tablet,Treatment of High cholesterolPrevention of Heart attack,
Lodoz 2.5 Tablet, Hypertension (high blood pressure),
Levoflox 500 Infusion,Treatment of Bacterial infections,
Looz Enema,Treatment of ConstipationTreatment of Hepatic encephalopathy,
Levipil 250 Tablet,Treatment of Epilepsy/Seizures,
Laxitol Syrup, Constipation,
Lubistar 1% Eye Drop,Treatment of Dry eyes,
Lobate Cream,Treatment of Allergic skin conditions,
Levigress 500 Tablet,Treatment of Epilepsy/Seizures,
Long Drive 30mg Tablet,Treatment of Premature ejaculation,
Lipikind 20 Tablet, High cholesterolPrevention of Heart attack,
Lozivate-MF Ointment, Eczema Psoriasis,
Lefra 10 Tablet, Rheumatoid arthritis Psoriatic arthritis,
Laregab NT 400mg/10mg Tablet,Treatment of Neuropathic pain,
Liofen XL 10 Capsule, Muscle relaxation,
Levipil 750 Tablet,Treatment of Epilepsy/Seizures,
Levepsy 500 Tablet,Treatment of Epilepsy/Seizures,
Latoprost RT BKC Free Eye Drop, Glaucoma Ocular hypertension,
Lexanox Oral Paste, Mouth ulcers,
Lacosam 100 Tablet, Epilepsy/Seizures,
Lipvas 40 Tablet, High cholesterolPrevention of Heart attack,
Lobak  Tablet,Treatment of Pain due to muscle spasm,
Lobate GN Skin Cream,Treatment of Bacterial skin infections,
Lupase 10000 Tablet,Treatment of Pancreatic enzyme deficiency,
Loftair Capsule, Chronic obstructive pulmonary disease (COPD),
Linokem 600 Tablet,Treatment of Severe bacterial infections,
Lenteclin LB 100mg Capsule,Treatment of Bacterial infections,
Lipikind-AS Capsule,Treatment of Prevention of heart attack and stroke,
Lactomed Suspension,Treatment of ConstipationTreatment of Hepatic encephalopathy,
Loceryl Nail Lacquer, Fungal nail infections,
Levera Solution,Treatment of Epilepsy/Seizures,
Liofen 5 Tablet, Muscle relaxation,
Luprodex Depot 3.75mg Injection,Treatment of Prostate cancerTreatment of EndometriosisTreatment of Uterine fibroidsTreatment of Precocious puberty (premature puberty),
Lmwx 40 Injection,Treatment and prevention of Blood clots,
Lulifin Lotion,Treatment of Fungal skin infections,
Laregab-AT Tablet, Neuropathic pain,
Lubowel 24 Soft Gelatin Capsule, Constipation Irritable bowel syndrome,
Liquid Parafin, Dry Skin,
Lincotus DX  Dry Cough Formula,Treatment of Cough,
Lumigan 0.01% Ophthalmic Solution, Ocular hypertension Glaucoma,
Lizoforce Dry Syrup,Treatment of Resistant Tuberculosis (TB)Treatment of Severe bacterial infections,
Liofen XL 20 Capsule, Muscle relaxation,
Lulibrut Cream,Treatment of Fungal skin infections,
Lipicard Capsule, High cholesterol,
Lysoflam-MR Tablet,Treatment of Pain due to muscle spasm,
Lupisulin M 30 Solution for Injection 40IU/ml, Diabetes,
Livafin Cream, Fungal nail infections,
Losar-A Tablet, Hypertension (high blood pressure),
Lulitec Cream,Treatment of Fungal skin infections,
Long Drive 60mg Tablet,Treatment of Premature ejaculation,
Lesuride OD 75 Tablet, Gastroesophageal reflux disease (Acid reflux) Irritable bowel syndrome Heartburn,
Levocet-D Tablet, Sneezing and runny nose due to allergies,
Laveta-A Capsule SR, Cough,
Levosiz Tablet,Treatment of Allergic conditions,
Livoluk Kid Oral Solution,Treatment of ConstipationTreatment of Hepatic encephalopathy,
Ldio 1 M 5mg/10mg Tablet,Treatment of Sneezing and runny nose due to allergiesTreatment of Hay feverTreatment of Allergic skin conditions,
L-Cin Syrup,Treatment of Bacterial infections,
Lizomed 600 Tablet,Treatment of Severe bacterial infections,
Larinate 200 Kit Tablet,Treatment of Malaria,
Laxit Plus Syrup,Treatment of Constipation,
Livoluk Oral Solution,Treatment of ConstipationTreatment of Hepatic encephalopathy,
Lupi-Fsh 75 Injection, Female infertility,
Lariago Suspension,Treatment of AmoebiasisTreatment of Malaria,
Locula 10% Eye Drop,Treatment of Bacterial eye infections,
Linid IV 600mg Infusion,Treatment of Severe bacterial infections,
Lupirtin Capsule, Pain relief,
Lidozone  Ear Drop,Treatment of Ear pain,
L Montus Oral Suspension,Treatment of Sneezing and runny nose due to allergiesTreatment of Hay feverTreatment of Allergic skin conditions,
Logidruf Shampoo,Treatment of Dandruff,
Lodoz 5 Tablet, Hypertension (high blood pressure),
Lmwx 60 Injection,Treatment and prevention of Blood clots,
Lubrifresh Eye Drop,Treatment of Dry eyes,
L-Cin 750 Tablet,Treatment of Bacterial infections,
Levacetam 500 Tablet,Treatment of Epilepsy/Seizures,
Livcare Syrup,Treatment of Indigestion,
Ludura Cream,Treatment of Fungal skin infections,
Lariago 40mg Injection,Treatment of Malaria,
Lobet 20mg Injection,Treatment of Hypertensive emergency,
Lupase 25000 Tablet,Treatment of Pancreatic enzyme deficiency,
Lacoset 50 Tablet, Epilepsy/Seizures,
Lamitor DT 100 Tablet, Epilepsy/Seizures Bipolar disorder,
Levipil 1g Tablet,Treatment of Epilepsy/Seizures,
Lotemox Eye Drop,Treatment of Eye infection with inflammation,
Lulican XL Cream,Treatment of Fungal skin infections,
Lacrimos 0.5% Eye Drop,Treatment of Dry eyes,
Laveta Tablet DT,Treatment of Allergic conditions,
Lecet 5mg Tablet,Treatment of Allergic conditions,
Losakind-H Tablet,Treatment of Hypertension (high blood pressure),
Lobate S Ointment, Eczema Psoriasis,
Lulifin Cream,Treatment of Fungal skin infections,
Lynx Active Gel, Acne,
Lazine M Tablet,Treatment of Sneezing and runny nose due to allergiesTreatment of Hay feverTreatment of Allergic skin conditions,
Levolin 100mcg Rotacap, Chronic obstructive pulmonary disease (COPD)Treatment of Asthma,
Labmox 250mg Capsule,Treatment of Bacterial infections,
Levera 750 Tablet,Treatment of Epilepsy/Seizures,
Lutiderm Cream,Treatment of Skin conditions with inflammation & itching,
Levazeo 25 Tablet, Gastroesophageal reflux disease (Acid reflux) Irritable bowel syndrome Heartburn,
Looz Peg Oral Solution Orange, Constipation Intestine preparation before any surgery,
Lubrijoint Pro Tablet, Osteoarthritis,
Levokast Tablet,Treatment of Sneezing and runny nose due to allergiesTreatment of Hay feverTreatment of Allergic skin conditions,
Lipikind 40 Tablet, High cholesterolPrevention of Heart attack,
Linospan 600 Tablet,Treatment of Severe bacterial infections,
Lumerax 40mg/240mg Tablet,Treatment of Malaria,
Loratin 10mg Tablet,Treatment of Allergic conditions,
Lonitab 5 Tablet,Treatment of Hypertension (high blood pressure),
Lamitor DT 50 Tablet, Epilepsy/Seizures Bipolar disorder,
Lupilyzer Oral Solution, Kidney stone,
Lactifiber  Granules,Treatment of Constipation,
Lipitas 10 Tablet,Treatment of High cholesterol Prevention of heart attack and stroke,
Lupride Depot 22.5mg Injection,Treatment of Prostate cancerTreatment of EndometriosisTreatment of Uterine fibroidsTreatment of Precocious puberty (premature puberty),
Latoprost Eye Drop, Glaucoma Ocular hypertension,
Lupride Depot 11.25mg Injection,Treatment of Prostate cancerTreatment of EndometriosisTreatment of Uterine fibroidsTreatment of Precocious puberty (premature puberty),
Lasma LC Tablet,Treatment of Sneezing and runny nose due to allergiesTreatment of Hay feverTreatment of Allergic skin conditions,
Lasma LC Tablet,Treatment of Sneezing and runny nose due to allergiesTreatment of Hay feverTreatment of Allergic skin conditions,
Low-Dex Eye Drops, Eye infectionTreatment of Inflammatory conditionsTreatment of Autoimmune conditions,
Lumet 80 Tablet,Treatment of Malaria,
Lipicure Gold 40 Capsule,Prevention of Heart attack,
Letrohope 2.5 Tablet,Treatment of Breast cancerTreatment of Infertility due to anovulation,
Levolin 1 Tablet,Treatment of Chronic obstructive pulmonary disease (COPD),
Loceryl Cream, Fungal nail infections,
Levera 250 Tablet,Treatment of Epilepsy/Seizures,
Lulifin Cream,Treatment of Fungal skin infections,
Lox 2% Injection, Local anesthesia (Numb tissues in a specific area),
Lupin Mira 25 Tablet ER,Treatment of Overactive bladder (OAB) symptoms,
LCF LS Syrup,Treatment of Cough with mucus,
Lubrijoint Activ Tablet, Osteoarthritis,
Lipocut 120 Capsule, Obesity,
Loxof 750mg Tablet,Treatment of Bacterial infections,
Lupisoz-D Capsule SR,Treatment of Gastroesophageal reflux disease (Acid reflux)Treatment of Functional dyspepsia,
Levorid D Tablet, Sneezing and runny nose due to allergies,
Levolin Plus Jr Expectorant,Treatment of Cough with mucus,
Levorid Tablet,Treatment of Allergic conditions,
Lecope Syrup,Treatment of Allergic conditions,
Licab Tablet, Mania Bipolar disorder,
Lac Soft C Gel, Eczema Psoriasis,
Levocetrizen 10mg Tablet,Treatment of Allergic conditions,
Lipicure 20 Tablet, High cholesterolPrevention of Heart attack,
Licab XL Tablet, Mania Bipolar disorder,
Lacarnit Injection, Carnitine deficiency,
Leeford Clinsol Anti Acne Soap,Treatment of Bacterial infections,
Lamez 100 Tablet, Epilepsy/Seizures Bipolar disorder,
Lamitor OD 100 Tablet SR, Epilepsy/Seizures Bipolar disorder,
L-Cin 250 Tablet,Treatment of Bacterial infections,
Lipicure 40 Tablet, High cholesterolPrevention of Heart attack,
Lotesol-M Eye Drop,Treatment of Eye infection with inflammation,
Lulibet Cream,Treatment of Fungal skin infections,
Lezyncet Tablet,Treatment of Allergic conditions,
Lilituf Cream,Treatment of Fungal skin infections,
LAN 30 Capsule,Treatment of Gastroesophageal reflux disease (Acid reflux)Treatment of Peptic ulcer disease,
Loteflam Eye Drop, Redness and swelling in the eye,
Levocet M Kid Tablet MD,Treatment of Sneezing and runny nose due to allergiesTreatment of Hay feverTreatment of Allergic skin conditions,
Luly Cream,Treatment of Fungal skin infections,
Letpro 2.5mg Tablet,Treatment of Breast cancerTreatment of Infertility due to anovulation,
Levotac-M Tablet,Treatment of Sneezing and runny nose due to allergiesTreatment of Hay feverTreatment of Allergic skin conditions,
Lyrica 150mg Capsule,Treatment of Neuropathic painTreatment of Epilepsy/SeizuresTreatment of Fibromyalgia,
Luray Cream,Treatment of Fungal skin infections,
Lulican Forte 5% Lotion,Treatment of Fungal skin infections,
Luramax 40 Tablet, Schizophrenia,
Lupinem 500mg Injection, Severe bacterial infections,
Levenue 500 Tablet,Treatment of Epilepsy/Seizures,
L Cetriver 5mg Tablet,Treatment of Allergic conditions,
LUCEE CREAM,Treatment of Fungal skin infections,
Lulifin Cream,Treatment of Fungal skin infections,
Lornit 150 Tablet,Treatment of Liver  disease,
Luliderm Lotion,Treatment of Fungal skin infections,
Leezole VG Vaginal Softgel Capsule, Syndromic treatment of vaginal discharge,
Lobate M Cream,Treatment of Skin infections,
Lipirose 20 Tablet,Treatment of High cholesterol Prevention of heart attack and stroke,
Lotefast Ophthalmic Suspension, Redness and swelling in the eye,
LCZ 10 Tablet,Treatment of Allergic conditions,
Laxil Oral Solution,Treatment of ConstipationTreatment of Hepatic encephalopathy,
Lotel Gel, Redness and swelling in the eye,
Lot Eye Drop, Redness and swelling in the eye,
Levomac 750 Tablet,Treatment of Bacterial infections,
Lipirose-Gold 10 Capsule, Heart attack,
Lox 10% Spray, Local anesthesia (Numb tissues in a specific area),
Losakind 50 Tablet,Treatment of Hypertension (high blood pressure)Treatment of Heart failure Prevention of heart attack and stroke,
Lupituss SF Suspension,Treatment of Dry cough,
Levolin 1.25mg Respules, Chronic obstructive pulmonary disease (COPD)Treatment of Asthma,
Lorsaid SD 8 Tablet, Pain relief,
Locipil Tablet, Contraception,
Looz Fibre Granules,Treatment of Constipation,
Loxof OZ Tablet, Diarrhea Dysentery,
Loprin 75 Tablet,Prevention of Angina (heart-related chest pain)Treatment and prevention of Heart attackTreatment and prevention of Stroke,
Lulimac Lotion,Treatment of Fungal skin infections,
Lizomac DS Dry Syrup,Treatment of Resistant Tuberculosis (TB)Treatment of Severe bacterial infections,
LzHH Cream,Treatment of Fungal skin infections,
Levemir 100IU/ml Flexpen,Treatment of Diabetes,
Lafaxid 10 Tablet, Heartburn Gastroesophageal reflux disease (Acid reflux) Peptic ulcer disease,
Lidocam Mouth Wash, Inflammation of gums Mouth ulcers Mouth infection,
Lupisulin R 40IU/ml Solution for Injection, Diabetes,
Lupigest 200 Soft Gelatin Capsule, Hormone replacement therapyTreatment of Female infertility,
Leezole Mouth Paint, Fungal infections of mouth (Thrush)Treatment of Fungal infections,
Leucorin Tablet,Prevention of Harmful effects of methotrexate,
Lotel Eye Ointment, Redness and swelling in the eye,
Lamitor DT 25 Tablet, Epilepsy/Seizures Bipolar disorder,
Levera XR 500 Tablet,Treatment of Epilepsy/Seizures,
Lasma LC kid Syrup,Treatment of Sneezing and runny nose due to allergiesTreatment of Hay feverTreatment of Allergic skin conditions,
Lozivate Cream,Treatment of Allergic skin conditions,
Luligee Cream,Treatment of Fungal skin infections,
Laregab 100 Capsule,Treatment of Neuropathic painTreatment of Epilepsy/Seizures,
LCD 110 Tablet,Treatment of Parkinson's disease,
Lorfast-AM Syrup, Cough with mucus,
Lacoset 200 Tablet, Epilepsy/Seizures,
Lamez 50 Tablet DT, Epilepsy/Seizures Bipolar disorder,
LTK-H Tablet,Treatment of Hypertension (high blood pressure),
Lipigo 10 Tablet,Treatment of High cholesterol Prevention of heart attack and stroke,
Lazine Tablet,Treatment of Allergic conditions,
Levipil XR 500 Tablet,Treatment of Epilepsy/Seizures,
Lipirose 5 Tablet,Treatment of High cholesterol Prevention of heart attack and stroke,
LT-Mac  Lotion,Treatment of Fungal skin infections,
Lipicure-TG Tablet,Treatment of High cholesterolPrevention of Heart attack,
Locula 30% Eye Drop,Treatment of Bacterial eye infections,
Lulibor Cream,Treatment of Fungal skin infections,
LP-Mox Eye Drop,Treatment of Eye infection with inflammation,
Lasma LC Kid Tablet,Treatment of Sneezing and runny nose due to allergiesTreatment of Hay feverTreatment of Allergic skin conditions,
Lyser DP Tablet, Pain relief,
Lipi EZ 40 Tablet, High cholesterol,
Loftair-L Capsule with Inhaler, Chronic obstructive pulmonary disease (COPD),
Livoluk Fibre  Granules Lemon, Constipation,
Lopid Capsule, High cholesterol,
Lumerax Dry Syrup,Treatment of Malaria,
L-Cin OZ Suspension, Diarrhea Dysentery,
Lesuride MPS Chewable Tablet, Gastroesophageal reflux disease (Acid reflux) Irritable bowel syndrome Heartburn,
Lupigest SR 200 Tablet, Hormone replacement therapyTreatment of Female infertility,
Livafin CP Cream, Fungal nail infections,
Lorsaid P 8 Tablet, Pain relief,
Lee Dott Capsule,Treatment of Diarrhea,
Lacrimos-G Eye Drop,Treatment of Dry eyes,
Loceryl Cream, Fungal nail infections,
Lotel LS Gel, Redness and swelling in the eye,
Lacotide 100mg Tablet, Epilepsy/Seizures,
Liponorm F Tablet,Treatment of High cholesterolPrevention of Heart attack,
Livial Tablet, Hormone replacement therapy Post menopausal osteoporosis,
Liofen 25 Tablet, Muscle relaxation,
Lysoflam Forte 100000AU Tablet, Pain reliefTreatment of Swelling,
Lipi EZ 20 Tablet, High cholesterol,
Lucoz Cream,Treatment of Fungal skin infections,
Lametec 25 DT Tablet, Epilepsy/Seizures Bipolar disorder,
L Montus Kid Tablet,Treatment of Sneezing and runny nose due to allergiesTreatment of Hay feverTreatment of Allergic skin conditions,
Lozivate-S Ointment,Treatment of EczemaTreatment of Psoriasis,
Lipocut 60 Capsule, Obesity,
Lupisulin M 30 Injection 100IU/ml, Diabetes,
Levomac OZ Tablet, Diarrhea Dysentery,
Livoluk Oral Solution,Treatment of ConstipationTreatment of Hepatic encephalopathy,
Lulibor Lotion,Treatment of Fungal skin infections,
Laxobig  Syrup,Treatment of Constipation,
Lactolook Oral Solution Sugar Free,Treatment of ConstipationTreatment of Hepatic encephalopathy,
Lizomed Oral Suspension,Treatment of Resistant Tuberculosis (TB)Treatment of Severe bacterial infections,
Lozivate-F Cream,Treatment of Skin infections,
Lonopin MD 300mg Injection,Treatment and prevention of Blood clots,
Lidogab Gel, Neuropathic pain,
Lobate-GM Neo Lotion,Treatment of Skin infections,
Lubrifresh Gel Eye Drop,Treatment of Dry eyes,
Laxitol Husk  Granules Sugar Free,Treatment of Constipation,
Lipicard-AV Tablet,Treatment of High cholesterolPrevention of Heart attack,
Lorexane Spray, Scabies,
Lornit 500 Tablet,Treatment of Liver  disease,
Lupin Bepogra Tablet, Sneezing and runny nose due to allergies,
Lamitor OD 50 Tablet SR, Epilepsy/Seizures Bipolar disorder,
L-Hist Mont FX Tablet,Treatment of Sneezing and runny nose due to allergies,
Lipi EZ 10 Tablet, High cholesterol,
Lubrijoint 750 Tablet, Osteoarthritis,
Levogastrol Tablet, Gastroesophageal reflux disease (Acid reflux) Irritable bowel syndrome Heartburn,
Levilex 500 Tablet,Treatment of Epilepsy/Seizures,
Loy D3 Capsule,Treatment of Vitamin D deficiencyTreatment of Osteoporosis,
Leezole Gel, Fungal infections of vaginaTreatment of Fungal infections,
Listril 5 Tablet, Hypertension (high blood pressure) Prevention of heart attack and stroke Heart failure,
Lupirtin -SR Tablet, Pain relief,
Lupoxa OD Tablet SR, Osteoarthritis Rheumatoid arthritis,
Lupin Acp 100mg/325mg Tablet, Pain relief,
Lamifin Cream, Fungal skin infections,
Looz Fibre Granules,Treatment of Constipation,
Lamivir HBV Tablet, Chronic hepatitis B virus (HBV) infection,
Lookbrite  Cream,Treatment of Melasma,
Levera 1000 Tablet,Treatment of Epilepsy/Seizures,
Lametec 100 DT Tablet, Epilepsy/Seizures Bipolar disorder,
Lucrush Cream,Treatment of Fungal skin infections,
Lametec 50 DT Tablet, Epilepsy/Seizures Bipolar disorder,
Lefive M Tablet,Treatment of Sneezing and runny nose due to allergiesTreatment of Hay feverTreatment of Allergic skin conditions,
Lornit Sachet,Treatment of Liver  disease,
Lekast Tablet,Treatment of Sneezing and runny nose due to allergiesTreatment of Hay feverTreatment of Allergic skin conditions,
L Montus Abl Tablet SR,Treatment of Respiratory tract disorders associated with viscid mucus,
Lacne Gel,Treatment of Acne,
Lotensyl 10 Tablet, Hypertension (high blood pressure),
Lamifin Lotion, Fungal skin infections,
Lurasid 40 Tablet, Schizophrenia,
Lumycan Cream,Treatment of Fungal skin infections,
Lipitas 20 Tablet,Treatment of High cholesterol Prevention of heart attack and stroke,
Laz 250mg Tablet,Treatment of Bacterial infections,
Lignox 2 % A Injection, Local anesthesia (Numb tissues in a specific area),
Lupisera D Tablet, Pain relief,
LT-Mac Cream,Treatment of Fungal skin infections,
Lizomed 300 Tablet,Treatment of Severe bacterial infections,
Lamez 25 Tablet DT, Epilepsy/Seizures Bipolar disorder,
Laxoclear Tablet,Treatment of Constipation,
Losar-Beta Tablet, Hypertension (high blood pressure),
Lopres  0.5% Eye Drop, Glaucoma Ocular hypertension,
Lostat-H Tablet,Treatment of Hypertension (high blood pressure),
Laxday Syrup,Treatment of ConstipationTreatment of Hepatic encephalopathy,
Lotesurge Ophthalmic Suspension, Redness and swelling in the eye,
Losacar 50 Tablet,Treatment of Hypertension (high blood pressure)Treatment of Heart failure Prevention of heart attack and stroke,
Lupigest SR 300 Tablet, Hormone replacement therapyTreatment of Female infertility,
Lupin Mira 50 Tablet ER,Treatment of Overactive bladder (OAB) symptoms,
L-Hist Mont Syrup,Treatment of Sneezing and runny nose due to allergiesTreatment of Hay feverTreatment of Allergic skin conditions,
Laregab 300mg Capsule,Treatment of Neuropathic painTreatment of Epilepsy/Seizures,
Liofen XL 30 Capsule, Muscle relaxation,
Lupisulin R 100IU/ml Cartridge, Diabetes,
Livopill -DS Tablet, Liver disease,
Lipigo F 10 Tablet,Treatment of High cholesterolPrevention of Heart attack,
Lumigan 0.03% Ophthalmic Solution, Ocular hypertension Glaucoma,
Lacarnit 330 Tablet, Carnitine deficiency,
Lorox P Tablet, Pain relief,
Lupiflex 4 Tablet, Pain due to muscle spasm,
Lukotas LC Tablet,Treatment of Sneezing and runny nose due to allergiesTreatment of Hay feverTreatment of Allergic skin conditions,
Lubistar-CMC 1% Eye Drop,Treatment of Dry eyes,
Lamrest 10 Tablet,Treatment of InsomniaTreatment of Jet lag,
Locula TR Eye Drop,Treatment of Dry eyes,
LTK 50 Tablet,Treatment of Hypertension (high blood pressure)Treatment of Heart failure Prevention of heart attack and stroke,
Lupoxa Capsule, Osteoarthritis Rheumatoid arthritis,
Lipril 5 Tablet, Hypertension (high blood pressure) Prevention of heart attack and stroke Heart failure,
Lupihist  Syrup, Cough,
Lukotrap Tablet,Treatment of Sneezing and runny nose due to allergiesTreatment of Hay feverTreatment of Allergic skin conditions,
Lupifos Powder, Bacterial infections of urinary tract,
Lizoforce IV Injection,Treatment of Severe bacterial infections,
Lukotas FX Tablet,Treatment of Sneezing and runny nose due to allergies,
Lymzit 408mg Capsule, Bacterial infections,
Looz Enema Mini,Treatment of ConstipationTreatment of Hepatic encephalopathy,
Levosiz-M Kid Tablet,Treatment of Sneezing and runny nose due to allergiesTreatment of Hay feverTreatment of Allergic skin conditions,
Losacar-H Tablet,Treatment of Hypertension (high blood pressure),
Levotac  5mg Tablet,Treatment of Allergic conditions,
Lostat 50 Tablet,Treatment of Hypertension (high blood pressure)Treatment of Heart failure Prevention of heart attack and stroke,
Loparin 40 Injection,Treatment and prevention of Blood clots,
Levocet-D Plus Tablet, Sneezing and runny nose due to allergies,
Lasma 4 Tablet,Treatment of Sneezing and runny nose due to allergies,
Lorvas Tablet, Hypertension (high blood pressure)Treatment of Edema,
Lox 5% Ointment, Local anesthesia (Numb tissues in a specific area),
Lorvas SR Tablet, Hypertension (high blood pressure)Treatment of Edema,
Leset 5 Tablet,Treatment of Allergic conditions,
Levroxa 500mg Tablet,Treatment of Epilepsy/Seizures,
Lupitros-Z Eye Drop BKC Free,Treatment of GlaucomaTreatment of Ocular hypertension,
Luliact Cream,Treatment of Fungal skin infections,
Lozee M Cream,Treatment of Skin infections,
Levexx 500 Tablet,Treatment of Epilepsy/Seizures,
Losium 50 Tablet,Treatment of Hypertension (high blood pressure)Treatment of Heart failure Prevention of heart attack and stroke,
Lipitas 40mg Tablet,Treatment of High cholesterol Prevention of heart attack and stroke,
Levoquin 500mg Tablet,Treatment of Bacterial infections,
Lubrifresh Gel,Treatment of Dry eyes,
Latocom   Eye Drops,Treatment of GlaucomaTreatment of Ocular hypertension,
L-Sys Cream,Treatment of Fungal skin infections,
Levazeo SR 75 Tablet, Gastroesophageal reflux disease (Acid reflux) Irritable bowel syndrome Heartburn,
Lethyrox 25 Tablet,Treatment of Hypothyroidism,
Lubrigel Ocular Lubricant, Dry eyes,
Lamifin Tablet, Fungal infections,
Livopill Tablet, Liver disease,
Lacsyp  Syrup, Constipation,
Logifin CL 1% Lotion,Treatment of Fungal skin infections,
Lamifin-M Cream,Treatment of Fungal skin infections,
Lox 2% Jelly, Local anesthesia (Numb tissues in a specific area),
Lonopin 20mg Injection,Treatment and prevention of Blood clots,
Latobest Eye Drop, Glaucoma Ocular hypertension,
Logisil Capsule,Treatment of PilesTreatment of Varicose veins,
Losanorm 50 Tablet,Treatment of Hypertension (high blood pressure)Treatment of Heart failure Prevention of heart attack and stroke,
Lofecam 8 Tablet, Pain relief,
Liofen Liquid, Muscle relaxation,
Lamitor OD 200 Tablet SR, Epilepsy/Seizures Bipolar disorder,
Livodox Plus Tablet,Treatment of Liver  disease,
Lubrinac  Eye Drop,Treatment of Dry eyes,
LCZ-Cold Tablet,Treatment of Common cold,
LCZ Plus New Tablet,Treatment of Common cold,
Lupisoz Tablet,Treatment of Gastroesophageal reflux disease (Acid reflux)Treatment of Peptic ulcer diseaseTreatment of Zollinger-Ellison syndrome,
Lindox-L Capsule,Treatment of Bacterial infections,
Lincotus EX  Syrup,Treatment of Cough with mucus,
Levolin 2 Tablet,Treatment of Chronic obstructive pulmonary disease (COPD),
Listril 10 Tablet, Hypertension (high blood pressure) Prevention of heart attack and stroke Heart failure,
Lilituf Cream,Treatment of Fungal skin infections,
Lipirose-F 5 Tablet,Treatment of High cholesterolPrevention of Heart attack,
Levera Solution,Treatment of Epilepsy/Seizures,
Latocom CF Eye Drop,Treatment of GlaucomaTreatment of Ocular hypertension,
Livolexin Suspension, Nutritional deficiencies,
Lizerton B6 Oral Solution Orange Sugar Free,Treatment and prevention of Kidney stone,
Losakind 25 Tablet,Treatment of Hypertension (high blood pressure)Treatment of Heart failure Prevention of heart attack and stroke,
Lonopin 60mg Injection,Treatment and prevention of Blood clots,
L-Cin A Tablet,Treatment of Respiratory tract infection,
Latina RT Eye Drop, Glaucoma Ocular hypertension,
Lotiviz 0.5% Eye Drop, Redness and swelling in the eye,
Larentine D 5mg/5mg Tablet, Alzheimer's disease,
Lupenox 40mg Injection,Treatment and prevention of Blood clots,
Levera XR 750 Tablet,Treatment of Epilepsy/Seizures,
Levesam Oral Solution,Treatment of Epilepsy/Seizures,
Lasma 10 Tablet,Prevention of Asthma,
Lafaxid-D  Tablet, Gastroesophageal reflux disease (Acid reflux) Peptic ulcer disease,
Levepsy 750 Tablet,Treatment of Epilepsy/Seizures,
Letero Tablet,Treatment of Breast cancerTreatment of Infertility due to anovulation,
Lupibose 62.5 Tablet, Pulmonary arterial hypertension (PAH),
Lulimac XL Cream,Treatment of Fungal skin infections,
Laxiwal Solution,Treatment of ConstipationTreatment of Hepatic encephalopathy,
Lurata 40 Tablet, Schizophrenia,
Lulibet Lotion,Treatment of Fungal skin infections,
LTK-AM Tablet, Hypertension (high blood pressure),
Lefumide 20 Tablet, Rheumatoid arthritis Psoriatic arthritis,
Lulihalt Cream,Treatment of Fungal skin infections,
Lipicure 80 Tablet, High cholesterolPrevention of Heart attack,
Labecor 100mg Tablet, Hypertension (high blood pressure) Angina (heart-related chest pain) Prevention of heart attack and stroke,
Lotesol 5 Eye Drop, Redness and swelling in the eye,
L-Sys Cream,Treatment of Fungal skin infections,
Lipril 10 Tablet, Hypertension (high blood pressure) Prevention of heart attack and stroke Heart failure,
Levipil XR 1g Tablet,Treatment of Epilepsy/Seizures,
Lupila 10 Tablet, Gastroesophageal reflux disease (Acid reflux) Peptic ulcer disease,
Lacotide 50 Tablet, Epilepsy/Seizures,
Lupitros-TZ Eye Drop,Treatment of GlaucomaTreatment of Ocular hypertension,
Lulizol Cream,Treatment of Fungal skin infections,
Lamictal 50mg Tablet DT, Epilepsy/Seizures Bipolar disorder,
Lofatin Cream,Treatment of Fungal skin infections,
Luliz 1% Cream,Treatment of Fungal skin infections,
Lamivir 150 Tablet, Chronic hepatitis B virus (HBV) infection,
Lulirx Cream,Treatment of Fungal skin infections,
Lamosyn 50 Tablet, Epilepsy/Seizures Bipolar disorder,
Lamez OD 100 Tablet SR, Epilepsy/Seizures Bipolar disorder,
Luhon Cream,Treatment of Fungal skin infections,
Lulimac Cream,Treatment of Fungal skin infections,
Lupidium Tablet, Diarrhea,
Livoluk Fibre  Granules, Constipation,
Lamosyn 100 Tablet, Epilepsy/Seizures Bipolar disorder,
Lactifem Itch Vaginal Cream Vaginal Cream, Fungal infections,
Lamitor DT 50 Tablet, Epilepsy/Seizures Bipolar disorder,
Luray Cream,Treatment of Fungal skin infections,
Losar Beta-H Tablet, Hypertension (high blood pressure),
Lezyncet-M Tablet,Treatment of Sneezing and runny nose due to allergiesTreatment of Hay feverTreatment of Allergic skin conditions,
Lorfast MT Tablet,Treatment of Sneezing and runny nose due to allergiesTreatment of Hay feverTreatment of Allergic skin conditions,
Lozivate-MF Ointment, Eczema Psoriasis,
Laveta 10 Tablet DT,Treatment of Allergic conditions,
Lejet Tablet,Treatment of Allergic conditions,
LzHH Lotion,Treatment of Fungal skin infections,
Lornoxi P Tablet, Pain relief,
Lomela Lite Cream, Melasma,
Levigress 250 Tablet,Treatment of Epilepsy/Seizures,
Lacotide 200mg Tablet, Epilepsy/Seizures,
Lastuss LA Syrup, Dry cough,
Luligee Cream,Treatment of Fungal skin infections,
Losium-H Tablet,Treatment of Hypertension (high blood pressure),
Lacoxa 100mg Tablet, Epilepsy/Seizures,
Lozivate-MF Lotion, Eczema Psoriasis,
Lukotas 10mg Tablet,Prevention of Asthma,
Luliclinz-XL Cream,Treatment of Fungal skin infections,
Lineca Tablet,Treatment of Severe bacterial infections,
Lumacip Plus Cream, Melasma,
Lubricart-D Tablet, Osteoarthritis,
Leptomate 50 Tablet, Epilepsy/SeizuresPrevention of Migraine Lennox–Gastaut syndrome,
Lutiderm Cream,Treatment of Skin conditions with inflammation & itching,
Lenalid 25 Capsule,Treatment of Multiple myelomaTreatment of Myelodysplastic syndrome,
Lyortam 1gm Injection, Severe bacterial infections,
Luliderm Cream,Treatment of Fungal skin infections,
Lubry-GM Tablet, Osteoarthritis,
Lamifin Lotion, Fungal skin infections,
Lupride 4mg Injection,Treatment of Prostate cancerTreatment of EndometriosisTreatment of Uterine fibroidsTreatment of Precocious puberty (premature puberty),
Lipitas 5mg Tablet,Treatment of High cholesterol Prevention of heart attack and stroke,
Levigress 750 Tablet,Treatment of Epilepsy/Seizures,
Livoluk Oral Solution,Treatment of ConstipationTreatment of Hepatic encephalopathy,
Losanorm 50-H Tablet,Treatment of Hypertension (high blood pressure),
Lovolkem 250mg Tablet,Treatment of Bacterial infections,
Losatan H Tablet,Treatment of Hypertension (high blood pressure),
Lamitor DT 25 Tablet, Epilepsy/Seizures Bipolar disorder,
Lacom-CV 625 Tablet,Treatment of Bacterial infections,
Luliderm Cream,Treatment of Fungal skin infections,
Lamez OD 50  Tablet SR, Epilepsy/Seizures Bipolar disorder,
Lipigo 5 Tablet,Treatment of High cholesterol Prevention of heart attack and stroke,
Lacoset 150 Tablet, Epilepsy/Seizures,
Losanorm 25 Tablet,Treatment of Hypertension (high blood pressure)Treatment of Heart failure Prevention of heart attack and stroke,
Levemex 500 Tablet,Treatment of Epilepsy/Seizures,
Lethyrox 12.5 Tablet,Treatment of Hypothyroidism,
Lamictal 25mg Dispersible Tablet, Epilepsy/Seizures Bipolar disorder,
Life OK  Eye Drop,Treatment of Allergic eye disease,
Leon 750 Tablet,Treatment of Bacterial infections,
Lumaglo Cream, Melasma,
Lulifin Lotion,Treatment of Fungal skin infections,
Lacne 20 Softgel Capsule,Treatment of Acne,
Limarin 140 Capsule, Chronic liver disease Liver cirrhosis,
Levepsy 1000 Tablet,Treatment of Epilepsy/Seizures,
Leepure Tablet,Treatment of Liver  disease,
Levepsy 250 Tablet,Treatment of Epilepsy/Seizures,
Laxito Plus Liquid,Treatment of Constipation,
Losium 25 Tablet,Treatment of Hypertension (high blood pressure)Treatment of Heart failure Prevention of heart attack and stroke,
Livafin O 200mg Capsule,Treatment of Fungal infections,
Lacrisol Eye Drop,Treatment of Dry eyes,
Lulisol Cream,Treatment of Fungal skin infections,
Levera XR 1000 Tablet,Treatment of Epilepsy/Seizures,
Levobact 500 Tablet,Treatment of Bacterial infections,
Lipophage 60 Capsule, Obesity,
Lactolook Oral Solution Sugar Free,Treatment of ConstipationTreatment of Hepatic encephalopathy,
Lacrimos Gel,Treatment of Dry eyes,
Lonitab 10 Tablet,Treatment of Hypertension (high blood pressure),
Liketears Plus Eye Drop,Treatment of Dry eyes,
Loprin-DS Tablet,Prevention of Angina (heart-related chest pain)Treatment and prevention of Heart attackTreatment and prevention of Stroke,
Levera DT 500 Tablet,Treatment of Epilepsy/Seizures,
Ludura Lotion,Treatment of Fungal skin infections,
Lidozone  Ear Drop,Treatment of Ear pain,
Lidayn Topical Mint, Local anesthesia (Numb tissues in a specific area),
LN Met 50 Tablet ER, Hypertension (high blood pressure),
Lupiflex 8 Tablet, Pain due to muscle spasm,
Levepsy 500mg Injection,Treatment of Epilepsy/Seizures,
Loram  5 Tablet, Hypertension (high blood pressure),
Lacopsy 50mg Tablet, Epilepsy/Seizures,
Lupitros Eye Drop,Treatment of GlaucomaTreatment of Ocular hypertension,
Levotiz-A Tablet SR,Treatment of Respiratory tract disorders associated with viscid mucus,
Lee Dott Oral Powder,Treatment of Diarrhea,
Lamosyn 25 Tablet, Epilepsy/Seizures Bipolar disorder,
Lacopsy 200 Tablet, Epilepsy/Seizures,
Larentine D 5mg/10mg Tablet, Alzheimer's disease,
Levogastrol OD 75 Tablet SR, Gastroesophageal reflux disease (Acid reflux) Irritable bowel syndrome Heartburn,
Lit M Tablet,Treatment of Sneezing and runny nose due to allergiesTreatment of Hay feverTreatment of Allergic skin conditions,
Listril Plus Tablet, Hypertension (high blood pressure),
Livafin -O 100 Capsule,Treatment of Fungal infections,
LCF Expectorant, Cough with mucus,
Luly Cream,Treatment of Fungal skin infections,
Lorsaid SD 4 Tablet, Pain relief,
Lamifin Dusting Powder, Fungal skin infections,
Lurafic 40 Tablet, Schizophrenia,
Lucoz Cream,Treatment of Fungal skin infections,
Levigress 1000 Tablet PR,Treatment of Epilepsy/Seizures,
Levolin Plus Syrup Pineapple &amp; Black currant,Treatment of Cough with mucus,
Lupicet Tablet,Treatment of Allergic conditions,
Lacoma T  Eye Drop,Treatment of GlaucomaTreatment of Ocular hypertension,
Lactigol Granules,Treatment of Constipation,
Losanorm 25-H Tablet,Treatment of Hypertension (high blood pressure),
Lzhh-XL Cream,Treatment of Fungal skin infections,
Luramax 80mg Tablet, Schizophrenia,
Levokast Oral Suspension,Treatment of Sneezing and runny nose due to allergiesTreatment of Hay feverTreatment of Allergic skin conditions,
Lofatin Lotion,Treatment of Fungal skin infections,
Lupigest 400 Soft Gelatin Capsule, Hormone replacement therapyTreatment of Female infertility,
Lulizol Cream,Treatment of Fungal skin infections,
Lotechek Eye Drop, Redness and swelling in the eye,
Lipicure 5 Tablet, High cholesterolPrevention of Heart attack,
Lacne 10 Capsule,Treatment of Acne,
Lidfast 2% Jelly, Local anesthesia (Numb tissues in a specific area),
Lucazole Cream,Treatment of Fungal skin infections,
Luby Eye Drop,Treatment of Dry eyes,
Levepsy Syrup,Treatment of Epilepsy/Seizures,
LCZ-Mont Kid Tablet,Treatment of Sneezing and runny nose due to allergiesTreatment of Hay feverTreatment of Allergic skin conditions,
LCZ-XP Expectorant, Cough with mucus,
Logidruf Lotion,Treatment of Dandruff,
Luprorin 4 Injection,Treatment of Prostate cancerTreatment of EndometriosisTreatment of Uterine fibroidsTreatment of Precocious puberty (premature puberty),
Liv Daily Capsule,Treatment of Nutritional deficiencies,
Lashisma  Solution (3ml Each), Ocular hypertension Glaucoma,
Lulilok Cream,Treatment of Fungal skin infections,
Luliyes Cream,Treatment of Fungal skin infections,
Loparin 60 Injection,Treatment and prevention of Blood clots,
LUCEE CREAM,Treatment of Fungal skin infections,
Lorsaid OD Tablet ER, Pain relief,
Lupidip 5 Tablet,Treatment of Hypertension (high blood pressure)Prevention of Angina (heart-related chest pain),
Lokcid-O Gel Mint Sugar Free, Acidity Stomach ulcers Bloating,
Luliford Cream,Treatment of Fungal skin infections,
L-Trix Cream,Treatment of Fungal skin infections,
Lacotab Syrup, Epilepsy/Seizures,
Lycomerve Capsule, Nutritional deficiencies,
Liz-M Tablet SR,Treatment of Type 2 diabetes mellitus,
Levesam Injection,Treatment of Epilepsy/Seizures,
Levokon-M Tablet,Treatment of Sneezing and runny nose due to allergiesTreatment of Hay feverTreatment of Allergic skin conditions,
Lupisulin M 50 40IU/ml Injection, Diabetes,
Ledovanc 500 Injection, Severe bacterial infections,
Lupipara 650mg Tablet, Pain reliefTreatment of Fever,
LTK 25mg Tablet,Treatment of Hypertension (high blood pressure)Treatment of Heart failure Prevention of heart attack and stroke,
Lametec Kid Tablet DT, Epilepsy/Seizures Bipolar disorder,
Luliz 1% Cream,Treatment of Fungal skin infections,
Lofatin Cream,Treatment of Fungal skin infections,
Lotechek-LS Eye Drop, Redness and swelling in the eye,
Lozapin 100mg Tablet, Schizophrenia,
Liofen 40mg Capsule XL, Muscle relaxation,
Lipophage 120 Capsule, Obesity,
Libset Tablet, Breast cancer,
Losar-CH 12.5 Tablet, Hypertension (high blood pressure),
Levozen M Tablet,Treatment of Sneezing and runny nose due to allergiesTreatment of Hay feverTreatment of Allergic skin conditions,
Levomil 40 Capsule ER, Depression,
Lupigest 100 Capsule, Hormone replacement therapyTreatment of Female infertility,
Lefuma  20mg Tablet, Rheumatoid arthritis Psoriatic arthritis,
Labaneb Respules (2ml Each), Chronic obstructive pulmonary disease (COPD),
LCFEX-Mont Tablet,Treatment of Sneezing and runny nose due to allergies,
Liviz Tablet,Treatment of Liver  disease,
Lamifin -Forte Tablet, Fungal infections,
Lumecare Advance Carmellose Soothing Eye Drop,Treatment of Dry eyes,
Losacar-A  Tablet, Hypertension (high blood pressure),
Lamez OD 150 Tablet SR, Epilepsy/Seizures Bipolar disorder,
Lobaset 10 Tablet, Muscle relaxation,
Luliporus Cream,Treatment of Fungal skin infections,
Losartas 50 Tablet,Treatment of Hypertension (high blood pressure)Treatment of Heart failure Prevention of heart attack and stroke,
Lmx Forte 500mg/125mg Tablet,Treatment of Bacterial infections,
LCD 275 Tablet,Treatment of Parkinson's disease,
Lugonist Depot 3.75mg Injection,Treatment of Prostate cancerTreatment of EndometriosisTreatment of Uterine fibroidsTreatment of Precocious puberty (premature puberty),
Lupidip-A Tablet,Treatment of Hypertension (high blood pressure),
Lufen Eye Drop,Treatment of Post-operative eye pain and inflammation,
Lcfex Tablet,Treatment of Sneezing and runny nose due to allergiesTreatment of Allergic conditions,
Luprorin 3.75mg Injection,Treatment of Prostate cancerTreatment of EndometriosisTreatment of Uterine fibroidsTreatment of Precocious puberty (premature puberty),
Leubine Cream,Treatment of Fungal skin infections,
Laformin GV 2mg/500mg/0.2mg Tablet ER,Treatment of Type 2 diabetes mellitus,
Lulirx Cream,Treatment of Fungal skin infections,
Lircetam 500 Tablet,Treatment of Epilepsy/Seizures,
Leveron 500 Tablet,Treatment of Epilepsy/Seizures,
Lamifin 125 DT Tablet, Fungal infections,
Levotiz Tablet,Treatment of Allergic conditions,
Leuprolide 3.75mg Depot One Combipack,Treatment of Prostate cancerTreatment of EndometriosisTreatment of Uterine fibroidsTreatment of Precocious puberty (premature puberty),
Levenue 750 Tablet,Treatment of Epilepsy/Seizures,
Levotiz-M Tablet,Treatment of Sneezing and runny nose due to allergiesTreatment of Hay feverTreatment of Allergic skin conditions,
Laformin-G 2 Tablet PR,Treatment of Type 2 diabetes mellitus,
Lurastar 40mg Tablet, Schizophrenia,
Logispor 200 Capsule,Treatment of Fungal infections,
Luporal Capsule, Cancer of colon and rectum,
Laformin-G 1 Tablet PR,Treatment of Type 2 diabetes mellitus,
Lilituf Cream,Treatment of Fungal skin infections,
Lifotonin Tablet,Treatment of InsomniaTreatment of Jet lag,
Levenue 250 Tablet,Treatment of Epilepsy/Seizures,
Lactopil Oral Solution,Treatment of ConstipationTreatment of Hepatic encephalopathy,
Letsure 2.5 Tablet,Treatment of Breast cancerTreatment of Infertility due to anovulation,
Lipril-H Tablet, Hypertension (high blood pressure),
Lulimac XL Lotion,Treatment of Fungal skin infections,
Lastuss-D Syrup,Treatment of Dry cough,
Levetas 500mg Tablet,Treatment of Epilepsy/Seizures,
Lignoace Oral Topical Solution,Treatment of Inflammation of gums Local anesthesia (Numb tissues in a specific area),
Lcfex 180 Tablet,Treatment of Sneezing and runny nose due to allergiesTreatment of Allergic conditions,
Lovax OD 600 Tablet ER, Epilepsy/Seizures,
Leukocel 500mg Capsule, Head and neck cancer Sickle cell anemia,
Lacotide 150mg Tablet, Epilepsy/Seizures,
Levigress Syrup,Treatment of Epilepsy/Seizures,
Levilex 250 Tablet,Treatment of Epilepsy/Seizures,
Lumycan Cream,Treatment of Fungal skin infections,
Luliclin Cream,Treatment of Fungal skin infections,
Lupimon FX 10mg/120mg Tablet,Treatment of Sneezing and runny nose due to allergies,
Lumycan Cream,Treatment of Fungal skin infections,
Lurace 40mg Tablet, Schizophrenia,
Lamitor OD 25 Tablet SR, Epilepsy/Seizures Bipolar disorder,
LzHH Cream,Treatment of Fungal skin infections,
Lulirx Spray,Treatment of Fungal skin infections,
Lenalid 5 Capsule,Treatment of Multiple myelomaTreatment of Myelodysplastic syndrome,
Laxitas Laxative Vanilla Sugar Free,Treatment of Constipation,
Lurata 80 Tablet, Schizophrenia,
Lamez OD 25 Tablet SR, Epilepsy/Seizures Bipolar disorder,
Lamepil 50 Tablet, Epilepsy/Seizures Bipolar disorder,
Lithic 400mg Tablet SR, Mania Bipolar disorder,
Lioresal 25 Tablet, Muscle relaxation,
Lutica Cream,Treatment of Skin conditions with inflammation & itching,
LCZ-Mont Suspension,Treatment of Sneezing and runny nose due to allergiesTreatment of Hay feverTreatment of Allergic skin conditions,
Lulibrut Lotion,Treatment of Fungal skin infections,
Lax 3 Oral Suspension Sugar Free,Treatment of Constipation,
Lulinext Cream,Treatment of Fungal skin infections,
Lapcort 1% Cream,Treatment of Eczema Severe allergic reactionsTreatment of Allergic conditionsTreatment of CancerTreatment of Skin disordersTreatment of Eye disorders,
Liponorm 5mg Tablet, High cholesterolPrevention of Heart attack,
Lacsyp  Syrup, Constipation,
Levtam 500 Tablet,Treatment of Epilepsy/Seizures,
Luliclinz Cream,Treatment of Fungal skin infections,
Lupitros-T Eye Drop,Treatment of GlaucomaTreatment of Ocular hypertension,
Loram  2.5 Tablet, Hypertension (high blood pressure),
Levroxa 250mg Tablet,Treatment of Epilepsy/Seizures,
Lezyncet A Tablet, Cough,
Lanfil DX 60 Capsule MR, Heartburn Gastroesophageal reflux disease (Acid reflux) Peptic ulcer disease,
Losartas 25 Tablet,Treatment of Hypertension (high blood pressure)Treatment of Heart failure Prevention of heart attack and stroke,
Lulibet Cream,Treatment of Fungal skin infections,
Lulirx Spray,Treatment of Fungal skin infections,
Lulinext Lotion Spray,Treatment of Fungal skin infections,
Lulihalt Cream,Treatment of Fungal skin infections,
Leptomate 100 Tablet, Epilepsy/SeizuresPrevention of Migraine Lennox–Gastaut syndrome,
Levialfa 500 Tablet,Treatment of Epilepsy/Seizures,
Lulilok Soap,Treatment of Fungal skin infections,
Lozapin 50mg Tablet, Schizophrenia,
Laxiwal Solution,Treatment of ConstipationTreatment of Hepatic encephalopathy,
LT-Mac Cream,Treatment of Fungal skin infections,
Losatan 50mg Tablet,Treatment of Hypertension (high blood pressure)Treatment of Heart failure Prevention of heart attack and stroke,
Ludura Cream,Treatment of Fungal skin infections,
Lipicure CF 10 Capsule IR,Treatment of High cholesterolPrevention of Heart attack,
Lue 20 Cream,Treatment of Fungal skin infections,
Lamepil 100 Tablet, Epilepsy/Seizures Bipolar disorder,
L-Sys Topical Solution,Treatment of Fungal skin infections,
Lulibest 1% Cream,Treatment of Fungal skin infections,
Lulipex 1% Cream,Treatment of Fungal skin infections,
Lupila-D Capsule,Treatment of Gastroesophageal reflux disease (Acid reflux)Treatment of Peptic ulcer disease,
Lupizol Cream,Treatment of Fungal skin infections,
Lowprost Eye Drop, Ocular hypertension Glaucoma,
Levomil 20 Capsule ER, Depression,
Lurakem 40 Tablet, Schizophrenia,
Lipisafe CV 20 Capsule, Heart attack prevention and high cholesterol,
Lilituf Lotion,Treatment of Fungal skin infections,
Levexx 250 Tablet,Treatment of Epilepsy/Seizures,
Levilex 750 Tablet,Treatment of Epilepsy/Seizures,
Lurafic 80mg Tablet, Schizophrenia,
Lotak-A Tablet, Hypertension (high blood pressure),
Lipril AM Tablet, Hypertension (high blood pressure),
Lulilok Cream,Treatment of Fungal skin infections,
Loxapax 25mg Capsule,Treatment of SchizophreniaTreatment of DepressionTreatment of Bipolar disorder,
Levepsy XR 500 Tablet,Treatment of Epilepsy/Seizures,
Lamepil MR 100 Tablet, Epilepsy/Seizures Bipolar disorder,
Laconext 150 Tablet, Epilepsy/Seizures,
Lustre C Cream,Treatment of Acne,
Lapezil 10 Tablet, Alzheimer's disease,
Lulipil Soap,Treatment of Fungal skin infections,
Lucipro 500mg Tablet,Treatment of Bacterial infections,
Levemex Syrup,Treatment of Epilepsy/Seizures,
Lofatin Cream,Treatment of Fungal skin infections,
Levenig 500 Tablet,Treatment of Epilepsy/Seizures,
Lulibest-XL Cream,Treatment of Fungal skin infections,
Luliyes Cream,Treatment of Fungal skin infections,
Levroxa 750mg Tablet,Treatment of Epilepsy/Seizures,
Liconpride Cream,Treatment of Fungal skin infections,
Levilex 1000 Tablet,Treatment of Epilepsy/Seizures,
Limcor Chewable Tablet Orange,Treatment of Vitamin C deficiency,
Limcor Chewable Tablet Orange,Treatment of Vitamin C deficiency,
Livastat-EZ Tablet, High cholesterol,
Loreb-DSR Capsule,Treatment of Gastroesophageal reflux disease (Acid reflux)Treatment of Peptic ulcer disease,
Levenue ER 1000 Tablet,Treatment of Epilepsy/Seizures,
Livcare Syrup,Treatment of Indigestion,
Lifepill 3 Capsule ER, High blood pressure with high cholesterol,
leocan 150mg Tablet,Treatment of Fungal infections,
Lumiza 1% Cream,Treatment of Fungal skin infections,
Lamifin Cream, Fungal skin infections,
Lutriben Cream,Treatment of Fungal skin infections,
Levtam 250 Tablet,Treatment of Epilepsy/Seizures,
Lexadep 10 Tablet,Treatment of DepressionTreatment of Anxiety disorderTreatment of Panic disorder,
L-Trix Cream,Treatment of Fungal skin infections,
Laxan Oral Solution,Treatment of ConstipationTreatment of Hepatic encephalopathy,
Lulijen Cream,Treatment of Fungal skin infections,
Lotensyl AT Tablet, Hypertension (high blood pressure),
Lignopar Gel, Local anesthesia (Numb tissues in a specific area),
Lucimac Cream,Treatment of Fungal skin infections,
Levrom-M Syrup,Treatment of Sneezing and runny nose due to allergiesTreatment of Hay feverTreatment of Allergic skin conditions,
Levocaa 10 Tablet,Treatment of Allergic conditions,
Lacripex Eye Drop,Treatment of Dry eyes,
Lacripex Eye Drop,Treatment of Dry eyes,
L-Bakterie OZ Oral Suspension, Diarrhea Dysentery,
L-Bakterie OZ Oral Suspension, Diarrhea Dysentery,
Myezom 2mg Injection, Multiple myeloma Mantle-cell lymphoma,
Meftal-Spas Tablet,Treatment of Menstrual painTreatment of Abdominal cramp,
Moxicip Eye Drop,Treatment of Bacterial eye infections,
Montek LC Tablet,Treatment of Sneezing and runny nose due to allergiesTreatment of Hay feverTreatment of Allergic skin conditions,
Metrogyl 400 Tablet,Treatment of Bacterial infectionsTreatment of Parasitic infections,
Manforce 100mg Tablet,Treatment of Erectile dysfunction,
Montair-LC Tablet,Treatment of Sneezing and runny nose due to allergiesTreatment of Hay feverTreatment of Allergic skin conditions,
Meftal-P Suspension, Pain relief,
Mahaflox Eye Drop,Treatment of Bacterial eye infections,
Monocef-O 200 Tablet,Treatment of Bacterial infections,
Moxikind-CV 625 Tablet,Treatment of Bacterial infections,
Meftal-Forte Tablet, Pain reliefTreatment of Fever,
Mosi Eye Drop,Treatment of Bacterial eye infections,
Monocef 1gm Injection,Treatment of Bacterial infections,
Mucaine Gel Mint Sugar Free,Treatment of AcidityTreatment of HeartburnTreatment of Stomach ulcers,
Maxtra Syrup,Treatment of Common cold,
Moximax D Eye Drop,Treatment of Bacterial eye infections,
Montina-L Tablet,Treatment of Sneezing and runny nose due to allergiesTreatment of Hay feverTreatment of Allergic skin conditions,
Mucinac 600 Effervescent Tablet Orange Sugar Free,Treatment of Paracetamol toxicity,
Monticope Tablet,Treatment of Sneezing and runny nose due to allergiesTreatment of Hay feverTreatment of Allergic skin conditions,
Meganeuron OD Plus Capsule,Treatment of Vitamin & mineral deficiency,
Meprate 10mg Tablet,Treatment of AmenorrheaTreatment of Abnormal uterine bleedingTreatment of Endometriosis,
Montair LC Kid Syrup,Treatment of Sneezing and runny nose due to allergiesTreatment of Hay feverTreatment of Allergic skin conditions,
Moxicip D Eye Drop,Treatment of Bacterial eye infections,
Mobizox Tablet,Treatment of Pain due to muscle spasm,
Megalis 20 Tablet,Treatment of Erectile dysfunctionTreatment of Pulmonary arterial hypertension (PAH),
Manforce 50mg Tablet,Treatment of Erectile dysfunction,
Myospaz Forte Tablet,Treatment of Pain due to muscle spasm,
Montas-L Tablet,Treatment of Sneezing and runny nose due to allergiesTreatment of Hay feverTreatment of Allergic skin conditions,
Met XL 25 Tablet,Treatment of Hypertension (high blood pressure)Treatment of Angina (heart-related chest pain)Treatment of ArrhythmiaPrevention of Heart attackPrevention of Migraine,
Milflox 0.5% Eye Drop,Treatment of Bacterial eye infections,
Medrol 4mg Tablet,Treatment of Rheumatic disorderTreatment of Systemic lupus erythematosus (SLE)Treatment of Allergic conditionsTreatment of Eye disordersTreatment of Skin disorders,
Mezol Eye Drop, Allergic eye disease,
Manforce Staylong Tablet,Treatment of Premature ejaculation,
Moxicip KT Eye Drop,Treatment of Bacterial eye infections,
Meftal 500 Tablet, Pain relief,
Methycobal Tablet,Treatment of Pernicious Anemia Vitamin B12 deficiency,
Moxclav 625 Tablet,Treatment of Bacterial infections,
Mega-CV 625 Tablet,Treatment of Bacterial infections,
Monocef-O CV 200/125 Tablet,Treatment of Respiratory tract infection,
Mahaflox-LP Eye Drop,Treatment of Eye infection with inflammation,
Mucolite Syrup,Treatment of Respiratory tract disorders associated with viscid mucus,
Myospas Tablet,Treatment of Pain due to muscle spasm,
Mox CV 625 Tablet,Treatment of Bacterial infections,
Meftagesic-DS Suspension, Pain reliefTreatment of Fever,
Moxiford Eye Drop,Treatment of Bacterial eye infections,
Myoril 4mg Capsule, Muscle relaxation,
Maxtra Oral Drops,Treatment of Common cold,
Mox 500mg Capsule,Treatment of Bacterial infections,
Minipress XL 5mg Tablet,Treatment of Hypertension (high blood pressure)Treatment of Heart failureTreatment of Benign prostatic hyperplasia,
Mucopain Gel, Local anesthesia (Numb tissues in a specific area),
Mondeslor Tablet, Sneezing and runny nose due to allergies,
Megalis 10 Tablet,Treatment of Erectile dysfunctionTreatment of Pulmonary arterial hypertension (PAH),
Mahacef 200 Tablet,Treatment of Bacterial infections,
Monocef-SB 1g Injection, Bacterial infections,
Megapen Capsule,Treatment of Bacterial infections,
Macbery Syrup Strawberry Sugar Free,Treatment of Cough,
Methergin Tablet, Post-delivery bleeding,
Martifur MR 100mg Tablet,Treatment of Bacterial infections of urinary tract,
Melamet Cream,Treatment of Melasma,
Meloset Tablet,Treatment of InsomniaTreatment of Jet lag,
Mintop Forte 5% Minoxidil Solution,Treatment of Hair loss,
Martifur Tablet,Treatment of Bacterial infections of urinary tract,
Metrogyl Suspension,Treatment of Bacterial infectionsTreatment of Parasitic infections,
Met XL 50 Tablet,Treatment of Hypertension (high blood pressure)Treatment of Angina (heart-related chest pain)Treatment of ArrhythmiaPrevention of Heart attackPrevention of Migraine,
ME 12 OD Tablet ER,Treatment of Nutritional deficiencies,
M.V.I. Injection, Nutritional deficiencies,
Monticope Suspension,Treatment of Sneezing and runny nose due to allergiesTreatment of Hay feverTreatment of Allergic skin conditions,
Metosartan 50 Tablet ER,Treatment of Hypertension (high blood pressure),
Mucolite Drops,Treatment of Cough with mucusTreatment of Acute Sore throatTreatment of Respiratory tract disorders associated with viscid mucus,
Melacare Cream,Treatment of Melasma,
Movexx SP Tablet, Pain relief,
Microdox-LBX Capsule,Treatment of Bacterial infections,
Moxigram Eye Drop,Treatment of Bacterial eye infections,
Montair 10 Tablet,Prevention of Asthma,
Momate-F Cream,Treatment of Skin conditions with inflammation & itching,
Montek BL Tablet,Treatment of Allergic conditions,
Metrogyl-P 2% Ointment,Treatment of Wound infection,
Monocef-O 50 Oral Suspension,Treatment of Bacterial infections,
Myotop-P Tablet, Pain due to muscle spasm,
Metrogyl DG Forte Gel,Treatment of Mouth infection,
Modula Tablet,Treatment of Erectile dysfunction,
Moxikind-CV Dry Syrup,Treatment of Resistance Tuberculosis (TB)Treatment of Bacterial infections,
Medrol 8mg Tablet,Treatment of Rheumatic disorderTreatment of Systemic lupus erythematosus (SLE)Treatment of Allergic conditionsTreatment of Eye disordersTreatment of Skin disorders,
Moisol Eye Drop, Dry eyes,
Medisalic Ointment,Treatment of EczemaTreatment of Psoriasis,
Mefkind-DS Suspension, Pain reliefTreatment of Fever,
Maxtra P  Syrup,Treatment of Common cold,
Mikacin 500mg Injection, Bacterial infections,
Macpod 200 Tablet,Treatment of Bacterial infections,
Moxigram LX Eye Drop,Treatment of Eye infection with inflammation,
Montemac-L Tablet,Treatment of Sneezing and runny nose due to allergiesTreatment of Hay feverTreatment of Allergic skin conditions,
Mirago 25 Tablet ER,Treatment of Overactive bladder (OAB) symptoms,
Montina-L Syrup,Treatment of Sneezing and runny nose due to allergiesTreatment of Hay feverTreatment of Allergic skin conditions,
Meftal-P Dispersible Tablet, Pain relief,
Metaspray Nasal Spray,Treatment and prevention of Sneezing and runny nose due to allergiesTreatment of Nasal congestion (blocked nose)Treatment of Nasal polyps,
Metosartan 25 Tablet ER,Treatment of Hypertension (high blood pressure),
Mahaflox KT Eye Drop,Treatment of Bacterial eye infections,
Metrogyl ER Tablet,Treatment of Bacterial infectionsTreatment of Parasitic infections,
Moximax-KT Eye Drop,Treatment of Bacterial eye infections,
Moxiblu-D Eye Drop,Treatment of Bacterial eye infections,
Mucolite Tablet,Treatment of Respiratory tract disorders associated with viscid mucus,
Mirago 50 Tablet ER,Treatment of Overactive bladder (OAB) symptoms,
Macbery Junior  Expectorant,Treatment of Cough with mucus,
Migranil EC 1mg/100mg Tablet, Migraine,
Monocef-O 100 Powder for Oral Suspension,Treatment of Bacterial infections,
Mahagaba-M 75 Capsule,Treatment of Neuropathic pain,
Montecip LC Tablet,Treatment of Sneezing and runny nose due to allergiesTreatment of Hay feverTreatment of Allergic skin conditions,
Metrogyl Injection,Treatment of Bacterial infectionsTreatment of Parasitic infections,
Macbery-XT Expectorant Sugar Free,Treatment of Cough with mucus,
Mesacol OD Tablet PR, Ulcerative colitis Crohn’s disease,
Myotop 150 Tablet, Muscle relaxation,
Montek AB Tablet SR,Treatment and prevention of Chronic obstructive pulmonary disease (COPD)Treatment of Sneezing and runny nose due to allergies,
Mac-RD Capsule SR,Treatment of Gastroesophageal reflux disease (Acid reflux)Treatment of Peptic ulcer disease,
Mom Plus Suspension Sugar Free,Treatment of Constipation,
Monticope-A Tablet SR,Treatment of Respiratory tract disorders associated with viscid mucus,
Montair LC Kid Tablet DT,Treatment of Sneezing and runny nose due to allergiesTreatment of Hay feverTreatment of Allergic skin conditions,
Metolar XR 25 Capsule,Treatment of Hypertension (high blood pressure)Treatment of Angina (heart-related chest pain)Treatment of ArrhythmiaPrevention of Heart attackPrevention of Migraine,
Montek LC Kid Syrup,Treatment of Sneezing and runny nose due to allergiesTreatment of Hay feverTreatment of Allergic skin conditions,
Migrabeta Plus Tablet,Prevention of Migraine,
Meftagesic-P Suspension, Pain reliefTreatment of Fever,
Meganeuron PG Capsule,Treatment of Neuropathic pain,
Maxmala  50 Capsule, Neuropathic pain,
Moxikind-CV 375 Tablet,Treatment of Bacterial infections,
Moxovas 0.3 Tablet, Hypertension (high blood pressure),
Met-Pco Care Tablet, Polycystic ovarian syndrome (PCOS),
Metrogyl 200 Tablet,Treatment of Bacterial infectionsTreatment of Parasitic infections,
Myoril 8mg Capsule, Muscle relaxation,
Mucinac AB Tablet,Treatment of Chronic obstructive pulmonary disease (COPD),
Mecofol 10 Tablet For Vitamin B12 Deficiency,Treatment of Pernicious Anemia Vitamin B12 deficiency,
Monit GTN 2.6 Tablet CR,Treatment of Angina (heart-related chest pain),
Meganeuron NT 75 Tablet,Treatment of Neuropathic pain,
Mintop Forte 5% Minoxidil Solution,Treatment of Hair loss,
Mixtard 30 HM 100IU/ml Penfill, Diabetes,
Minipress XL 2.5mg Tablet,Treatment of Hypertension (high blood pressure)Treatment of Heart failureTreatment of Benign prostatic hyperplasia,
Migranex 10 Tablet,Prevention of Migraine,
Metolar XR 50 Capsule,Treatment of Hypertension (high blood pressure)Treatment of Angina (heart-related chest pain)Treatment of ArrhythmiaPrevention of Heart attackPrevention of Migraine,
Meftagesic Tablet, Pain reliefTreatment of Fever,
Malirid-DS Tablet, Malaria,
Metsmall 500 Tablet SR,Treatment of Type 2 diabetes mellitus,
Meganeuron NT 50 Tablet,Treatment of Neuropathic pain,
Meromac 1gm Injection, Severe bacterial infections,
Macbery DX Syrup Sugar Free,Treatment of Dry cough,
Melalite 15 Cream,Treatment of Hyperpigmentation,
Metrogyl Gel, AcneTreatment of Bacterial infectionsTreatment of Parasitic infections,
Maxgalin 50 Capsule,Treatment of Neuropathic painTreatment of Epilepsy/SeizuresTreatment of Fibromyalgia,
Montemac-FX Tablet,Treatment of Sneezing and runny nose due to allergies,
Moxiforce-CV 625 Tablet,Treatment of Bacterial infections,
Metopar Tablet, Migraine,
Mebiz SR Capsule,Treatment of Irritable bowel syndrome,
Mahacef-CV 200 Tablet,Treatment of Bacterial infections,
Montaz 1g Injection, Bacterial infections,
MY Pill Tablet,Treatment of Polycystic ovarian syndrome (PCOS),
Mefkind Forte Tablet, Pain reliefTreatment of Fever,
Megazolid 600 Tablet,Treatment of Severe bacterial infections,
Metadec 50 Injection,Treatment of Post menopausal osteoporosis,
Montek LC Kid Tablet,Treatment of Sneezing and runny nose due to allergiesTreatment of Hay feverTreatment of Allergic skin conditions,
Moxiblu Eye Drop,Treatment of Bacterial eye infections,
Macpod CV 200 Tablet,Treatment of Respiratory tract infection,
Moxikind-CV Kid Tablet,Treatment of Resistance Tuberculosis (TB)Treatment of Bacterial infections,
Melano-TX Cream, Melasma,
Mucomix Injection,Treatment of Paracetamol toxicity,
Motogram Eye Drop,Treatment of Bacterial eye infections,
Micogel Cream,Treatment of Fungal skin infections,
Metpure -XL 25 Tablet,Treatment of Hypertension (high blood pressure)Treatment of Angina (heart-related chest pain)Treatment of ArrhythmiaPrevention of Heart attackPrevention of StrokePrevention of Migraine,
Maintane 500 Injection,Prevention of Premature Labor,
Melalite Forte Cream, Melasma,
Mucomix Tablet,Treatment of Paracetamol toxicity,
Metocard XL 25 Tablet,Treatment of Hypertension (high blood pressure)Treatment of Angina (heart-related chest pain)Treatment of ArrhythmiaPrevention of Heart attackPrevention of Migraine,
Mesacol Tablet DR, Ulcerative colitis Crohn’s disease,
Medrol 16mg Tablet,Treatment of Rheumatic disorderTreatment of Systemic lupus erythematosus (SLE)Treatment of Allergic conditionsTreatment of Eye disordersTreatment of Skin disorders,
Megabrom Eye Drop, Post-operative eye pain and inflammation,
Melabest Cream,Treatment of Melasma,
Macbery LS Expectorant,Treatment of Cough with mucus,
Mobiswift-D Tablet,Treatment of Pain due to muscle spasm,
Mox 250mg Capsule,Treatment of Bacterial infections,
Montewok-LC Tablet,Treatment of Sneezing and runny nose due to allergiesTreatment of Hay feverTreatment of Allergic skin conditions,
Moxiflox Tablet,Treatment of Bacterial eye infections,
Myoril Injection, Muscle relaxation,
Myosone Plus Tablet, Pain due to muscle spasm,
Myatro 0.01% Eye Drop,Treatment of Myopia,
Mefkind Forte Suspension, Pain reliefTreatment of Fever,
Melanocyl Tablet, Vitiligo Psoriasis,
Myospas D Tablet,Treatment of Pain due to muscle spasm,
Metolar 25 Tablet,Treatment of Hypertension (high blood pressure)Treatment of Angina (heart-related chest pain)Treatment of ArrhythmiaPrevention of Heart attackPrevention of Migraine,
Mazetol 200 Tablet, Epilepsy/Seizures Trigeminal neuralgia Diabetic nerve pain,
Maxgalin NT Tablet,Treatment of Neuropathic pain,
Maxmala  Capsule, Neuropathic pain,
Momeflo Nasal Spray,Treatment and prevention of Sneezing and runny nose due to allergiesTreatment of Nasal congestion (blocked nose)Treatment of Nasal polyps,
Maxtra P  Oral Drops,Treatment of Common cold,
Moxclav BD 228.5mg Powder for Oral Suspension,Treatment of Resistance Tuberculosis (TB)Treatment of Bacterial infections,
Milflodex BKC Free Eye Drop,Treatment of Bacterial eye infections,
Montek 10 Tablet,Prevention of Asthma,
Maxgalin ER 75 Tablet,Treatment of Neuropathic painTreatment of Epilepsy/SeizuresTreatment of Fibromyalgia,
Maintane Tablet,Treatment of Premature LaborTreatment of Recurrent miscarriage,
Minicycline Capsule,Treatment of Bacterial infectionsTreatment of Acne,
Melmet 500 SR Tablet,Treatment of Type 2 diabetes mellitus,
Myonit SR 2.6 Tablet,Treatment of Angina (heart-related chest pain),
Mupi Ointment,Treatment of Bacterial skin infections,
Macsart 40 Tablet,Treatment of Hypertension (high blood pressure) Prevention of heart attack and strokeTreatment of Heart failure,
Moxif 400 Tablet,Treatment of Bacterial eye infections,
Megasty 160mg Tablet, Breast cancer Endometrial cancer,
Minirin 0.1mg Tablet, Diabetes insipidus Bed-wetting,
Methergin Injection, Post-delivery bleeding,
Mahaflox 400 Tablet,Treatment of Bacterial eye infections,
Maxvoid 8 Tablet,Treatment of Benign prostatic hyperplasia,
Mirbeg 25 Tablet ER,Treatment of Overactive bladder (OAB) symptoms,
Movexx MR Tablet,Treatment of Muscular pain,
Moxikind-CV Forte Dry Syrup,Treatment of Resistant Tuberculosis (TB)Treatment of Bacterial infections,
Mero 1g Injection, Severe bacterial infections,
Meftal 250mg Tablet DT, Pain relief,
Metocard XL 50 Tablet,Treatment of Hypertension (high blood pressure)Treatment of Angina (heart-related chest pain)Treatment of ArrhythmiaPrevention of Heart attackPrevention of Migraine,
Meftal-Spas DS Tablet,Treatment of Menstrual painTreatment of Abdominal cramp,
Moxoft-LP Eye Drop,Treatment of Eye infection with inflammation,
Monocef-O 100 Tablet,Treatment of Bacterial infections,
Metatop Nasal Spray,Treatment and prevention of Sneezing and runny nose due to allergiesTreatment of Nasal congestion (blocked nose)Treatment of Nasal polyps,
Milixim 200 Tablet,Treatment of Bacterial infections,
Migrabeta-TR 40 Tablet,Treatment of PheochromocytomaTreatment of Hypertension (high blood pressure) Prevention of migraineTreatment of AnxietyTreatment of ArrhythmiaPrevention of Heart attackPrevention of Angina (heart-related chest pain)Treatment of Tremors,
Mupimet Ointment,Treatment of Bacterial skin infections,
Meronem 1000mg Injection, Severe bacterial infections,
Myotop 450 SR Tablet, Muscle relaxation,
Menabol Tablet, Angioedema,
Minokem-N 5% Solution, Hair loss,
Mahagaba-M OD Tablet SR,Treatment of Neuropathic pain,
Macprox DP 500 Tablet,Prevention of Migraine,
Maxiflo 250 Inhaler,Treatment of Chronic obstructive pulmonary disease (COPD),
Microcef-CV 200 Tablet,Treatment of Respiratory tract infection,
Menactra Vaccine,Prevention of Meningococcal disease,
Microcef 200mg Tablet DT,Treatment of Bacterial infections,
Minoz 100 Tablet,Treatment of Bacterial infectionsTreatment of Acne,
Mahaflox Eye Ointment,Treatment of Bacterial eye infections,
Maxgalip AT Tablet, Neuropathic pain,
Myosone SR Tablet, Muscle relaxation,
Meaxon Plus Injection, Nutritional deficiencies,
Myticom Eye Drop,Treatment of Bacterial eye infections,
MX 5 Topical Solution,Treatment of Hair loss,
Metacortil-Lite Cream,Treatment of Melasma,
Monocef-O CV 50/31.25 Dry Syrup,Treatment of Respiratory tract infection,
Meconerv Tablet,Treatment of Pernicious Anemia Vitamin B12 deficiency,
Minichek 5% Solution,Treatment of Hair loss,
Momate Cream,Treatment of Skin conditions with inflammation & itching,
Misty Eye Drop,Treatment of Dry eyes,
Mahaflox 0.5% Eye Drop,Treatment of Bacterial eye infections,
Monocef 500mg Injection,Treatment of Bacterial infections,
Macpee Tablet,Treatment of Urinary retention,
Monti-FX 10mg/120mg Tablet,Treatment of Sneezing and runny nose due to allergies,
Megaclox Capsule,Treatment of Bacterial infections,
Momate Lotion,Treatment of Skin conditions with inflammation & itching,
Montina-L DT Tablet,Treatment of Sneezing and runny nose due to allergiesTreatment of Hay feverTreatment of Allergic skin conditions,
Movexx Plus Tablet, Pain relief,
Minolast LC 5mg/10mg Tablet,Treatment of Sneezing and runny nose due to allergiesTreatment of Hay feverTreatment of Allergic skin conditions,
Montral Tablet,Treatment of Sneezing and runny nose due to allergiesTreatment of Hay feverTreatment of Allergic skin conditions,
Mega-CV 228.5mg Dry Syrup,Treatment of Resistance Tuberculosis (TB)Treatment of Bacterial infections,
Moxovas 0.2 Tablet, Hypertension (high blood pressure),
Maxmala Forte  Capsule, Neuropathic pain,
Mirbeg 50 Tablet ER,Treatment of Overactive bladder (OAB) symptoms,
Mucolite SR Capsule,Treatment of Respiratory tract disorders associated with viscid mucus,
Monotrate 10 Tablet,Prevention of Angina (heart-related chest pain),
Metoz 5 Tablet,Treatment of Hypertension (high blood pressure)Treatment of Edema,
Morr 5% Solution,Treatment of Hair loss,
Minoz OD 100 Capsule MR,Treatment of Bacterial infectionsTreatment of Acne,
Moxicip Tablet,Treatment of Bacterial eye infections,
Milflox Plus 0.4 Sterlie Eye Drops,Treatment of Bacterial eye infections,
Metpure -XL 50 Tablet,Treatment of Hypertension (high blood pressure)Treatment of Angina (heart-related chest pain)Treatment of ArrhythmiaPrevention of Heart attackPrevention of Migraine,
Minolast FX 10mg/120mg Tablet,Treatment of Sneezing and runny nose due to allergies,
Metrogyl-M Ointment,Treatment of Bacterial skin infections,
Myocyst-M Tablet SR,Treatment of Polycystic ovarian syndrome (PCOS),
Megaheal Spray,Prevention of Wound infection,
Meva SR Capsule,Treatment of Irritable bowel syndrome,
Monticope -Kid Tablet,Treatment of Sneezing and runny nose due to allergiesTreatment of Hay feverTreatment of Allergic skin conditions,
Mlobe-LP Eye Drop,Treatment of Eye infection with inflammation,
Macprox DP 250 Tablet,Prevention of Migraine,
Myelostat 500mg Capsule, Head and neck cancer Sickle cell anemia,
Melapik  -HQ Cream, Melasma,
Melanocyl Ointment, Vitiligo,
Monit 30 SR Tablet,Prevention of Angina (heart-related chest pain),
Metoz 2.5 Tablet,Treatment of Hypertension (high blood pressure)Treatment of Edema,
Maxgalin M 75 Capsule,Treatment of Neuropathic pain,
Motinorm Drops,Treatment of IndigestionTreatment of NauseaTreatment of Vomiting,
Mamofen 20 Tablet, Breast cancer,
Montemac-L Syrup,Treatment of Sneezing and runny nose due to allergiesTreatment of Hay feverTreatment of Allergic skin conditions,
Moza 5 Tablet, Gastroesophageal reflux disease (Acid reflux),
Migrabeta-TR 20 Tablet SR,Treatment of PheochromocytomaTreatment of Hypertension (high blood pressure) Prevention of migraineTreatment of AnxietyTreatment of ArrhythmiaPrevention of Heart attackPrevention of Angina (heart-related chest pain)Treatment of Tremors,
Mefkind-Spas Tablet,Treatment of Menstrual painTreatment of Abdominal cramp,
Macbery Oral Drops, Cough,
Muout Oral Solution, Constipation Intestine preparation before any surgery,
Mycoderm-NM Cream,Treatment of Skin infections,
Macbery PD Expectorant Strawberry,Treatment of Cough with mucus,
Moxikind-CV Drops,Treatment of Resistant Tuberculosis (TB)Treatment of Bacterial infections,
Megesta 160 Tablet, Breast cancer Endometrial cancer,
Memopi HC Cream,Treatment of Melasma,
Methimez 10 Tablet, Hyperthyroidism,
Monotrate 20 Tablet,Prevention of Angina (heart-related chest pain),
Melalite XL Cream,Treatment of Melasma,
Macsart AM Tablet,Treatment of Hypertension (high blood pressure),
Moxigram KT Eye Drop,Treatment of Bacterial eye infections,
Melanocyl Solution, Vitiligo Psoriasis,
Maxtra Gargle, Pain relief,
MDD XR 50 Tablet, Depression,
Mexohar 150mg Capsule,Treatment of Arrhythmia,
Mucolite LS Syrup, Chronic obstructive pulmonary disease (COPD),
Monlevo Tablet,Treatment of Sneezing and runny nose due to allergiesTreatment of Hay feverTreatment of Allergic skin conditions,
Melgain Lotion, Vitiligo,
Miofree A 4mg Tablet,Treatment of Pain due to muscle spasm,
Mega FreeFlex Joint Health Tablet, Osteoarthritis,
Megacholin Plus Tablet, Stroke,
Mintop Eva Solution,Treatment of Hair loss,
Mfsone Cream,Treatment of Skin conditions with inflammation & itching,
Maxgalin M ER 75 Tablet,Treatment of Neuropathic pain,
Megapen Kid Tablet,Treatment of Bacterial infections,
Maxtra Tablet,Treatment of Common cold,
Momesone Cream,Treatment of Skin conditions with inflammation & itching,
Montemac AL Tablet,Treatment of Respiratory tract disorders associated with viscid mucus,
Maxtra Cold Plus Tablet,Treatment of Common cold,
Meftal-Spas Drops,Treatment of Irritable bowel syndromeTreatment of Abdominal pain,
Minado 500 Tablet,Prevention of Migraine,
Mirago S 25 Combikit, Overactive bladder (OAB) symptoms,
Meftal-Spas Suspension,Treatment of Irritable bowel syndromeTreatment of Abdominal pain,
Maxiliv Injection, Liver  disease,
Momate-XL Cream,Treatment of Skin conditions with inflammation & itching,
Mucobenz Mouth Wash, Pain relief,
Mucaine Gel Mint Sugar Free,Treatment of AcidityTreatment of HeartburnTreatment of Stomach ulcers,
Metolar 50 Tablet,Treatment of Hypertension (high blood pressure)Treatment of Angina (heart-related chest pain)Treatment of ArrhythmiaPrevention of Heart attackPrevention of Migraine,
Migon Plus Tablet,Prevention of Migraine,
Metasone Cream,Treatment of Skin conditions with inflammation & itching,
Montair 4mg Chewable Tablet,Treatment of Sneezing and runny nose due to allergies,
Motivyst Tablet,Treatment of Type 2 diabetes mellitus,
Macpred 4 Tablet,Treatment of Rheumatic disorderTreatment of Systemic lupus erythematosus (SLE)Treatment of Allergic conditionsTreatment of Eye disordersTreatment of Skin disorders,
Macpod 50 Oral Suspension,Treatment of Bacterial infections,
Mildfil Tablet,Treatment of Erectile dysfunction,
Moxiblu LX Eye Drop,Treatment of Eye infection with inflammation,
Myosone Tablet, Muscle relaxation,
Mahacort DZ 6 Tablet,Treatment of Inflammatory conditionsTreatment of Autoimmune conditionsTreatment of Cancer,
Myotop-DSR Tablet, Pain due to muscle spasm,
Monocef-O CV Dry Syrup,Treatment of Respiratory tract infection,
Mpx-CV 625 Tablet,Treatment of Bacterial infections,
Met XL AM 50/5 Tablet,Treatment of Hypertension (high blood pressure),
Metapro -XL 25 Tablet,Treatment of Hypertension (high blood pressure)Treatment of Angina (heart-related chest pain)Treatment of ArrhythmiaPrevention of Heart attackPrevention of Migraine,
Miontizee-L Tablet,Treatment of Sneezing and runny nose due to allergiesTreatment of Hay feverTreatment of Allergic skin conditions,
Monocef 2gm Injection,Treatment of Bacterial infections,
Mega-CV Forte 457mg Dry Syrup,Treatment of Resistant Tuberculosis (TB)Treatment of Bacterial infections,
Myfortic 360mg Tablet, Prevention of organ rejection in transplant patients,
Mycoderm-C Dusting Powder,Treatment of Fungal skin infections,
Mext 7.5 F Combipack, Rheumatoid arthritis,
Moxisurge-L Opthalmic Suspension,Treatment of Eye infection with inflammation,
Metmin 500mg Tablet,Treatment of Type 2 diabetes mellitus,
MMF -S Tablet, Prevention of organ rejection in transplant patients,
Met-Innovfol Tablet, Polycystic ovarian syndrome (PCOS),
Monadine Tablet,Treatment of Sneezing and runny nose due to allergies,
Momate S Ointment, Eczema Psoriasis,
Morease Tablet,Treatment of Irritable bowel syndrome,
Mesacol Suppository,Treatment of Ulcerative colitis,
Metapro-XL 50 Tablet,Treatment of Hypertension (high blood pressure)Treatment of Angina (heart-related chest pain)Treatment of ArrhythmiaPrevention of Heart attackPrevention of Migraine,
Myoset Capsule SR, Muscle relaxation,
Mycept 500 Tablet, Prevention of organ rejection in transplant patients,
Minoz ER 65 Tablet,Treatment of Bacterial infectionsTreatment of Acne,
Metolar XR 12.5 Capsule,Treatment of Hypertension (high blood pressure)Treatment of Angina (heart-related chest pain)Treatment of ArrhythmiaPrevention of Heart attackPrevention of Migraine,
Megahenz 40 Tablet, Breast cancer Endometrial cancer,
MP 4mg Tablet,Treatment of Rheumatic disorderTreatment of Systemic lupus erythematosus (SLE)Treatment of Allergic conditionsTreatment of Eye disordersTreatment of Skin disorders,
Melbild Solution, Vitiligo,
Microcid Capsule, Pain relief,
Minoz-BPO Gel, Acne,
M-Sys Ointment,Treatment of Bacterial skin infections,
Misopt Eye Drop,Treatment of GlaucomaTreatment of Ocular hypertension,
Match 150mg Injection, Malaria,
M-Solvin Syrup Lime, Cough with mucus,
Macpred 8 Tablet,Treatment of Rheumatic disorderTreatment of Systemic lupus erythematosus (SLE)Treatment of Allergic conditionsTreatment of Eye disordersTreatment of Skin disorders,
Magadol Oral Suspension, Pain reliefTreatment of Fever,
Mirabig 25mg Tablet ER,Treatment of Overactive bladder (OAB) symptoms,
Macralfate-O Suspension Sugar Free,Treatment of AcidityTreatment of HeartburnTreatment of Stomach ulcers,
Mefkind-P Suspension, Pain relief,
Mirago S 50 Combikit, Overactive bladder (OAB) symptoms,
Mext 7.5 Tablet,Treatment of CancerTreatment of Rheumatoid arthritisTreatment of PsoriasisTreatment of Crohn’s disease,
Meftal-Spas Injection, Abdominal pain Irritable bowel syndrome,
Maxtra P  DS Syrup,Treatment of Common cold,
M-Solvin Tablet, Cough with mucus,
Mega-CV Drops,Treatment of Resistant Tuberculosis (TB)Treatment of Bacterial infections,
Minoz 50 Tablet,Treatment of Bacterial infectionsTreatment of Acne,
MX 2 Solution,Treatment of Hair loss,
Mariliv Oral Suspension, Fatty liver disease,
Moxclav DS Powder for Oral Suspension,Treatment of Resistant Tuberculosis (TB)Treatment of Bacterial infections,
Mefast 100 Suspension, Pain relief,
Mo-Floren 5ml Eye Drop,Treatment of Bacterial eye infections,
Morr Max 5% Serum,Treatment of Hair loss,
Montaz 500mg Injection, Bacterial infections,
Moxclav DS 457mg Tablet,Treatment of Resistant Tuberculosis (TB)Treatment of Bacterial infections,
Metagard CR 60 Tablet,Treatment of Angina (heart-related chest pain),
Morease- SR Capsule,Treatment of Irritable bowel syndrome,
Mucaine Gel Orange,Treatment of AcidityTreatment of HeartburnTreatment of Stomach ulcers,
Mazetol 100 Tablet, Epilepsy/Seizures Trigeminal neuralgia Diabetic nerve pain,
Mox Kid 250mg Tablet,Treatment of Bacterial infections,
Metrogyl Compound Plus  Tablet, Diarrhea,
Moisol-Z Eye Drops, Dry eyes,
Mucotab Tablet,Treatment of Paracetamol toxicity,
Mesahenz 1200 Tablet PR, Ulcerative colitis Crohn’s disease,
Maxgalin M 50 Capsule,Treatment of Neuropathic pain,
Matiz SR Capsule,Treatment of Irritable bowel syndrome,
Mlobe Eye Drop,Treatment of Bacterial eye infections,
Maxiflo 250 Rotacaps,Treatment of Chronic obstructive pulmonary disease (COPD),
Mesacol CR 1gm Granules, Ulcerative colitis Crohn’s disease,
Myhep All Tablet,Treatment of Chronic hepatitis C virus (HCV) infection,
Megatin DC Capsule,Treatment of Bacterial infections,
Mycofit 500 Tablet, Prevention of organ rejection in transplant patients,
Minirin 0.2mg Tablet, Diabetes insipidus Bed-wetting,
Mactor F Tablet,Treatment of High cholesterolPrevention of Heart attack,
Mahacef-Plus 100 Tablet,Treatment of Typhoid feverTreatment of Bacterial infections,
Megatas 50 Tablet ER,Treatment of Overactive bladder (OAB) symptoms,
Metadec 25 Injection,Treatment of Post menopausal osteoporosis,
Mesacol 800 Tablet DR, Ulcerative colitis Crohn’s disease,
Moxinow Tablet SR,Treatment of Bacterial infections,
Mobicam 20mg Tablet DT, Pain relief,
Metzok 25 Tablet PR,Treatment of Hypertension (high blood pressure)Treatment of Angina (heart-related chest pain)Treatment of ArrhythmiaPrevention of Heart attackPrevention of Migraine,
Milflox DF Eye Drop,Treatment of Bacterial eye infections,
Migon Tablet,Prevention of Migraine,
Mahacef Dry Syrup,Treatment of Bacterial infections,
Metasone F  Cream,Treatment of Skin conditions with inflammation & itching,
Mupivate Ointment,Treatment of Bacterial skin infections,
Met XL 12.5 Tablet,Treatment of Hypertension (high blood pressure)Treatment of Angina (heart-related chest pain)Treatment of ArrhythmiaPrevention of Heart attackPrevention of Migraine,
Macfast 650 Tablet, Pain reliefTreatment of Fever,
Montair Plus Tablet,Treatment of Asthma,
Mfsudif Cream,Treatment of Skin conditions with inflammation & itching,
Moxigram Eye Ointment,Treatment of Bacterial eye infections,
Mikacin 100mg Injection, Bacterial infections,
Mahacef OZ New Tablet,Treatment of Bacterial & parasitic infections,
Moxclav 375 Tablet,Treatment of Bacterial infections,
Mendate 10 Tablet CR,Treatment of Heavy menstrual bleedingTreatment of Pain during menstruationTreatment of EndometriosisTreatment of Premenstrual syndrome (PMS),
ME-Pxl Tablet,Treatment of Neuropathic pain,
M-Cin Tablet,Treatment of Bacterial eye infections,
Megamentin 625 Tablet,Treatment of Bacterial infections,
Moxisurge-D Eye Drop,Treatment of Bacterial eye infections,
Mirabet 25 Tablet ER,Treatment of Overactive bladder (OAB) symptoms,
Motilium M Tablet,Treatment of IndigestionTreatment of NauseaTreatment of Vomiting,
Macfast 500 Tablet, Pain reliefTreatment of Fever,
Moza MPS Chewable Tablet, Constipation Bloating,
Minirin Nasal Spray,Treatment of Diabetes insipidusTreatment of Bed-wetting,
Melapik  Ever New Cream, Melasma,
Mosi Eye Ointment,Treatment of Bacterial eye infections,
Mahacef-XL 200 New Tablet, Bacterial infections,
Mycofit-S 360 Tablet, Prevention of organ rejection in transplant patients,
Mox CV 375 Tablet,Treatment of Bacterial infections,
Moximac Tablet,Treatment of Bacterial eye infections,
Microcid-SR Capsule, Pain relief,
Melnor Cream,Treatment of Melasma,
Miofree 4 Capsule, Muscle relaxation,
Momoz Cream,Treatment of Skin conditions with inflammation & itching,
Moxiblu-LP Eye Drop,Treatment of Eye infection with inflammation,
Monticope Suspension,Treatment of Sneezing and runny nose due to allergiesTreatment of Hay feverTreatment of Allergic skin conditions,
Melano-TX OD Tablet SR,Treatment of Bleeding,
Mega-CV 375 Tablet,Treatment of Bacterial infections,
Myo Pyrolate Injection, Reversing the effects of certain drugs used during surgery,
MMS Cream,Treatment of Skin conditions with inflammation & itching,
Mactor ASP 75 Capsule,Treatment of Prevention of heart attack and stroke,
Moss Plus Eye Drop,Treatment of Dry eyes,
Mycept-S 360 Tablet, Prevention of organ rejection in transplant patients,
Metpure -XL 12.5 Tablet,Treatment of Hypertension (high blood pressure)Treatment of Angina (heart-related chest pain)Treatment of ArrhythmiaPrevention of Heart attackPrevention of StrokePrevention of Migraine,
Montaz 250mg Injection, Bacterial infections,
Marzon Tablet, Bacterial infections,
Meronem 500mg Injection, Severe bacterial infections,
Mixtard 50 HM 100IU/ml Penfill, Diabetes,
Mucoend 600mg Tablet Orange Sugar Free,Treatment of Paracetamol toxicity,
Macsart CH 40 Tablet, Hypertension (high blood pressure),
Macsart CC  Tablet, Hypertension (high blood pressure),
Macpod 100-DT Tablet,Treatment of Bacterial infections,
Moiz XL Cream, Dry Skin,
Mirabig 50mg Tablet ER,Treatment of Overactive bladder (OAB) symptoms,
Megahenz 160mg Tablet, Breast cancer Endometrial cancer,
Mahacef 100mg Tablet,Treatment of Bacterial infections,
Micronac PF Eye Drop,Treatment of Post-operative eye pain and inflammation,
Metsmall 1000 Tablet SR,Treatment of Type 2 diabetes mellitus,
Macgest SR 200 Tablet, Hormone replacement therapyTreatment of Female infertility,
Metgem 500 Tablet ER,Treatment of Type 2 diabetes mellitus,
Mucotab ET Tablet Orange Sugar Free,Treatment of Paracetamol toxicity,
Mox Drops Redimix,Treatment of Peptic ulcer diseaseTreatment of Bacterial infections,
Metzok 50 Tablet PR,Treatment of Hypertension (high blood pressure)Treatment of Angina (heart-related chest pain)Treatment of ArrhythmiaPrevention of Heart attackPrevention of Migraine,
Magadol 50mg/325mg Tablet, Pain relief,
Minopep 5% Solution,Treatment of Hair loss,
Methimez 5 Tablet, Hyperthyroidism,
Minirin Melt 60mcg Tablet MD, Diabetes insipidus Bed-wetting,
Mintop Yuva Solution,Treatment of Hair loss,
Mupimet Ointment,Treatment of Bacterial skin infections,
Mucinac 20% Injection,Treatment of Paracetamol toxicity,
Myospas TH 4 Capsule, Pain due to muscle spasm,
Macgest SR 300 Tablet, Hormone replacement therapyTreatment of Female infertility,
Merocrit 1gm Injection, Severe bacterial infections,
Montair 5mg Chewable Tablet Strawberry,Prevention of AsthmaTreatment of Sneezing and runny nose due to allergies,
Macsart H Tablet,Treatment of Hypertension (high blood pressure),
Morr 2% Solution,Treatment of Hair loss,
Moxam 400 Tablet,Treatment of Bacterial eye infections,
Meb SR Capsule,Treatment of Irritable bowel syndrome,
Melalite 15 Cream,Treatment of Hyperpigmentation,
Montegress-XL Tablet SR,Treatment of Respiratory tract disorders associated with viscid mucus,
Mucinac 200 Effervescent Tablet Sugar Free,Treatment of Paracetamol toxicity,
Mupisoft Ointment,Treatment of Bacterial skin infections,
Malidens 650 Tablet, Pain reliefTreatment of Fever,
Motinorm DT 10mg Tablet,Treatment of IndigestionTreatment of NauseaTreatment of Vomiting,
Maintane 250 Injection,Prevention of Premature Labor,
Mactor 10 Tablet, High cholesterolPrevention of Heart attack,
Macgest 200 Capsule, Hormone replacement therapyTreatment of Female infertility,
Mofloren KT Eye Drop,Treatment of Bacterial eye infections,
Mahacef Drop,Treatment of Bacterial infections,
Monotrate SR 30 Tablet,Prevention of Angina (heart-related chest pain),
Magneon 50% Injection, Seizures in pregnant women with high blood pressure Decreased magnesium levels in blood,
Melapik Plus Cream, Melasma,
Matilda PG  ER Tablet,Treatment of Neuropathic pain,
Meganano Gel,Prevention of Infections,
Maxgalin 150 Capsule,Treatment of Neuropathic painTreatment of Epilepsy/SeizuresTreatment of Fibromyalgia,
Megavog 0.3 Tablet MD,Treatment of Type 2 diabetes mellitus,
Morr 10% Solution,Treatment of Hair loss,
Minilactone Tablet,Treatment of Edema,
Moxiforce-CV 375 Tablet,Treatment of Bacterial infections,
Mirakem 50mg Tablet,Treatment of Overactive bladder (OAB) symptoms,
Microgest 200mg Softgel Capsule, Hormone replacement therapyTreatment of Female infertility,
Mibeta SR 40 Tablet,Treatment of PheochromocytomaTreatment of Hypertension (high blood pressure) Prevention of migraineTreatment of AnxietyTreatment of ArrhythmiaPrevention of Heart attackPrevention of Angina (heart-related chest pain)Treatment of Tremors,
Macitent 10mg Tablet, Pulmonary arterial hypertension (PAH),
Mixtard 30 Suspension for Injection 100IU/ml, Diabetes,
Mikacin 250mg Injection, Bacterial infections,
Moxikind-CV 1gm Tablet,Treatment of Bacterial infections,
Met XL R 25mg/2.5mg Tablet, Hypertension (high blood pressure),
Moxifax Eye Drop,Treatment of Bacterial eye infections,
Mosi-DX Eye Drop,Treatment of Bacterial eye infections,
Macpred 16 Tablet,Treatment of Rheumatic disorderTreatment of Systemic lupus erythematosus (SLE)Treatment of Allergic conditionsTreatment of Eye disordersTreatment of Skin disorders,
Myface Gel,Treatment of Acne,
Metocard XL 12.5 Tablet,Treatment of Hypertension (high blood pressure)Treatment of Angina (heart-related chest pain)Treatment of ArrhythmiaPrevention of Heart attackPrevention of Migraine,
Mycolon SR Capsule,Treatment of Irritable bowel syndrome,
Macsart Beta 50 Tablet ER,Treatment of Hypertension (high blood pressure),
Medrogest 10mg Tablet,Treatment of AmenorrheaTreatment of Abnormal uterine bleedingTreatment of Endometriosis,
Moxikem 500mg Capsule,Treatment of Bacterial infections,
Metasone Plus Cream,Treatment of Melasma,
Micogel F Ointment,Treatment of Fungal skin infections,
MX 10 Topical Solution,Treatment of Hair loss,
Megatas 25 Tablet ER,Treatment of Overactive bladder (OAB) symptoms,
Megazolid 100 Dry Syrup,Treatment of Resistant Tuberculosis (TB)Treatment of Severe bacterial infections,
Mirena Intrauterine Delivery System, Contraception Heavy menstrual bleeding,
Macralfate Suspension Sugar Free,Treatment of Intestinal ulcersTreatment of Stomach ulcers,
Metolar 1mg Injection,Treatment of Hypertensive emergencyTreatment of Hypertension (high blood pressure)Treatment of Angina (heart-related chest pain)Treatment of ArrhythmiaPrevention of Heart attackTreatment of Migraine,
Myestin 60mg Tablet,Treatment of Myasthenia gravisTreatment of Paralytic ileusTreatment of Post-operative urinary retention,
Microvir 500 Tablet, Herpes labialis Herpes Simplex Virus Infections Shingles Genital herpes infection,
Moxiforce-CV Dry Syrup,Treatment of Resistance Tuberculosis (TB)Treatment of Bacterial infections,
Medomol 500mg Tablet, Pain reliefTreatment of Fever,
Metocard AM  Tablet PR,Treatment of Hypertension (high blood pressure),
Melboost 5mg Solution, Vitiligo,
Melgain Lotion, Vitiligo,
ME-PR Capsule,Treatment of Neuropathic pain,
Maxigla Soft Gelatin Capsule, Nutritional deficiencies,
Montas-L,Treatment of Sneezing and runny nose due to allergiesTreatment of Hay feverTreatment of Allergic skin conditions,
Megaburn Capsule, Obesity,
Mymi Plus Capsule,Treatment of Neuropathic pain,
Mesacol Enema,Treatment of Ulcerative colitis,
MTnL Tablet,Treatment of Sneezing and runny nose due to allergiesTreatment of Hay feverTreatment of Allergic skin conditions,
Metpure-AM 5  Tablet MR,Treatment of Hypertension (high blood pressure),
Melgain Lotion, Vitiligo,
Macphylline Capsule,Treatment of AsthmaTreatment of BronchitisTreatment of Chronic obstructive pulmonary disease (COPD),
Metolar AM  50 Tablet,Treatment of Hypertension (high blood pressure),
Mylamin Plus Injection,Treatment of Nutritional deficiencies,
Monocef 250mg Injection,Treatment of Bacterial infections,
Mifenti Vaginal Capsule, Fungal infections of vagina,
Mucyst Injection,Treatment of Paracetamol toxicity,
Mecoblend-PSR Tablet,Treatment of Neuropathic pain,
Melmet 1000 SR Tablet,Treatment of Type 2 diabetes mellitus,
Macflox Tablet,Treatment of Bacterial eye infections,
Montemac-FX Suspension,Treatment of Sneezing and runny nose due to allergies,
Mecobion-NP Tablet SR,Treatment of Neuropathic pain,
Maxogest Tablet,Treatment of AmenorrheaTreatment of Abnormal uterine bleedingTreatment of Endometriosis,
Martifur MR 50mg Tablet,Treatment of Bacterial infections of urinary tract,
Magnatuss A Syrup, Cough with mucus,
Mprol 25mg Tablet,Treatment of Hypertension (high blood pressure)Treatment of Angina (heart-related chest pain)Treatment of ArrhythmiaPrevention of Heart attackPrevention of Migraine,
Montemac A Tablet,Treatment and prevention of Chronic obstructive pulmonary disease (COPD)Treatment of Sneezing and runny nose due to allergies,
Momoz F Ointment,Treatment of Skin conditions with inflammation & itching,
Moxon 0.3 Tablet, Hypertension (high blood pressure),
Megagliptin Tablet,Treatment of Type 2 diabetes mellitus,
Mero 500mg Injection, Severe bacterial infections,
Mirumigest Tablet,Treatment of pelvic pain associated with Endometriosis,
MO 4 Eye Drop,Treatment of Bacterial eye infections,
Myotan 40 Tablet, Hypertension (high blood pressure) Heart failure Prevention of heart attack and stroke,
Metpure-Tel 40 Tablet MR,Treatment of Hypertension (high blood pressure),
Melanorm Cream, Melasma,
Monit GTN 6.4 Tablet CR,Treatment of Angina (heart-related chest pain),
Myospaz D Tablet,Treatment of Pain due to muscle spasm,
Misty Fresh Eye Drop,Treatment of Dry eyes,
Moxifax P Eye Drop,Treatment of Bacterial infections,
Minoz ER 45 Tablet,Treatment of Bacterial infectionsTreatment of Acne,
Migranex 5 Tablet,Prevention of Migraine,
Mariliv Drop, Fatty liver disease,
Megapen 500mg Injection,Treatment of Bacterial infections,
Myelogen PG 75 Tablet SR, Neuropathic pain,
Macsart Beta 25 Tablet ER,Treatment of Hypertension (high blood pressure),
Mibeta SR 40 Tablet,Treatment of PheochromocytomaTreatment of Hypertension (high blood pressure) Prevention of migraineTreatment of AnxietyTreatment of ArrhythmiaPrevention of Heart attackPrevention of Angina (heart-related chest pain)Treatment of Tremors,
Malirid 7.5mg Tablet, Malaria,
Montemac 10 Tablet,Prevention of Asthma,
MFC-LT Eye Drop,Treatment of Eye infection with inflammation,
Megagliptin MF Tablet PR,Treatment of Type 2 diabetes mellitus,
Muciday Tablet SR,Treatment and prevention of Chronic obstructive pulmonary disease (COPD)Treatment of Sneezing and runny nose due to allergies,
Mabura 40mg Injection, Ankylosing spondylitis Rheumatoid arthritis Psoriasis Ulcerative colitis Crohn’s disease,
Myoset-D 150mg/100mg Capsule SR, Pain due to muscle spasm,
Macfast 250 Oral Suspension, Pain reliefTreatment of Fever,
Mupimesh Ointment,Treatment of Bacterial skin infections,
Mazetol 400 Tablet, Epilepsy/Seizures Trigeminal neuralgia Diabetic nerve pain,
Meftagesic P  50mg/125mg Tablet DT, Pain reliefTreatment of Fever,
Minoxy 5% Solution,Treatment of Hair loss,
Modlip-Asg 20 Capsule,Treatment of Prevention of heart attack and stroke,
Mofecon 500 Tablet, Prevention of organ rejection in transplant patients,
Malidens 500 Tablet, Pain reliefTreatment of Fever,
Mext 10 Tablet,Treatment of CancerTreatment of Rheumatoid arthritisTreatment of PsoriasisTreatment of Crohn’s disease,
Morease-I Granules, Irritable bowel syndrome,
Mesalo Foam,Treatment of Ulcerative colitis,
Mofilet 500 Tablet, Prevention of organ rejection in transplant patients,
Metpure-AM 2.5 Tablet,Treatment of Hypertension (high blood pressure),
Macsart 20 Tablet,Treatment of Hypertension (high blood pressure) Prevention of heart attack and strokeTreatment of Heart failure,
Metride 2 Tablet PR,Treatment of Type 2 diabetes mellitus,
Montemac-L Kid  Tablet DT,Treatment of Sneezing and runny nose due to allergiesTreatment of Hay feverTreatment of Allergic skin conditions,
Megacid Syrup, Acidity Stomach ulcers Bloating,
Metolar TL 25 Tablet,Treatment of Hypertension (high blood pressure),
Metocard XL 75 Tablet,Treatment of Hypertension (high blood pressure)Treatment of Angina (heart-related chest pain)Treatment of ArrhythmiaPrevention of Heart attackPrevention of Migraine,
Metride 1 Tablet PR,Treatment of Type 2 diabetes mellitus,
Menopur Injection, Female infertility Male hypogonadism Male infertility,
Moxocard 0.3 Tablet, Hypertension (high blood pressure),
Maxiflo 125 Inhaler,Treatment of Chronic obstructive pulmonary disease (COPD),
Monoguard Cream,Treatment of Fungal skin infectionsTreatment of Fungal infections,
Macsart CL 10mg/40mg Tablet,Treatment of Hypertension (high blood pressure),
Mext 15 Tablet,Treatment of CancerTreatment of Rheumatoid arthritisTreatment of PsoriasisTreatment of Crohn’s disease,
Muscoflex Tablet, Pain relief,
Metadoze-IPR 850  Tablet SR,Treatment of Type 2 diabetes mellitus,
MDD XR 25 Tablet, Depression,
Metabol 25 Injection,Treatment of Post menopausal osteoporosis,
Momoz T Cream,Treatment of Fungal skin infections,
Modlip 10 Tablet, High cholesterolPrevention of Heart attack,
Misty Soft Eye Drop,Treatment of Dry eyes,
Monotax 1000mg Injection,Treatment of Bacterial infections,
Minolox 100 Tablet,Treatment of Bacterial infectionsTreatment of Acne,
Milixim-M 400mg/400mg Tablet SR,Treatment of Bacterial infections,
Magnova 1000 mg/125 mg Injection, Bacterial infections,
Monet LC 5mg/10mg Tablet,Treatment of Sneezing and runny nose due to allergiesTreatment of Hay feverTreatment of Allergic skin conditions,
Miofree 8mg Capsule, Muscle relaxation,
Montegress FX 10mg/120mg Tablet,Treatment of Sneezing and runny nose due to allergies,
Mac Rabonik Plus Capsule SR,Treatment of Gastroesophageal reflux disease (Acid reflux)Treatment of Intestinal ulcersTreatment of Irritable bowel syndrome,
Migarid 10 Tablet,Prevention of Migraine,
Miofree A 8mg Tablet,Treatment of Pain due to muscle spasm,
Minesse Tablet, Contraception,
Myotry Pediatric Eye Drop,Treatment of Myopia,
Minym ER 65 Tablet,Treatment of Bacterial infectionsTreatment of Acne,
Metopole 25 XL Tablet,Treatment of Hypertension (high blood pressure)Treatment of Angina (heart-related chest pain)Treatment of ArrhythmiaPrevention of Heart attackPrevention of Migraine,
Moxivail Eye Drop,Treatment of Bacterial eye infections,
Mixbiotic-AC Ear Drop,Treatment of Ear infection,
Mirbeg-S 25 Combo Pack, Overactive bladder (OAB) symptoms,
Misty Gel,Treatment of Dry eyes,
Maclar 500 Tablet,Treatment of Bacterial infections,
Miprogen 400 Soft Gelatin Capsule, Hormone replacement therapyTreatment of Female infertility,
Metoder 50mg Tablet XL,Treatment of Hypertension (high blood pressure)Treatment of Angina (heart-related chest pain)Treatment of ArrhythmiaPrevention of Heart attackPrevention of Migraine,
Motimesh Cream,Treatment of Skin conditions with inflammation & itching,
Metadoze-IPR 500 Tablet SR,Treatment of Type 2 diabetes mellitus,
Momtas Cream,Treatment of Skin conditions with inflammation & itching,
Mesalo OD Tablet, Ulcerative colitis Crohn’s disease,
Migiplex 40mg/10mg Tablet,Prevention of Migraine,
MO 4 KT Eye Drops,Treatment of Bacterial eye infections,
Minolox 50 Tablet,Treatment of Bacterial infectionsTreatment of Acne,
Mibeta-Plus 10 Tablet SR,Prevention of Migraine,
Monzap-LC Tablet,Treatment of Sneezing and runny nose due to allergiesTreatment of Hay feverTreatment of Allergic skin conditions,
Mucaryl Tablet Orange Sugar Free,Treatment of Paracetamol toxicity,
Maxoza Powder, Male infertility,
Minado Tablet,Prevention of Migraine,
Monit 10 Tablet,Prevention of Angina (heart-related chest pain),
Mycoclear 100 Capsule,Treatment of Fungal infections,
Mprol AM 5mg/50mg Tablet,Treatment of Hypertension (high blood pressure),
Metmin-A Tablet,Treatment of Type 2 diabetes mellitus,
Mupi-XL Ointment,Treatment of Bacterial skin infections,
Mesacol CR 2gm Granules, Ulcerative colitis Crohn’s disease,
Moxicip Infusion,Treatment of Bacterial eye infections,
Mlobe Eye Ointment,Treatment of Bacterial eye infections,
Melanorm-HC Cream, Melasma,
Moxclav 1gm Tablet,Treatment of Bacterial infections,
Maxbrim Eye Drop,Treatment of Glaucoma,
Medkin AD Shampoo,Treatment of Dandruff,
Monoguard Sertaconazole &amp; Zinc Pyrithione Shampoo | Fights Dandruff,Treatment of Dandruff,
Minirin Melt 120mcg Tablet, Diabetes insipidus Bed-wetting,
Minosilk 5 Topical Solution,Treatment of Hair loss,
Mupinase Ointment,Treatment of Bacterial skin infections,
Maxgalin ER 100 Tablet,Treatment of Neuropathic painTreatment of Epilepsy/SeizuresTreatment of Fibromyalgia,
Maxvoid 4mg Tablet,Treatment of Benign prostatic hyperplasia,
Mega-CV 228.5mg Dry Syrup,Treatment of Resistance Tuberculosis (TB)Treatment of Bacterial infections,
Metol XL 50 tablet,Treatment of Hypertension (high blood pressure)Treatment of Angina (heart-related chest pain)Treatment of ArrhythmiaPrevention of Heart attackPrevention of Migraine,
Mactor 20 Tablet, High cholesterolPrevention of Heart attack,
Metolar TL 50 Tablet,Treatment of Hypertension (high blood pressure),
Marzon Duo Tablet, Bacterial infections,
Mgr 10mg Tablet,Prevention of Migraine,
Morr 3% Solution,Treatment of Hair loss,
Miprogen 200 Soft Gelatin Capsule, Hormone replacement therapyTreatment of Female infertility,
MHG Lotion, Vitiligo,
Mexate 7.5 Tablet,Treatment of CancerTreatment of Rheumatoid arthritisTreatment of PsoriasisTreatment of Crohn’s disease,
Melmet 500 Tablet,Treatment of Type 2 diabetes mellitus,
Methypreg Tablet,Treatment of Neuropathic pain,
Migrof 10 Capsule,Prevention of Migraine,
Metffil G1 Tablet,Treatment of Type 2 diabetes mellitus,
Moxtif LP Ophthalmic Suspension,Treatment of Eye infection with inflammation,
Maclar 250 Tablet,Treatment of Bacterial infections,
Melbild Solution, Vitiligo,
Mefomin 500 SR Tablet,Treatment of Type 2 diabetes mellitus,
Mighty Mox-LP Eye drop,Treatment of Eye infection with inflammation,
Mepresso D 40mg Injection,Treatment of Rheumatic disorderTreatment of Systemic lupus erythematosus (SLE)Treatment of Allergic conditionsTreatment of Eye disordersTreatment of Skin disorders,
Maxstine Tablet,Treatment of Allergic conditions,
Moza Plus Capsule SR, Gastroesophageal reflux disease (Acid reflux) Peptic ulcer disease,
Montefex Tablet,Treatment of Sneezing and runny nose due to allergies,
Metolar AM  25 Tablet,Treatment of Hypertension (high blood pressure),
Montu 10mg Tablet,Prevention of Asthma,
Metomac 50 Tablet ER,Treatment of Hypertension (high blood pressure)Treatment of Angina (heart-related chest pain)Treatment of ArrhythmiaPrevention of Heart attackPrevention of Migraine,
Minotas 65mg Tablet ER,Treatment of Bacterial infectionsTreatment of Acne,
Metpure H Tablet, Hypertension (high blood pressure),
Monotrate OD 25 Tablet PR,Prevention of Angina (heart-related chest pain),
Megavog 0.2 Tablet MD,Treatment of Type 2 diabetes mellitus,
Mefomin GZ  80 Tablet SR,Treatment of Type 2 diabetes mellitus,
Mycoclin Cream,Treatment of Fungal skin infectionsTreatment of Fungal infections,
Microgest 100mg Softgel Capsule, Hormone replacement therapyTreatment of Female infertility,
Melbild-XL Solution, Vitiligo,
Monolosin DFT Tablet,Treatment of Kidney stone,
Mefast P Suspension, Pain reliefTreatment of Fever,
Moxon 0.2mg Tablet, Hypertension (high blood pressure),
Mozep 2 Tablet,Treatment of Schizophrenia,
Meflotas Tablet, Malaria,
Mosart-OD Tablet, Ulcerative colitis Crohn’s disease,
Mucaryl LS Syrup,Treatment of Cough with mucus,
Mesahenz 800 Tablet, Ulcerative colitis Crohn’s disease,
Metlong 500 Tablet SR,Treatment of Type 2 diabetes mellitus,
MY 360 Tablet, Prevention of organ rejection in transplant patients,
Methimercazole 10 Tablet, Hyperthyroidism,
Mupitret Cream,Treatment of Bacterial skin infections,
Mone Cream,Treatment of Skin conditions with inflammation & itching,
Morr 12.5% Solution,Treatment of Hair loss,
Melanorm-MS Cream,Treatment of Melasma,
Maxgalin ER 150 Tablet,Treatment of Neuropathic painTreatment of Epilepsy/SeizuresTreatment of Fibromyalgia,
Maxolid Tablet,Treatment of Severe bacterial infections,
Microcef-CV 50 Dry Syrup,Treatment of Respiratory tract infection,
Materna Hmg 150i.u Injection, Female infertility Male hypogonadism Male infertility,
Moxcent 0.3 Tablet, Hypertension (high blood pressure),
Momate Ointment,Treatment of Skin conditions with inflammation & itching,
Metolar XR 100 Capsule,Treatment of Hypertension (high blood pressure)Treatment of Angina (heart-related chest pain)Treatment of ArrhythmiaPrevention of Heart attackPrevention of Migraine,
Methonac Tablet,Treatment of Paracetamol toxicity,
Momesone-T Cream,Treatment of Fungal skin infections,
Mopaday Forte Tablet ER,Treatment of Type 2 diabetes mellitus,
Mitraa 200mg Capsule,Treatment of Fungal infections,
Macpril 5 Tablet,Treatment of Hypertension (high blood pressure) Prevention of heart attack and strokeTreatment of Heart failure,
Migrest Solo Tablet,Prevention of Migraine,
Maxiflo Forte Rotacap,Treatment of Chronic obstructive pulmonary disease (COPD),
Met Stamlo Capsule ER,Treatment of Hypertension (high blood pressure),
Microvir 250 Tablet, Herpes labialis Herpes Simplex Virus Infections Shingles Genital herpes infection,
Mega-CV Kid  Tablet DT,Treatment of Resistance Tuberculosis (TB)Treatment of Bacterial infections,
Mtaz Cream,Treatment of Skin conditions with inflammation & itching,
Merrobe 1000mg Injection, Severe bacterial infections,
Maxvoid Plus 4mg/0.5mg Tablet,Treatment of Benign prostatic hyperplasia,
Morr F 5% Solution (60ml) Therapy Compliance Pack,Treatment of Hair loss,
Minonil ER 65 Tablet,Treatment of Bacterial infectionsTreatment of Acne,
Mesacol CR 500mg Tablet, Ulcerative colitis Crohn’s disease,
Myospas F Tablet, Pain due to muscle spasm,
Moss Fresh Gel Eye Drop,Treatment of Dry eyes,
Myotan CT 40/12.5 Tablet, Hypertension (high blood pressure),
Morr 7.5% Solution,Treatment of Hair loss,
Momesone Cream,Treatment of Skin conditions with inflammation & itching,
Meltor 10 Tablet,Treatment of Hypertension (high blood pressure)Treatment of Edema,
Metafort 500 Tablet SR,Treatment of Type 2 diabetes mellitus,
Montek 5 Chewable Tablet,Prevention of AsthmaTreatment of Sneezing and runny nose due to allergies,
Macphylline SR 200 Tablet,Treatment of AsthmaTreatment of BronchitisTreatment of Chronic obstructive pulmonary disease (COPD),
Milixim 100 DS Dry Syrup,Treatment of Bacterial infections,
Migarid 5 Tablet,Prevention of Migraine,
Mendate 15 Tablet CR,Treatment of Heavy menstrual bleedingTreatment of Pain during menstruationTreatment of EndometriosisTreatment of Premenstrual syndrome (PMS),
Mycomune-S 360 Tablet, Prevention of organ rejection in transplant patients,
Modlip 20 Tablet, High cholesterolPrevention of Heart attack,
Met XL H 50 Tablet, Hypertension (high blood pressure),
Monovisc 88mg Injection,Treatment of Osteoarthritis,
Metzok 12.5 Tablet PR,Treatment of Hypertension (high blood pressure)Treatment of Angina (heart-related chest pain)Treatment of ArrhythmiaPrevention of Heart attackPrevention of Migraine,
Moxigood Tablet,Treatment of Bacterial eye infections,
Minokem-N 2% Solution, Hair loss,
Minopep Eva Topical Solution,Treatment of Hair loss,
Myonit SR 6.4 Tablet,Treatment of Angina (heart-related chest pain),
Miprogen 300mg Tablet SR, Hormone replacement therapyTreatment of Female infertility,
Maxformin 750 Tablet PR,Treatment of Type 2 diabetes mellitus,
Melaroc Tablet,Treatment of Nutritional deficiencies,
Medace Tablet,Treatment of AmenorrheaTreatment of Abnormal uterine bleedingTreatment of Endometriosis,
Myoprol XL 50 Tablet,Treatment of Hypertension (high blood pressure)Treatment of Angina (heart-related chest pain)Treatment of ArrhythmiaPrevention of Heart attackPrevention of Migraine,
Mankind's Ring-Out Dusting Powder,Treatment of Fungal skin infections,
Metafolate Tablet, Polycystic ovarian syndrome (PCOS),
Mo-Floren Eye Ointment,Treatment of Bacterial eye infections,
Mycoclin B Cream, Skin infections,
Melanorm-F Cream, Melasma,
Mucomix Injection,Treatment of Paracetamol toxicity,
Miliclav Tablet,Treatment of Bacterial infections,
Minoqilib 5% Solution,Treatment of Hair loss,
Minscalp 5% Solution,Treatment of Hair loss,
Moxigram Tablet,Treatment of Bacterial eye infections,
Mibeta 20mg Tablet,Treatment of PheochromocytomaTreatment of Hypertension (high blood pressure) Prevention of migraineTreatment of AnxietyTreatment of ArrhythmiaPrevention of Heart attackPrevention of Angina (heart-related chest pain)Treatment of Tremors,
Montegress LC 5mg/10mg Tablet,Treatment of Sneezing and runny nose due to allergiesTreatment of Hay feverTreatment of Allergic skin conditions,
MS 240 Capsule DR, Multiple sclerosis (MS),
Mydrat-J Eye Drop,Treatment of Myopia,
Montina-L Syrup,Treatment of Sneezing and runny nose due to allergiesTreatment of Hay feverTreatment of Allergic skin conditions,
MP 8mg Tablet,Treatment of Rheumatic disorderTreatment of Systemic lupus erythematosus (SLE)Treatment of Allergic conditionsTreatment of Eye disordersTreatment of Skin disorders,
Metaglez Forte Tablet,Treatment of Type 2 diabetes mellitus,
MCM Gel Eye Drop,Treatment of Dry eyes,
Meganano Gel,Prevention of Infections,
Myfortic 180mg Tablet, Prevention of organ rejection in transplant patients,
Metride Plus 2 Tablet SR,Treatment of Type 2 diabetes mellitus,
Mutop Ointment,Treatment of Bacterial skin infections,
Mflotas LP Eye Drop,Treatment of Eye infection with inflammation,
Maxtra-O Nasal Spray, Nasal congestion (blocked nose),
Maxiflo 100 Rotacap,Treatment of Chronic obstructive pulmonary disease (COPD),
Monit 60-SR Tablet,Prevention of Angina (heart-related chest pain),
Monit 60-SR Tablet,Prevention of Angina (heart-related chest pain),
Modin 5 Tablet, Parkinson's disease Drug induced abnormal movements,
Moxocard 0.2 Tablet, Hypertension (high blood pressure),
Michelle -SR Tablet, Hormone replacement therapy Female infertility,
Mazetol SR 300 Tablet, Epilepsy/Seizures Trigeminal neuralgia Diabetic nerve pain,
Microgest SR 200 Tablet, Hormone replacement therapyTreatment of Female infertility,
Merislon 6 Tablet,Treatment of Meniere's disease,
Macgest 200mg Injection, Hormone replacement therapyTreatment of Female infertility,
Macfast 125 Oral Suspension, Pain reliefTreatment of Fever,
Metacortil  Cream,Treatment of Skin conditions with inflammation & itching,
Mupinase Cream,Treatment of Bacterial skin infections,
Metapro 25 Tablet,Treatment of Hypertension (high blood pressure)Treatment of Angina (heart-related chest pain)Treatment of ArrhythmiaPrevention of Heart attackPrevention of Migraine,
Mlobe-PD Eye Drop,Treatment of Bacterial infections,
Myofest Tablet, Nutritional deficiencies,
Mycept 250 Capsule, Prevention of organ rejection in transplant patients,
Momefit Nasal Spray,Treatment and prevention of Sneezing and runny nose due to allergiesTreatment of Nasal congestion (blocked nose)Treatment of Nasal polyps,
Mibcal Soft Gelatin Capsule, Nutritional deficiencies,
Monoguard-B Cream, Skin infections,
Metonce 25mg Tablet PR,Treatment of Hypertension (high blood pressure)Treatment of Angina (heart-related chest pain)Treatment of ArrhythmiaPrevention of Heart attackPrevention of Migraine,
Mycoclin Shampoo,Treatment of Dandruff,
Momoz S Ointment, Eczema Psoriasis,
Meslo 1200 Tablet PR, Ulcerative colitis Crohn’s disease,
Metpure-H 50 Tablet, Hypertension (high blood pressure),
Montek Plus Tablet,Treatment of Asthma,
Minokem 5% Spray,Treatment of Hair loss,
Mucocoat-O Suspension Sugar Free,Treatment of AcidityTreatment of HeartburnTreatment of Stomach ulcers,
Myophage Tablet SR,Treatment of Polycystic ovarian syndrome (PCOS),
Metgem 1gm Tablet ER,Treatment of Type 2 diabetes mellitus,
Montemac Plus Tablet,Treatment of Asthma,
Minscalp 5% Gel (30gm Each) Gel,Treatment of Hair loss,
Monoguard Cream,Treatment of Fungal skin infectionsTreatment of Fungal infections,
Mylimus 0.1% Ointment,Treatment of Atopic dermatitis,
Momben-F Cream,Treatment of Skin conditions with inflammation & itching,
Mytiflam Tablet, Pain relief,
Montelo LC Tablet,Treatment of Sneezing and runny nose due to allergiesTreatment of Hay feverTreatment of Allergic skin conditions,
Monzem LC Tablet,Treatment of Sneezing and runny nose due to allergiesTreatment of Hay feverTreatment of Allergic skin conditions,
Metromax-XL 50 Tablet,Treatment of Hypertension (high blood pressure)Treatment of Angina (heart-related chest pain)Treatment of ArrhythmiaPrevention of Heart attackPrevention of Migraine,
Methimercazole 5 Tablet, Hyperthyroidism,
Meganerv G 300mg/500mcg Tablet,Treatment of Neuropathic pain,
Momenta 50mcg Nasal Spray,Treatment and prevention of Sneezing and runny nose due to allergiesTreatment of Nasal congestion (blocked nose)Treatment of Nasal polyps,
Mirator 0.25 Tablet, Parkinson's disease Restless leg syndrome,
MR Met 500mg Tablet,Treatment of Type 2 diabetes mellitus,
Magnatuss-DX Syrup Sugar Free,Treatment of Dry cough,
Metozaar XL 50 Tablet,Treatment of Hypertension (high blood pressure)Treatment of Angina (heart-related chest pain)Treatment of ArrhythmiaPrevention of Heart attackPrevention of Migraine,
Maxpride 50 Tablet, Schizophrenia,
Monit GTN 2.6 Tablet CR,Treatment of Angina (heart-related chest pain),
Merotrol 500mg Injection, Severe bacterial infections,
Minotreat 5% Lotion,Treatment of Hair loss,
Metasone S Ointment, Eczema Psoriasis,
Medomol Drop, Pain reliefTreatment of Fever,
Minotas 45mg Tablet ER,Treatment of Bacterial infectionsTreatment of Acne,
Metopole-AM 5mg/50mg Tablet,Treatment of Hypertension (high blood pressure),
Makair Tablet,Treatment of Sneezing and runny nose due to allergiesTreatment of Hay feverTreatment of Allergic skin conditions,
Minscalp 10% Topical Solution,Treatment of Hair loss,
Merimol 650mg Tablet DT, Pain reliefTreatment of Fever,
Minolast 10 Tablet,Treatment of Sneezing and runny nose due to allergiesTreatment of Hay feverTreatment of Allergic skin conditions,
Myonal 100mg Tablet, Pain reliefTreatment of Fever,
Micogel F Cream,Treatment of Fungal skin infections,
Monosopt Eye Drop,Treatment of Glaucoma,
Minokem-N 5% Solution, Hair loss,
Metcy 50 Tablet SR,Treatment of Hypertension (high blood pressure)Treatment of Angina (heart-related chest pain)Treatment of ArrhythmiaPrevention of Heart attackPrevention of Migraine,
Mefanorm Suspension, Pain relief,
Myket Cream, Fungal skin infections,
Migitus 5mg Tablet SR,Prevention of Migraine,
Mostika-LP Eye Drop,Treatment of Eye infection with inflammation,
Macorate CR 300 Tablet, Epilepsy/SeizuresPrevention of Migraine Bipolar disorder,
Metro PV Ointment,Treatment of Wound infection,
Metacortil-C Cream,Treatment of Fungal skin infections,
Modlip-AM Tablet, High blood pressure with high cholesterol,
Minym 45mg Tablet ER,Treatment of Bacterial infectionsTreatment of Acne,
Myket-ZP Shampoo,Treatment of Dandruff,
Mecolab PG 750mcg/75mg Capsule,Treatment of Neuropathic pain,
Macgest 100 Capsule, Hormone replacement therapyTreatment of Female infertility,
Montrelief-LC Tablet,Treatment of Sneezing and runny nose due to allergiesTreatment of Hay feverTreatment of Allergic skin conditions,
MHG 6mg Lotion, Vitiligo,
Monteshine F 10mg/120mg Tablet,Treatment of Sneezing and runny nose due to allergies,
Meztec 1.2g Tablet PR, Ulcerative colitis Crohn’s disease,
Meltor 5 Tablet,Treatment of Hypertension (high blood pressure)Treatment of Edema,
Merispas Tablet,Treatment of Menstrual painTreatment of Abdominal cramp,
Monti-DL Tablet, Sneezing and runny nose due to allergies,
Melboost 2mg Solution, Vitiligo,
Minotress Lotion,Treatment of Hair loss,
Minokem-N 2% Solution, Hair loss,
Macorate CR 500 Tablet, Epilepsy/SeizuresPrevention of Migraine Bipolar disorder,
Migrabeta-TR 80 Tablet,Treatment of PheochromocytomaTreatment of Hypertension (high blood pressure) Prevention of migraineTreatment of AnxietyTreatment of ArrhythmiaPrevention of Heart attackPrevention of Angina (heart-related chest pain)Treatment of Tremors,
Metwon XR 50 Tablet,Treatment of Hypertension (high blood pressure)Treatment of Angina (heart-related chest pain)Treatment of ArrhythmiaPrevention of Heart attackPrevention of Migraine,
Macorate CR 400 Tablet, Epilepsy/SeizuresPrevention of Migraine Bipolar disorder,
Mycept-S 180 Tablet, Prevention of organ rejection in transplant patients,
Macpril H 5 Tablet, Hypertension (high blood pressure),
Metspot XL 50 Tablet,Treatment of Hypertension (high blood pressure)Treatment of Angina (heart-related chest pain)Treatment of ArrhythmiaPrevention of Heart attackPrevention of Migraine,
Mac OS 1000mg/20mg Suspension,Treatment of AcidityTreatment of HeartburnTreatment of Stomach ulcers,
Mycoclin Dusting Powder,Treatment of Fungal skin infectionsTreatment of Fungal infections,
Mignar 25 Tablet,Treatment of Type 2 diabetes mellitus,
Maxgalin M 150 Capsule,Treatment of Neuropathic pain,
Monoguard Cream,Treatment of Fungal skin infectionsTreatment of Fungal infections,
Mixderm Cream,Treatment of Skin infections,
M-Laz Tablet, Bleeding,
Metatime 1000 XR Tablet,Treatment of Type 2 diabetes mellitus,
Metasens 500 Tablet SR,Treatment of Type 2 diabetes mellitus,
Metafine Cream,Treatment of Fungal skin infections,
Metozox 25mg Tablet ER,Treatment of Hypertension (high blood pressure)Treatment of Angina (heart-related chest pain)Treatment of ArrhythmiaPrevention of Heart attackPrevention of Migraine,
Metlong-DS Tablet SR,Treatment of Type 2 diabetes mellitus,
Mataret Cream,Treatment of Skin conditions with inflammation & itching,
Musaf Ointment,Treatment of Bacterial skin infections,
Mycocid Cream,Treatment of Fungal skin infections,
Malidens DS Oral Suspension Banana, Pain reliefTreatment of Fever,
Makers Beauty Cream,Treatment of Melasma,
Mycozole-F Cream,Treatment of Fungal skin infections,
Mpb 1 Tablet,Treatment of Hair loss,
Mycoral 360 Tablet DR, Prevention of organ rejection in transplant patients,
Mpot B6 Oral Solution Natural Mango Sugar Free,Treatment of Kidney stone,
Micobate-CN Cream, Skin infections,
Mard 100 Tablet,Treatment of Erectile dysfunction,
Moveran Gel, Pain relief,
Myotan CT 40/6.25 Tablet, Hypertension (high blood pressure),
Monazine Injection,Treatment of SchizophreniaTreatment of DepressionTreatment of Bipolar disorder,
Metozaar-A 50 Tablet,Treatment of Hypertension (high blood pressure),
Mignar 50 Tablet,Treatment of Type 2 diabetes mellitus,
Mirator 0.5 Tablet, Parkinson's disease Restless leg syndrome,
Metromax AM 5 mg/25 mg Tablet,Treatment of Hypertension (high blood pressure),
Minoz S Face Wash pH 5.5, Acne,
Muscobon Tablet, Nutritional deficiencies,
Montina 4 Tablet,Treatment of Sneezing and runny nose due to allergies,
Metolar 100 Tablet,Treatment of Hypertension (high blood pressure)Treatment of Angina (heart-related chest pain)Treatment of ArrhythmiaPrevention of Heart attackPrevention of Migraine,
MDD XR 100 Tablet, Depression,
Metaday 500 Tablet SR,Treatment of Type 2 diabetes mellitus,
Meni 8mg Tablet,Treatment of Meniere's disease,
Momtent Cream,Treatment of Skin conditions with inflammation & itching,
Mirbeg-S 50 Combo Pack, Overactive bladder (OAB) symptoms,
Metonce-AM 50/5 Tablet,Treatment of Hypertension (high blood pressure),
Metafort-G 852 Tablet SR,Treatment of Type 2 diabetes mellitus,
Muzika 20mg/37.5mg Tablet,Treatment of Heart failure,
MNX-3 Topical Solution,Treatment of Hair loss,
Monotax 500mg Injection,Treatment of Bacterial infections,
Magprol CR 300 Tablet, Epilepsy/SeizuresPrevention of Migraine Bipolar disorder,
Miclogenta N Cream,Treatment of Skin infections,
Mycoclin Lotion,Treatment of Fungal skin infectionsTreatment of Fungal infections,
Mucofresh Mouth Wash, Pain relief,
Melarv Cream,Treatment of Melasma,
Mibeta-Plus 5 Tablet SR,Prevention of Migraine,
Magprol CR 500 Tablet, Epilepsy/SeizuresPrevention of Migraine Bipolar disorder,
Mox Suspension,Treatment of Peptic ulcer diseaseTreatment of Bacterial infections,
Melitra 10 Tablet, Depression Anxiety,
Macrozac 500 Tablet,Treatment of Bacterial infections,
Metzok 100 Tablet PR,Treatment of Hypertension (high blood pressure)Treatment of Angina (heart-related chest pain)Treatment of ArrhythmiaPrevention of Heart attackPrevention of Migraine,
Macpril 1.25 Tablet,Treatment of Hypertension (high blood pressure) Prevention of heart attack and strokeTreatment of Heart failure,
Minorich Forte Solution,Treatment of Hair loss,
Minscalp 10% Gel (30gm Each),Treatment of Hair loss,
Mclazide-M Tablet,Treatment of Type 2 diabetes mellitus,
Methosis 7.5mg Tablet,Treatment of CancerTreatment of Rheumatoid arthritisTreatment of PsoriasisTreatment of Crohn’s disease,
Mecorik-G Tablet,Treatment of Neuropathic pain,
Metfirst XL 25 Tablet,Treatment of Hypertension (high blood pressure)Treatment of Angina (heart-related chest pain)Treatment of ArrhythmiaPrevention of Heart attackPrevention of Migraine,
Myphen 500 Tablet, Prevention of organ rejection in transplant patients,
M Prol-AM Tablet ER,Treatment of Hypertension (high blood pressure),
Minolast Kid 2.5mg/4mg Tablet,Treatment of Sneezing and runny nose due to allergiesTreatment of Hay feverTreatment of Allergic skin conditions,
Migest SR 200 Tablet, Hormone replacement therapyTreatment of Female infertility,
Magprol CR 200 Tablet, Epilepsy/SeizuresPrevention of Migraine Bipolar disorder,
Montgold Tablet,Treatment of Sneezing and runny nose due to allergiesTreatment of Hay feverTreatment of Allergic skin conditions,
Minoxy 2 Solution,Treatment of Hair loss,
Mefomin 1000 SR Tablet,Treatment of Type 2 diabetes mellitus,
Medomol 650 Tablet, Pain reliefTreatment of Fever,
Mox Redimix Oral Suspension,Treatment of Bacterial infections,
Merislon 12 Tablet,Treatment of Meniere's disease,
Megatrum-P Ointment,Treatment and prevention of Wound infection,
Metspot XL 25 Tablet,Treatment of Hypertension (high blood pressure)Treatment of Angina (heart-related chest pain)Treatment of ArrhythmiaPrevention of Heart attackPrevention of Migraine,
Minotress 10% Lotion,Treatment of Hair loss,
Maxformin 1000 Tablet SR,Treatment of Type 2 diabetes mellitus,
Minfin 10% Lotion,Treatment of Hair loss,
MSN Mirabig-S 50 Combikit, Overactive bladder (OAB) symptoms,
Mycofit-S 180mg Tablet DR, Prevention of organ rejection in transplant patients,
Myotec 500 Tablet, Prevention of organ rejection in transplant patients,
Movadol LA Injection, Schizophrenia,
Migrellium 10mg Tablet,Prevention of Migraine,
Mymeto XL 12.5 Tablet,Treatment of Hypertension (high blood pressure)Treatment of Angina (heart-related chest pain)Treatment of ArrhythmiaPrevention of Heart attackPrevention of StrokePrevention of Migraine,
Minscalp 2% Solution,Treatment of Hair loss,
Movitol Oral Emulsion, Constipation,
Macorate CR 600 Tablet, Epilepsy/SeizuresPrevention of Migraine Bipolar disorder,
Momtas Cream,Treatment of Skin conditions with inflammation & itching,
Methosis 5mg Tablet,Treatment of CancerTreatment of Rheumatoid arthritisTreatment of PsoriasisTreatment of Crohn’s disease,
Momerate F Cream,Treatment of Skin conditions with inflammation & itching,
Metosan XR 50 Tablet,Treatment of Hypertension (high blood pressure)Treatment of Angina (heart-related chest pain)Treatment of ArrhythmiaPrevention of Heart attackPrevention of Migraine,
MNX 5 Solution,Treatment of Hair loss,
Myosam 200 Tablet,Treatment of Liver  disease,
Magprol CR 400 Tablet, Epilepsy/SeizuresPrevention of Migraine Bipolar disorder,
Mupidac Cream,Treatment of Bacterial skin infections,
Mnc Plus Capsule,Treatment of Neuropathic pain,
Magic-HP Kit,Treatment of Peptic ulcer disease,
Mylimus 0.1% Ointment,Treatment of Atopic dermatitis,
Metafort 1000 Tablet SR,Treatment of Type 2 diabetes mellitus,
Myotec S 360mg Tablet, Prevention of organ rejection in transplant patients,
Monokit Cream, Fungal skin infections,
Myodura 5 mg Tablet,Treatment of Hypertension (high blood pressure)Prevention of Angina (heart-related chest pain),
Metwell 50mg Tablet XL,Treatment of Hypertension (high blood pressure)Treatment of Angina (heart-related chest pain)Treatment of ArrhythmiaPrevention of Heart attackPrevention of Migraine,
Minscalp 2% Gel,Treatment of Hair loss,
Melatrax 250 Tablet,Treatment of Bleeding,
Microshield 4% Surgical Handwash, Skin infectionsTreatment of Mouth infection,
Maskofung-XL Cream, Fungal nail infections,
Moxnix-CV DS Dry Syrup,Treatment of Resistant Tuberculosis (TB)Treatment of Bacterial infections,
Megatas Plus 50 Combikit, Overactive bladder (OAB) symptoms,
Macsoralen Lotion, Vitiligo Psoriasis,
Momicaa  Cream,Treatment of Skin conditions with inflammation & itching,
Metofix-XL 500 Tablet,Treatment of Type 2 diabetes mellitus,
Maskofung Cream, Fungal nail infections,
Medsop Soap, Skin infections,
Minirab-D Capsule SR,Treatment of Gastroesophageal reflux disease (Acid reflux)Treatment of Peptic ulcer disease,
Megabid 50 Capsule,Treatment of Neuropathic pain,
Minovera 5% Solution,Treatment of Hair loss,
Minoxy 10 Solution,Treatment of Hair loss,
Mucocoat Suspension Sugar Free,Treatment of Intestinal ulcersTreatment of Stomach ulcers,
Mombest Cream,Treatment of Skin conditions with inflammation & itching,
Modlip 5 Tablet, High cholesterolPrevention of Heart attack,
Mudep Ointment,Treatment of Bacterial skin infections,
Megacholin Pastilles, Nutritional deficiencies,
Multipro LC Soft Gelatin Capsule,Treatment of Nutritional deficiencies,
MSN Mirabig-S 25 Combikit, Overactive bladder (OAB) symptoms,
Mucidal 2% Ointment,Treatment of Bacterial skin infections,
Meganano Gel,Prevention of Infections,
Montark-L Tablet,Treatment of Sneezing and runny nose due to allergiesTreatment of Hay feverTreatment of Allergic skin conditions,
Metasens V 0.2 Tablet SR,Treatment of Type 2 diabetes mellitus,
Mclazide-M 60 XR Tablet,Treatment of Type 2 diabetes mellitus,
Mesoketz Soap, Fungal skin infections,
Mesoketz Cream, Fungal skin infections,
MNX-Forte Solution,Treatment of Hair loss,
Mupax 2% Ointment,Treatment of Bacterial skin infections,
Norflox-TZ RF Tablet,Treatment of DiarrheaTreatment of Dysentery,
Nurokind-LC  Tablet,Treatment of Nutritional deficiencies,
Nurokind-Plus RF Capsule,Treatment of Vitamin & mineral deficiencyTreatment of Diabetic nerve pain,
Nexpro RD 40  Capsule SR,Treatment of Gastroesophageal reflux disease (Acid reflux)Treatment of Functional dyspepsia,
Nise Tablet, Pain reliefTreatment of Fever,
Norflox 400 Tablet,Treatment of Bacterial infections,
Nucoxia MR Tablet,Treatment of Pain due to muscle spasm,
Nexito 10 Tablet,Treatment of DepressionTreatment of Anxiety disorderTreatment of Panic disorder,
Nexpro 40 Tablet,Treatment of Gastroesophageal reflux disease (Acid reflux)Treatment of Peptic ulcer diseaseTreatment of Zollinger-Ellison syndrome,
Neurobion RF Forte Injection,Treatment of Nutritional deficiencies,
Nexito 5 Tablet,Treatment of DepressionTreatment of Anxiety disorderTreatment of Panic disorder,
Nicip Tablet, Pain reliefTreatment of Fever,
Nodosis Tablet,Treatment of IndigestionTreatment of Alkalinizing agentTreatment of Metabolic acidosis,
Nicardia Retard 20 Tablet SR,Treatment of Hypertension (high blood pressure)Prevention of Angina (heart-related chest pain)Prevention of Heart attackPrevention of Stroke,
Nucoxia 90 Tablet, Pain relief,
Nikoran 5 Tablet,Treatment of Angina (heart-related chest pain),
Novelon Tablet, Contraception,
Nurokind-Gold Injection,Treatment of Nutritional deficiencies,
Neosporin H Ointment,Treatment of Bacterial skin infections,
Napra D 500 Tablet,Prevention of Migraine,
Niftran 100mg Capsule,Treatment of Bacterial infections of urinary tract,
Nuforce-Gm Cream,Treatment of Skin infections,
Natrise Tablet,Treatment of Low levels of sodium in the blood,
NO SCARS Cream,Treatment of Melasma,
Nitrobact 100 Capsule,Treatment of Bacterial infections of urinary tract,
Novamox 500 Capsule,Treatment of Bacterial infections,
Nurokind-G  Tablet,Treatment of Neuropathic pain,
Nitrocontin 2.6 Tablet CR,Treatment of Angina (heart-related chest pain),
Neorelax MR Tablet,Treatment of Muscular pain,
Nucoxia P Tablet, Pain relief,
Nuhenz Capsule,Treatment of Nutritional deficiencies,
Nortipan-M Tablet SR,Treatment of Neuropathic pain,
Nebicard 5 Tablet,Treatment of Hypertension (high blood pressure)Prevention of Heart attackPrevention of Stroke,
Nervijen-P Capsule,Treatment of Neuropathic pain,
Nexpro L Capsule ER,Treatment of Gastroesophageal reflux disease (Acid reflux)Treatment of Peptic ulcer disease,
Nicardia Retard 10 Tablet SR,Treatment of Hypertension (high blood pressure)Prevention of Angina (heart-related chest pain)Prevention of Heart attackPrevention of Stroke,
Nefrosave Forte Tablet,Treatment of Chronic kidney disease,
Napra D 250 Tablet,Prevention of Migraine,
Nexpro IT Capsule SR, Gastroesophageal reflux disease (Acid reflux) Peptic ulcer disease,
Nurokind-Plus NF Injection,Treatment of Nutritional deficiencies,
Neukine 300mcg Injection,Prevention of Infections after chemotherapy,
Nizonide 500 Tablet, Diarrhea Worm infections,
Neosporin Dusting Powder, Bacterial skin infections,
Neo-Mercazole 10 Tablet, Hyperthyroidism,
Nitrolong 2.6 Tablet CR,Treatment of Angina (heart-related chest pain),
Nexpro Fast 40 Tablet,Treatment of Gastroesophageal reflux disease (Acid reflux)Treatment of Peptic ulcer diseaseTreatment of Zollinger-Ellison syndrome,
Novastat 10 Tablet,Treatment of High cholesterol Prevention of heart attack and stroke,
Nefacool Eye Drops, Allergic eye disease,
Nervijen Plus Injection, Nutritional deficiencies,
New Hatric 3 Tablet,Treatment of Common cold,
Neo-Mercazole 5 Tablet, Hyperthyroidism,
Nitrofur SR Tablet,Treatment of Bacterial infections of urinary tract,
Natrilix SR Tablet, Hypertension (high blood pressure)Treatment of Edema,
Nizral 2% Solution, Fungal skin infections,
Nadoxin Cream,Treatment of Bacterial skin infections,
Nootropil 800mg Tablet, Alzheimer's disease Stroke Dementia in Parkinson's disease Age related memory loss Head injury,
Nucort-M4 Tablet DT,Treatment of Rheumatic disorderTreatment of Systemic lupus erythematosus (SLE)Treatment of Allergic conditionsTreatment of Eye disordersTreatment of Skin disorders,
Nobel-Plus Suspension, Pain reliefTreatment of Fever,
Nebicard 2.5 Tablet,Treatment of Hypertension (high blood pressure)Prevention of Heart attackPrevention of Stroke,
Nebasulf Sprinkling Powder, Bacterial skin infections,
Neosporin H Ear Drop,Treatment of Ear infection,
Novastat CV 10  Capsule, Heart attack prevention and high cholesterol,
Nevanac Ophthalmic Suspension,Treatment of Post-operative eye pain and inflammation,
Novorapid Penfill,Treatment of Diabetes,
Nodard Plus Tablet, Pain relief,
Novomix 30 Flexpen 100IU/ml, Diabetes,
Nobel-Plus Tablet, Pain relief,
Nadibact Cream,Treatment of Bacterial skin infections,
Neopride Total Capsule SR,Treatment of Gastroesophageal reflux disease (Acid reflux)Treatment of Intestinal ulcersTreatment of Irritable bowel syndrome,
Nervmax SR 75 Tablet,Treatment of Neuropathic pain,
Nioclean Gel,Treatment of Acne,
Nervijen-NP Tablet,Treatment of Neuropathic pain,
Novogermina Oral Suspension, Diarrhea,
Nazomac-AF Nasal Spray,Treatment of Sneezing and runny nose due to allergies,
Novomix 30 100IU/ml Penfill, Diabetes,
New Brozeet Syrup,Treatment of Cough with mucus,
Novaclav 625 Tablet,Treatment of Bacterial infections,
Norad 2mg Injection, Low blood pressure,
Nostra-CR 10 Tablet,Treatment of Heavy menstrual bleedingTreatment of Pain during menstruationTreatment of EndometriosisTreatment of Premenstrual syndrome (PMS),
Nebistar 5 Tablet,Treatment of Hypertension (high blood pressure)Prevention of Heart attackPrevention of Stroke,
Nifty-SR Tablet,Treatment of Bacterial infections of urinary tract,
Novamox CV 625mg Tablet,Treatment of Bacterial infections,
Nocold Tablet,Treatment of Common cold,
Normaxin-MB Capsule SR,Treatment of Irritable bowel syndrome,
Nexpro 20 Tablet,Treatment of Gastroesophageal reflux disease (Acid reflux)Treatment of Peptic ulcer diseaseTreatment of Zollinger-Ellison syndrome,
Nepalact Eye Drop,Treatment of Post-operative eye pain and inflammation,
Novamox 250 Capsule,Treatment of Bacterial infections,
Naltima 50 Tablet, Opioid dependence Alcohol addiction,
Noworm Chewable Tablet,Treatment of Parasitic infections,
Nexovas T Tablet,Treatment of Hypertension (high blood pressure),
Naprosyn Tablet, Pain relief,
Nebzmart-G 25mcg Smartules 2ml, Chronic obstructive pulmonary disease (COPD) General Anaesthesia Peptic ulcer disease,
Nucoxia 60 Tablet, Pain relief,
Naprosyn D 500 Tablet,Prevention of Migraine,
Nizral Cream, Fungal skin infections,
Nervite Plus Tablet,Treatment of Neuropathic pain,
Nepaflam Eye Drop,Treatment of Post-operative eye pain and inflammation,
Naso B12 Nasal Spray, Vitamin B12 deficiency,
Nurokind-G  100 New Tablet,Treatment of Neuropathic pain,
Nurogab NT  Tablet,Treatment of Neuropathic pain,
Neksium 40mg Tablet,Treatment of Gastroesophageal reflux disease (Acid reflux)Treatment of Peptic ulcer diseaseTreatment of Zollinger-Ellison syndrome,
New I-Kul Plus Ophthalmic Solution,Treatment of Allergic eye disease,
Nebistar 5 Tablet,Treatment of Hypertension (high blood pressure)Prevention of Heart attackPrevention of Stroke,
Nebistar 5 Tablet,Treatment of Hypertension (high blood pressure)Prevention of Heart attackPrevention of Stroke,
Nifty-SR Tablet,Treatment of Bacterial infections of urinary tract,
Novamox CV 625mg Tablet,Treatment of Bacterial infections,
Nocold Tablet,Treatment of Common cold,
Normaxin-MB Capsule SR,Treatment of Irritable bowel syndrome,
Nexpro 20 Tablet,Treatment of Gastroesophageal reflux disease (Acid reflux)Treatment of Peptic ulcer diseaseTreatment of Zollinger-Ellison syndrome,
Nepalact Eye Drop,Treatment of Post-operative eye pain and inflammation,
Novamox 250 Capsule,Treatment of Bacterial infections,
Naltima 50 Tablet, Opioid dependence Alcohol addiction,
Noworm Chewable Tablet,Treatment of Parasitic infections,
Nexovas T Tablet,Treatment of Hypertension (high blood pressure),
Naprosyn Tablet, Pain relief,
Nebzmart-G 25mcg Smartules 2ml, Chronic obstructive pulmonary disease (COPD) General Anaesthesia Peptic ulcer disease,
Nucoxia 60 Tablet, Pain relief,
Naprosyn D 500 Tablet,Prevention of Migraine,
Nizral Cream, Fungal skin infections,
Nervite Plus Tablet,Treatment of Neuropathic pain,
Nepaflam Eye Drop,Treatment of Post-operative eye pain and inflammation,
Nurokind-G  100 New Tablet,Treatment of Neuropathic pain,
Nurogab NT  Tablet,Treatment of Neuropathic pain,
Neksium 40mg Tablet,Treatment of Gastroesophageal reflux disease (Acid reflux)Treatment of Peptic ulcer diseaseTreatment of Zollinger-Ellison syndrome,
New I-Kul Plus Ophthalmic Solution,Treatment of Allergic eye disease,
Nexpro RD 20 Capsule SR,Treatment of Gastroesophageal reflux disease (Acid reflux)Treatment of Functional dyspepsia,
Novefos Powder, Bacterial infections of urinary tract,
Nitro 2.6 Tablet CR,Treatment of Angina (heart-related chest pain),
Nicardia XL 30 Tablet,Treatment of Hypertension (high blood pressure)Prevention of Angina (heart-related chest pain)Prevention of Heart attackPrevention of Stroke,
Nilac Gel,Treatment of Acne,
Norflox Eye/Ear Drops, Bacterial eye / ear infections,
New Ivermectol 12 Tablet,Treatment of Parasitic infections,
Nortipan Tablet,Treatment of Neuropathic pain,
Noworm Oral Suspension,Treatment of Parasitic infections,
Nebicard-SM Tablet, Hypertension (high blood pressure),
Nioclean AD Gel,Treatment of Acne,
Noculi B6 Oral Solution,Treatment and prevention of Kidney stone,
Nimulid-MD Tablet, Pain reliefTreatment of Fever,
Norflokem TZ Tablet,Treatment of DiarrheaTreatment of Dysentery,
Nosic 10mg/10mg Tablet,Treatment of Nausea and vomiting in pregnancy,
Nexpro HP Combipack,Treatment of Peptic ulcer disease,
Norlut-N Tablet,Treatment of Heavy menstrual bleedingTreatment of Pain during menstruationTreatment of EndometriosisTreatment of Premenstrual syndrome (PMS),
Nimulid Tablet, Pain reliefTreatment of Fever,
Nimodip Tablet, Subarachnoid haemorrhage,
Nexito 20 Tablet,Treatment of DepressionTreatment of Anxiety disorderTreatment of Panic disorder,
Novastat Gold Tablet, Heart attack,
Novastat-TG 10 Tablet,Treatment of High cholesterolPrevention of Heart attack,
Nicostar 5 Tablet,Treatment of Angina (heart-related chest pain),
Nootropil Syrup, Alzheimer's disease Stroke Dementia in Parkinson's disease Age related memory loss Head injury,
Norfagyl Plus Oral Suspension,Treatment of Bacterial infections,
Nefodol Tablet, Pain relief,
Niftas 50 Tablet,Treatment of Bacterial infections of urinary tract,
Neph-M Eye Drop,Treatment of Allergic eye disease,
Nimucet Gold 100mg/325mg Tablet, Pain relief,
Nukast 10 Tablet,Treatment of Sneezing and runny nose due to allergiesTreatment of Hay feverTreatment of Allergic skin conditions,
Nucoxia 120 Tablet, Pain relief,
Norvent-D Cough Syrup,Treatment of Dry cough,
Nadoxin Plus Cream,Treatment of Skin infections,
Nixidox Capsule,Treatment of Bacterial infections,
Nuroday Tablet ER,Treatment of Pernicious Anemia Vitamin B12 deficiency,
Novastat CV 20 Capsule, Heart attack prevention and high cholesterol,
Nebicard T Tablet, Hypertension (high blood pressure),
Nicip MD Tablet, Pain reliefTreatment of Fever,
Nebi 5 Tablet,Treatment of Hypertension (high blood pressure)Prevention of Heart attackPrevention of Stroke,
Nucort-M8 Tablet DT,Treatment of Rheumatic disorderTreatment of Systemic lupus erythematosus (SLE)Treatment of Allergic conditionsTreatment of Eye disordersTreatment of Skin disorders,
Nikoran 10 Tablet,Treatment of Angina (heart-related chest pain),
Neurotrat NP Tablet, Neuropathic pain,
Nefrogard Tablet,Treatment of Chronic kidney disease,
Neopride Tablet, Gastroesophageal reflux disease (Acid reflux) Irritable bowel syndrome Heartburn,
Naprosyn SR Tablet, Pain relief,
Nitrobest Tablet SR,Treatment of Bacterial infections of urinary tract,
Novamox 250 Rediuse Oral Suspension,Treatment of Bacterial infections,
Nemocid Oral Suspension, Worm infections,
Nuforce Mouth Paint, Fungal infections of mouth (Thrush)Treatment of Fungal infections,
Nervmax Capsule,Treatment of Neuropathic pain,
Nebistar 2.5 Tablet,Treatment of Hypertension (high blood pressure)Prevention of Heart attackPrevention of Stroke,
Nodosis GST Tablet,Treatment of IndigestionTreatment of Alkalinizing agentTreatment of Metabolic acidosis,
New Hair 4U 5% Solution,Treatment of Hair loss,
Nucoxia Relax Tablet,Treatment of Pain due to muscle spasm,
Nortimer 25mg Tablet, Depression Bed-wetting Neuropathic pain,
Novastat Gold 20 Capsule, Heart attack,
Neugaba 75 Capsule,Treatment of Neuropathic painTreatment of Epilepsy/SeizuresTreatment of Fibromyalgia,
Nadoxin Gel,Treatment of Bacterial skin infections,
Nureeto-MR 4 Tablet,Treatment of Pain due to muscle spasm,
New O2 Oral Suspension Delicious Mango,Treatment of Bacterial & parasitic infectionsTreatment of DiarrheaTreatment of Dysentery,
Neurocetam Plus Tablet, Stroke,
Nebistar-SA Tablet, Hypertension (high blood pressure),
Newtel-AM Tablet,Treatment of Hypertension (high blood pressure),
Nailrox Nail Lacquer, Fungal skin infections Fungal nail infections,
Nefrosave Keto Tablet,Treatment of Chronic kidney disease,
New Triglucored Forte Tablet,Treatment of Type 2 diabetes mellitus,
Nicoduce 5 Tablet,Treatment of Angina (heart-related chest pain),
Nervmax NT 75mg/10mg Tablet,Treatment of Neuropathic pain,
Nuforce Anti Dandruff Lotion,Treatment of Fungal skin infectionsTreatment of Dandruff,
Nifutin Tablet SR,Treatment of Bacterial infections of urinary tract,
Neurocetam Syrup, Alzheimer's disease Stroke Dementia in Parkinson's disease Age related memory loss Head injury,
Nervite Tablet,Treatment of Neuropathic pain,
Newtel 40 Tablet,Treatment of Hypertension (high blood pressure) Prevention of heart attack and strokeTreatment of Heart failure,
Nefosar Tablet, Pain relief,
Nodict 50mg Tablet, Opioid dependence Alcohol addiction,
Nova 75 Capsule,Treatment of Neuropathic painTreatment of Epilepsy/SeizuresTreatment of Fibromyalgia,
Nortryptomer-P 10mg/75mg Tablet,Treatment of Neuropathic pain,
Noctura Syrup,Treatment of InsomniaTreatment of Jet lag,
Natrilam 5 Tablet SR, Hypertension (high blood pressure),
Niacin NF Tablet, Peripheral vascular disease,
Nemocid Tablet, Worm infections,
Norgest Tablet,Treatment of Heavy menstrual bleedingTreatment of Pain during menstruationTreatment of EndometriosisTreatment of Premenstrual syndrome (PMS),
Neorelax MR 8 Tablet,Treatment of Muscular pain,
Nobel Tablet MD, Pain reliefTreatment of Fever,
Neugatrip Tablet, Neuropathic pain,
Naturogest SR 200 Tablet, Hormone replacement therapyTreatment of Female infertility,
Nepastar Eye Drop,Treatment of Post-operative eye pain and inflammation,
Niosol Ointment,Treatment of Allergic skin conditions,
Netazox Tablet, Diarrhea Worm infections,
New Modlip-Asg 75 Capsule,Treatment of Prevention of heart attack and stroke,
Nicerbium Tablet, Raynaud's diseaseTreatment and prevention of Migraine,
Neo-Mercazole 20 Tablet, Hyperthyroidism,
Novalgin NU Tablet,Treatment of Headache,
Nuforce 150 Tablet,Treatment of Fungal infections,
Neurabol Capsule, Angioedema,
Newtel-H 40 Tablet,Treatment of Hypertension (high blood pressure),
Nortas CR Tablet,Treatment of Heavy menstrual bleedingTreatment of Pain during menstruationTreatment of EndometriosisTreatment of Premenstrual syndrome (PMS),
Nadibact Gel,Treatment of Bacterial skin infections,
Nootropil C Tablet, Stroke,
Norflokem 400mg Tablet, Bacterial infections,
Neurica NT Tablet,Treatment of Neuropathic pain,
Nioret Nano Gel,Treatment of Acne Acute promyelocytic leukaemia,
Nervup PG Capsule, Neuropathic pain,
Nobel MR Tablet, Pain due to muscle spasm,
Niftran 100mg Capsule,Treatment of Bacterial infections of urinary tract,
Nexpro Junior Granules for Oral Suspension,Treatment of Gastroesophageal reflux disease (Acid reflux)Treatment of Peptic ulcer diseaseTreatment of Zollinger-Ellison syndrome,
Novorapid 100IU Injection,Treatment of Diabetes,
Nebi-AM Tablet, Hypertension (high blood pressure),
Nikoran IV 48 Injection,Treatment of Angina (heart-related chest pain),
Nazomac-F Nasal Spray,Treatment of Sneezing and runny nose due to allergies,
Nuforce Dusting Powder,Treatment of Fungal skin infections,
Neuractin-P 75 Capsule,Treatment of Neuropathic pain,
Nucoxia MR 8 Tablet,Treatment of Pain due to muscle spasm,
Naturogest 200mg Soft Gelatin Capsule, Hormone replacement therapyTreatment of Female infertility,
New Maxmoist Eye Drop,Treatment of Dry eyes,
Nurokind Forte 1500mcg/100mg/100mg Injection,Treatment of Nutritional deficiencies,
Niosol-F Cream,Treatment of Skin infections,
Nilac A Gel,Treatment of Acne,
Noblok-AF Drops,Treatment of Common cold,
Nurokind-LC  Injection, Carnitine deficiency,
Nukast 4 Syrup,Treatment of Sneezing and runny nose due to allergiesTreatment of Hay feverTreatment of Allergic skin conditions,
Neurofit Syrup, Alzheimer's disease Stroke Dementia in Parkinson's disease Age related memory loss Head injury,
NAC SR 75 Tablet, Pain relief,
Natamet Eye Drop,Treatment of Fungal infections of eye,
Nebi 2.5 Tablet,Treatment of Hypertension (high blood pressure)Prevention of Heart attackPrevention of Stroke,
Nicoglow 250mg Tablet, Nutritional deficiencies,
Newtel-CH 40 Tablet, Hypertension (high blood pressure),
Neph-M Plus Eye Drop,Treatment of Allergic eye disease,
Novacor Cream,Treatment of Skin infections,
Nexovas O Tablet, Hypertension (high blood pressure),
Nitrofix SR 30 Tablet,Prevention of Angina (heart-related chest pain),
Nextane Ophthalmic Solution,Treatment of Dry eyes,
Neurokem Plus Capsule, Neuropathic pain,
Novale-CT Scalp Lotion,Treatment of Dandruff,
Newtel-Beta 25 Tablet PR,Treatment of Hypertension (high blood pressure),
Normatone Syrup, Appetite stimulant,
Newbona Jelly,Treatment of OsteoporosisTreatment of Paget's disease,
Nuforce 400mg Tablet,Treatment of Fungal infections,
Nindanib 150 Soft Gelatin Capsule,Treatment of Idiopathic pulmonary fibrosisTreatment of Non-small cell lung cancer,
Niosalic Ointment,Treatment of EczemaTreatment of Psoriasis,
Newtel-Beta 50 Tablet PR,Treatment of Hypertension (high blood pressure),
Nuforce-CD 3 Vaginal Suppository, Syndromic treatment of vaginal discharge,
Nortipan 50mg/10mg Tablet,Treatment of Neuropathic pain,
Nostra-CR 15 Tablet,Treatment of Heavy menstrual bleedingTreatment of Pain during menstruationTreatment of EndometriosisTreatment of Premenstrual syndrome (PMS),
Nebicard-H Tablet, Hypertension (high blood pressure),
Nexipox Vaccine,Prevention of Chickenpox,
Nebracin 0.3% Eye Drop,Treatment of Bacterial eye infections,
Neomol 80 Anal Suppository, Pain reliefTreatment of Fever,
Nasowash Starter Kit,Treatment of Nasal congestion (blocked nose),
Nulong-Trio Tablet, Hypertension (high blood pressure),
Nazomac-M Nasal Spray,Treatment and prevention of Sneezing and runny nose due to allergiesTreatment of Nasal congestion (blocked nose)Treatment of Nasal polyps,
Norflox 200 Tablet,Treatment of Bacterial infections,
Nizonide Oral Suspension,Treatment of Infective DiarrheaTreatment of Worm infections,
Neurocetam 800 Tablet, Alzheimer's disease Stroke Dementia in Parkinson's disease Age related memory loss Head injury,
Nezaflo Nasal Spray,Treatment of Sneezing and runny nose due to allergies,
Nax B Gel, Acne,
Niogenta-F Cream, Skin infections,
Neurovin Tablet, Alzheimer's disease Stroke Dementia in Parkinson's disease Age related memory loss Head injury,
Nicip MR Tablet, Pain due to muscle spasm,
Nostra Tablet,Treatment of Heavy menstrual bleedingTreatment of Pain during menstruationTreatment of EndometriosisTreatment of Premenstrual syndrome (PMS),
Nifecaine Cream,Treatment of Anal fissure,
Nuflucon Ear Drop, Ear infectionTreatment of Fungal infections,
Nailon Nail Lacquer, Fungal skin infections Fungal nail infections,
Nadimix Cream,Treatment of Skin infections,
Nitrocontin 6.4 Tablet CR,Treatment of Angina (heart-related chest pain),
New Zydol Oral Suspension, Pain relief,
Neuciti Plus Syrup, Stroke,
Nebzmart FB 0.5mg Smartules 2ml,Treatment of Chronic obstructive pulmonary disease (COPD),
Novamox 250 DT Tablet,Treatment of Bacterial infections,
Neurobid-NT Tablet SR,Treatment of Neuropathic pain,
Nimodol 100mg Tablet, Pain reliefTreatment of Fever,
Nucoxia SP Tablet, Pain relief,
Nobel Spas RF 10mg/ml/25mg/ml Injection,Treatment of Abdominal pain,
Nexovas M 50 Tablet, Hypertension (high blood pressure),
NE-C Tablet,Treatment of Nutritional deficiencies,
Nazomac-FF Nasal Spray,Treatment of Sneezing and runny nose due to allergies,
Nidagen -SR 200 Tablet, Hormone replacement therapy Female infertility,
Nasoclear Gel,Treatment of Nasal congestion (blocked nose),
Neurica-M 75 Capsule,Treatment of Neuropathic pain,
Noblok Syrup Strawberry, Common cold,
Nicardia 5 Capsule,Treatment of Hypertension (high blood pressure)Prevention of Angina (heart-related chest pain)Prevention of Heart attackPrevention of Stroke,
Nacyres Tablet,Treatment of Paracetamol toxicity,
Nimprex Tablet, Pain reliefTreatment of Fever,
Nuforce 200 Tablet,Treatment of Fungal infections,
Niveoli Inhaler, Chronic obstructive pulmonary disease (COPD),
Niosalic 6 Ointment,Treatment of EczemaTreatment of Psoriasis,
Nadoxin-C Cream, Skin infections,
Nam Cold Tablet,Treatment of Common cold,
Noblok Nasal Spray,Treatment of Nasal congestion (blocked nose),
Novale Bar, Fungal skin infections,
Nebzmart IL Smartules,Treatment of Chronic obstructive pulmonary disease (COPD),
Neugaba ER 75 Tablet,Treatment of Neuropathic painTreatment of Epilepsy/SeizuresTreatment of Fibromyalgia,
Noblok-AF Syrup,Treatment of Common cold,
NAC 50 Tablet, Pain relief,
Novastat 5 Tablet,Treatment of High cholesterol Prevention of heart attack and stroke,
Neurofit Forte Tablet, Alzheimer's disease Stroke Dementia in Parkinson's disease Age related memory loss Head injury,
Nodon 2.5 Tablet,Treatment of Hypertension (high blood pressure)Prevention of Heart attackPrevention of Stroke,
Norvent LS Syrup, Chronic obstructive pulmonary disease (COPD),
Nocold Syrup,Treatment of Common cold,
Nuforce Soap,Treatment of Fungal skin infections,
Nicardia 10 Capsule,Treatment of Hypertension (high blood pressure)Prevention of Angina (heart-related chest pain)Prevention of Heart attackPrevention of Stroke,
Nucarnit 500 Tablet, Carnitine deficiency,
Nadoxin Ointment,Treatment of Bacterial skin infections,
Nac Plus Tablet, Pain relief,
Nurogab 75 Tablet SR,Treatment of Neuropathic painTreatment of Epilepsy/SeizuresTreatment of Fibromyalgia,
Nexpro Fast 20 Tablet,Treatment of Gastroesophageal reflux disease (Acid reflux)Treatment of Peptic ulcer diseaseTreatment of Zollinger-Ellison syndrome,
Nexovas O 40 Tablet, Hypertension (high blood pressure),
Naturogest SR 300 Tablet, Hormone replacement therapyTreatment of Female infertility,
Nicardia CD Retard 30 Tablet SR,Treatment of Hypertension (high blood pressure)Prevention of Angina (heart-related chest pain)Prevention of Heart attackPrevention of Stroke,
New Ventiphylline PD 1.5 mg/50 mg/0.5 mg Syrup, Cough,
Neocalm Plus Tablet, Schizophrenia,
Nemdaa 5 Tablet, Alzheimer's disease,
Nexvenla-OD 50  Tablet ER, Depression,
Nodon Tablet,Treatment of Hypertension (high blood pressure)Prevention of Heart attackPrevention of Stroke,
Nocram Tablet,Treatment of Nutritional deficiencies,
Noxitef TZ 400mg/600mg Tablet,Treatment of DiarrheaTreatment of Dysentery,
Novapime 1gm Injection,Treatment of Severe bacterial infections,
Nucoxia D3 Capsule, Pain relief,
Neomol 170 Anal Suppository, Pain reliefTreatment of Fever,
Nummit Spray Fresh Mint, Local anesthesia (Numb tissues in a specific area),
NAC SR 100 Tablet, Pain relief,
Nitrolong 6.4 Tablet CR,Treatment of Angina (heart-related chest pain),
Nootropil 1200 Tablet, Alzheimer's disease Stroke Dementia in Parkinson's disease Age related memory loss Head injury,
Nimulid-HF Tablet, Pain relief,
Nicopenta DSR Capsule,Treatment of Gastroesophageal reflux disease (Acid reflux)Treatment of Peptic ulcer disease,
Nebilong Tablet,Treatment of Hypertension (high blood pressure)Prevention of Heart attackPrevention of Stroke,
Nimica 100 DT Tablet, Pain reliefTreatment of Fever,
Noblok New Tablet,Treatment of Common cold,
Nexipride 25 Tablet, Gastroesophageal reflux disease (Acid reflux) Irritable bowel syndrome Heartburn,
Nindanib 100 Soft Gelatin Capsule,Treatment of Idiopathic pulmonary fibrosisTreatment of Non-small cell lung cancer,
Nexovas Beta Tablet, Hypertension (high blood pressure),
Newbona Fem Tablet, Female infertility,
Ntgn 2.6 Tablet CR,Treatment of Angina (heart-related chest pain),
Nicardia XL 60 Tablet,Treatment of Hypertension (high blood pressure)Prevention of Angina (heart-related chest pain)Prevention of Heart attackPrevention of Stroke,
Nobegliz 60 XR Tablet,Treatment of Type 2 diabetes mellitus,
Nacfil Tablet,Treatment of Paracetamol toxicity,
Nervotop Tablet SR,Treatment of Neuropathic pain,
Natrise 30 Tablet,Treatment of Low levels of sodium in the blood,
Nexovas CH Tablet, Hypertension (high blood pressure),
Nuflam-TH 8mg Capsule SR,Treatment of Pain due to muscle spasm,
Neurokem-M Capsule,Treatment of Neuropathic pain,
Noblok Drop,Treatment of Common cold,
Nupenta CP Capsule SR,Treatment of Gastroesophageal reflux disease (Acid reflux) Peptic ulcer disease,
Nise Mdt 100mg Tablet MD, Pain reliefTreatment of Fever,
Nebicard LN 5 Tablet, Hypertension (high blood pressure),
Numol SP Tablet, Pain relief,
Nam Cold Z Syrup, Common cold,
Nureeto 90 Tablet, Pain relief,
New GTN 2.6 Tablet CR,Treatment of Angina (heart-related chest pain),
Normonal 10mg Tablet CR,Treatment of Heavy menstrual bleedingTreatment of Pain during menstruationTreatment of EndometriosisTreatment of Premenstrual syndrome (PMS),
Neuromin-M Syrup, Cognitive enhancer,
Naturogest 8% Vaginal gel, Hormone replacement therapyTreatment of Female infertility,
Natclovir 250 Capsule, Cytomegalovirus Infection,
Novomix 50 100IU/ml Penfill, Diabetes,
Nobegliz-M XR Tablet,Treatment of Type 2 diabetes mellitus,
Nafodil 50 Tablet, Benign prostatic hyperplasia,
Nepablu Eye Drop,Treatment of Post-operative eye pain and inflammation,
Novastat EZ 10mg/10mg Tablet, High cholesterol,
Nasocobal Nasal Spray, Vitamin B12 deficiency,
Novamox CV 228.5mg Dry Syrup,Treatment of Resistance Tuberculosis (TB)Treatment of Bacterial infections,
Nupenta LS Capsule SR,Treatment of Gastroesophageal reflux disease (Acid reflux),
Nebi-H Tablet, Hypertension (high blood pressure),
Normabrain Syrup, Alzheimer's disease Stroke Dementia in Parkinson's disease Age related memory loss Head injury,
Nizonide-O Tablet, Diarrhea Dysentery,
Neurokem 50 Capsule,Treatment of Neuropathic painTreatment of Epilepsy/SeizuresTreatment of Fibromyalgia,
Novamox 125 Rediuse Oral Suspension,Treatment of Peptic ulcer diseaseTreatment of Bacterial infections,
Nepacin Eye Drop,Treatment of Post-operative eye pain and inflammation,
Novastat-TG 20 Tablet,Treatment of High cholesterolPrevention of Heart attack,
Netromax 300mg Injection, Bacterial infections,
New Alene Tablet, Infertility,
Nortryptomer-P SR 50 Tablet,Treatment of Neuropathic pain,
Novamox Paediatric Drops,Treatment of Peptic ulcer diseaseTreatment of Bacterial infections,
Nizonide 200mg Tablet DT, Diarrhea Worm infections,
Nervz NT Tablet SR,Treatment of Neuropathic pain,
Nervz-G Tablet,Treatment of Neuropathic pain,
Novacef 500 Tablet,Treatment of Bacterial infections,
Nizer Tablet, Pain reliefTreatment of Fever,
Nevirin Tablet, Neuropathic pain,
Noculi Tablet, Nutritional deficiencies,
Nizral Cream, Fungal skin infections,
Norwayz Tablet,Treatment of Friedreich's ataxiaTreatment of Leber’s Hereditary Optic Neuropathy,
Nexipride 50 Tablet, Gastroesophageal reflux disease (Acid reflux) Irritable bowel syndrome Heartburn,
Nailrox Cream, Fungal skin infections Fungal nail infections,
Nicogum 4 Nicotine Gum Chewing Gums Fresh Mint Sugar Free, Quitting smoking,
Nitrotap Applicap,Prevention of Angina (heart-related chest pain),
Neorelax SP Tablet, Pain relief,
Nurocol Tablet,Treatment of StrokeTreatment of Head injuryTreatment of Alzheimer's diseaseTreatment of Dementia in Parkinson's disease,
Naturogest 400mg Soft Gelatin Capsule, Hormone replacement therapy Female infertility,
Neomol 250 Anal Suppository, Pain reliefTreatment of Fever,
New Wosulin 30/70 100IU/ml Injection 3ml, Diabetes,
Nazobic Nasal Spray,Treatment of Sneezing and runny nose due to allergies,
Nova M 75 Capsule,Treatment of Neuropathic pain,
Neuciti Plus Tablet, Stroke,
Nidagen 200 Soft Gelatin Capsule, Hormone replacement therapyTreatment of Female infertility,
NS-Aid Eye Drop, Post-operative eye pain and inflammation Pain relief,
Neksium 20 Tablet,Treatment of Gastroesophageal reflux disease (Acid reflux)Treatment of Peptic ulcer diseaseTreatment of Zollinger-Ellison syndrome,
Nidagen -SR 300 Tablet, Hormone replacement therapy Female infertility,
Nulong-Trio 40 Tablet, Hypertension (high blood pressure),
Neuromine-Plus Capsule,Treatment of Vitamin & mineral deficiencyTreatment of Diabetic nerve pain,
Nepawel Eye Drop BKC Free,Treatment of Post-operative eye pain and inflammation,
Nimupain Plus Tablet, Pain relief,
Novomix 30 100IU/ml Penfill, Diabetes,
Nicoduce 10 Tablet,Treatment of Angina (heart-related chest pain),
Nortas CR 15 Tablet,Treatment of Heavy menstrual bleedingTreatment of Pain during menstruationTreatment of EndometriosisTreatment of Premenstrual syndrome (PMS),
Nadifa Cream,Treatment of Bacterial skin infections,
Nefasol Eye Drop,Treatment of Post-operative eye pain and inflammation,
Neosoralen Forte 25mg Tablet, Vitiligo Psoriasis,
Nucoril 5 Tablet,Treatment of Angina (heart-related chest pain),
Nemdaa 10 Tablet, Alzheimer's disease,
Nicostar OD 10 Tablet PR,Treatment of Angina (heart-related chest pain),
Nudoxy Capsule,Treatment of Bacterial infectionsTreatment of Acne,
Nexiron Injection,Treatment of Iron deficiency anemia,
Nebistar-H Tablet, Hypertension (high blood pressure),
Natzold Infusion, Osteoporosis Hypercalcemia,
Neurocetam Capsule, Alzheimer's disease Stroke Dementia in Parkinson's disease Age related memory loss Head injury,
Nebicard LN 2.5 Tablet, Hypertension (high blood pressure),
Navina-JR Tablet,Treatment of Nausea and vomiting in pregnancy,
Nimceta Tablet, Pain relief,
Nervijen-P SR Tablet,Treatment of Neuropathic pain,
Nefrosave Keto Sachet,Treatment of Chronic kidney disease,
Nextop 25 Tablet, Epilepsy/SeizuresPrevention of Migraine Lennox–Gastaut syndrome,
Numbex Cream, Local anesthesia (Numb tissues in a specific area),
Neuroprime-PG Capsule,Treatment of Neuropathic pain,
Nodon AM 5/5 Tablet, Hypertension (high blood pressure),
Novomix 50 Suspension for Injection 100IU/ml, Diabetes,
Nilol Tablet SR, Hypertension (high blood pressure),
Naltrawave Tablet, Opioid dependence Alcohol addiction,
Naturogest 100mg Injection, Hormone replacement therapyTreatment of Female infertility,
Natrilam 2.5mg Tablet SR, Hypertension (high blood pressure),
Novorapid Penfill,Treatment of Diabetes,
Nicoduce OD 10mg Tablet,Treatment of Angina (heart-related chest pain),
Nebimac 5 Tablet,Treatment of Hypertension (high blood pressure)Prevention of Heart attackPrevention of Stroke,
Nervic-G Tablet,Treatment of Neuropathic pain,
New Triclazone 80 Tablet,Treatment of Type 2 diabetes mellitus,
Nicip 100mg Capsule, Pain reliefTreatment of Fever,
Neopride SR Tablet, Gastroesophageal reflux disease (Acid reflux) Irritable bowel syndrome Heartburn,
Napsure Plus Tablet,Prevention of Migraine,
Nebicard 10 Tablet,Treatment of Hypertension (high blood pressure)Prevention of Heart attackPrevention of Stroke,
Niofine Forte Tablet, Fungal infections,
Nozee Tablet,Treatment of Common cold,
New Eukroma-Plus Cream,Treatment of Melasma,
Novaclav 625 Tablet,Treatment of Bacterial infections,
New Hair 4U 2% Solution,Treatment of Hair loss,
Nubeta 5 Tablet,Treatment of Hypertension (high blood pressure)Prevention of Heart attackPrevention of Stroke,
Nephtor 10 Tablet,Treatment of Hypertension (high blood pressure)Treatment of Edema,
Niofine Tablet, Fungal infections,
Nozia Injection,Treatment of NauseaTreatment of VomitingTreatment of Diarrhea,
Newven OD 50 Tablet ER, Depression,
Nebula 5 Tablet,Treatment of Hypertension (high blood pressure)Prevention of Heart attackPrevention of Stroke,
Nebula-D Tablet SR, Hypertension (high blood pressure),
Newtel 20 Tablet,Treatment of Hypertension (high blood pressure) Prevention of heart attack and strokeTreatment of Heart failure,
New Theo-Asthalin Syrup, Asthma,
Nepatak Eye Drop,Treatment of Post-operative eye pain and inflammation,
Nebicard-V Tablet, Hypertension (high blood pressure),
Nocold Drop,Treatment of Common cold,
Neypac 0.1% Eye Drop,Treatment of Post-operative eye pain and inflammation,
Nebilong H Tablet, Hypertension (high blood pressure),
Numbex Cream, Local anesthesia (Numb tissues in a specific area),
New Travisight-T Eye Drop,Treatment of GlaucomaTreatment of Ocular hypertension,
Nixitral 100 Capsule,Treatment of Fungal infections,
Nervit 500mcg Tablet,Treatment of Pernicious Anemia Vitamin B12 deficiency,
Numol MR 4 Tablet,Treatment of Pain due to muscle spasm,
Niofine Dusting Powder, Fungal skin infections,
Neopride MPS Tablet, Constipation,
Nodosis Oral Suspension,Treatment of IndigestionTreatment of Alkalinizing agentTreatment of Metabolic acidosis,
Nizoclin-SX Lotion, Fungal skin infections,
New Coldact Capsule SR,Treatment of Common cold,
Novamox 125 DT Tablet,Treatment of Peptic ulcer diseaseTreatment of Bacterial infections,
Nizoclin Soap, Fungal skin infections,
Nexsart 40 Tablet, Hypertension (high blood pressure) Heart failure Prevention of heart attack and stroke,
Nutalact Syrup, Constipation,
Nuloc-D Capsule SR,Treatment of Gastroesophageal reflux disease (Acid reflux)Treatment of Peptic ulcer disease,
Natrilam 10 Tablet SR, Hypertension (high blood pressure),
Nebicip 5 Tablet,Treatment of Hypertension (high blood pressure)Prevention of Heart attackPrevention of Stroke,
Nexvenla -OD 100 Tablet ER, Depression,
Nepaflam OD Eye Drop,Treatment of Post-operative eye pain and inflammation,
New Hair 4U 10% Solution,Treatment of Hair loss,
Nimupain 100mg Tablet, Pain reliefTreatment of Fever,
Nebula AM Tablet, Hypertension (high blood pressure),
Nimdase-P Tablet, Pain relief,
Neoclobyte GM Cream,Treatment of Skin infections,
Normabrain 800mg Tablet, Alzheimer's disease Stroke Dementia in Parkinson's disease Age related memory loss Head injury,
Nulong-OL 20 Tablet, Hypertension (high blood pressure),
Nucool S 1000mg Suspension,Treatment of Intestinal ulcersTreatment of Stomach ulcers,
Nixitral 200 Capsule,Treatment of Fungal infections,
Nuflam-RB Capsule SR, Pain relief,
Nurostar C 0.7mg/1500mcg/12mg Injection, Nutritional deficiencies,
Nswet Powder,Treatment of Skin infections,
Newcita 20 Tablet,Treatment of DepressionTreatment of Anxiety disorderTreatment of Panic disorder,
Nebzmart FB 1mg Smartules 2ml,Treatment of Chronic obstructive pulmonary disease (COPD),
Nureeto-MR 8 Tablet,Treatment of Pain due to muscle spasm,
Naturogest AQ 25mg Injection, Hormone replacement therapyTreatment of Female infertility,
Nexopil -DSR Capsule,Treatment of Gastroesophageal reflux disease (Acid reflux)Treatment of Functional dyspepsia,
Nextop 50 Tablet, Epilepsy/SeizuresPrevention of Migraine Lennox–Gastaut syndrome,
Nordys 550mg Tablet,Treatment of Hepatic encephalopathyTreatment of Infectious diarrhea,
Novolid 100mg Tablet, Pain reliefTreatment of Fever,
Nvm Dolo Tablet SR,Treatment of Neuropathic pain,
Nayzit Gel,Treatment of Acne,
Nodon AM 2.5 mg/2.5 mg Tablet, Hypertension (high blood pressure),
Nadimax Cream,Treatment of Bacterial skin infections,
Nimulid Transgel, Pain relief,
Nizonide-O Oral Suspension, Diarrhea Dysentery,
Nortimer 50mg Tablet, Depression Bed-wetting Neuropathic pain,
Nebicip 2.5 Tablet,Treatment of Hypertension (high blood pressure)Prevention of Heart attackPrevention of Stroke,
Nunaf Tablet, Dental cavities,
Novonorm 0.5mg Tablet,Treatment of Type 2 diabetes mellitus,
Navibrom Eye Drop, Post-operative eye pain and inflammation,
Nowill 1.5mg Tablet, Emergency contraception,
No Dryfusion Eye Drop,Treatment of Dry eyes,
New CH 6.25mg Tablet,Treatment of Hypertension (high blood pressure)Treatment of Edema,
Numlo-TM Tablet,Treatment of Hypertension (high blood pressure),
Naturogest SR 400 Tablet, Hormone replacement therapyTreatment of Female infertility,
Nodon H Tablet, Hypertension (high blood pressure),
Nubeta SM Tablet, Hypertension (high blood pressure),
Neo-Hp Kit,Treatment of Peptic ulcer disease,
Nervsenz Tablet SR, Neuropathic pain,
Nurocot 500mg Tablet,Treatment of StrokeTreatment of Head injuryTreatment of Alzheimer's diseaseTreatment of Dementia in Parkinson's disease,
Navionce Eye Drop, Post-operative eye pain and inflammation,
Naturogest 100mg Soft Gelatin Capsule, Hormone replacement therapy Female infertility,
Normalip F 10 Tablet,Treatment of High cholesterolPrevention of Heart attack,
Nexpar Oral Solution, Pain reliefTreatment of Fever,
Nucarnit-F Tablet, Nutritional deficiencies,
Nebazine Ointment, Bacterial skin infections,
Nimtech 100mg Tablet, Pain reliefTreatment of Fever,
Nepacent Eye Drop,Treatment of Post-operative eye pain and inflammation,
Novale Scalp Lotion, Fungal skin infections,
Nidagen 100 Capsule, Hormone replacement therapyTreatment of Female infertility,
Nexna TX Tablet,Treatment of Bleeding,
Neorelax A 4mg Tablet,Treatment of Pain due to muscle spasm,
Novonorm 2mg Tablet,Treatment of Type 2 diabetes mellitus,
Naftate Cream, Fungal skin infections,
Nitrofix SR 60 Tablet,Prevention of Angina (heart-related chest pain),
Nuril 2.5 Tablet,Treatment of Hypertension (high blood pressure)Treatment of Prevention of heart attack and strokeTreatment of Heart failure,
New Wosulin 30/70 Injection, Diabetes,
New Benadryl DR Cough Lozenges Honey+Lemon, Dry cough,
Naeva SR 200 Tablet, Hormone replacement therapy Female infertility,
Neugaba 150 Capsule,Treatment of Neuropathic painTreatment of Epilepsy/SeizuresTreatment of Fibromyalgia,
Neosoralen 5mg Tablet, Vitiligo Psoriasis,
Novamox 250 Rediuse Oral Suspension,Treatment of Bacterial infections,
Nephtor 20 Tablet,Treatment of Hypertension (high blood pressure)Treatment of Edema,
Neosoralen Lotion, Vitiligo Psoriasis,
Natcocil-M Tablet ER, Hypertension (high blood pressure),
Novamox 250 Rediuse Oral Suspension,Treatment of Bacterial infections,
Nugliptin M 500 Tablet,Treatment of Type 2 diabetes mellitus,
Nephtor 100 Tablet,Treatment of Hypertension (high blood pressure)Treatment of Edema,
Nitro 6.4 Tablet CR,Treatment of Angina (heart-related chest pain),
Nozal Soap, Fungal skin infections,
Neuronox 100IU Injection, Overactive bladder (OAB) symptomsPrevention of Migraine Cervical Dystonia Muscle spasm,
Nulong-OL 40 Tablet, Hypertension (high blood pressure),
Nedolide MR Tablet, Pain due to muscle spasm,
Newven OD 100 Tablet ER, Depression,
Nizol Shampoo,Treatment of Fungal infections,
Novamox 100 Rediuse Drop,Treatment of Peptic ulcer diseaseTreatment of Bacterial infections,
Neurofit 12 Tablet, Alzheimer's disease Stroke Dementia in Parkinson's disease Age related memory loss Head injury,
Numlo-TM 5 Tablet, Hypertension (high blood pressure),
Nizoclin Cream, Fungal skin infections,
Nitrofix 20 Tablet,Prevention of Angina (heart-related chest pain),
Nucarnit Tablet, Carnitine deficiency,
NAC -AQ Injection, Pain relief,
Naudox Tablet,Treatment of Nausea and vomiting in pregnancy,
Noxafil Oral Suspension, Severe fungal infections,
Nusar-H Tablet,Treatment of Hypertension (high blood pressure),
Niclonz 4 Pastilles Mint Sugar Free, Quitting smoking,
Neopress AM 50mg/5mg Tablet, Hypertension (high blood pressure),
Nimegesic 100mg Tablet IR, Pain reliefTreatment of Fever,
Nexipra 10 Tablet,Treatment of DepressionTreatment of Anxiety disorderTreatment of Panic disorder,
Naprosyn ES Tablet DR, Pain relief,
Nface-AC Gel,Treatment of Acne,
Nimorazol Tablet, Bacterial infections Parasitic infections,
Novadoc 400mg Tablet ER, Pain relief,
Noscab Soap, Scabies,
NAC SR 150 Tablet, Pain relief,
Nervrelief Tablet SR, Neuropathic pain,
Nitch Cream,Treatment of Allergic skin conditions,
Ntgn 6.4 Tablet CR,Treatment of Angina (heart-related chest pain),
Numbex Cream, Local anesthesia (Numb tissues in a specific area),
Neolet 500mg Tablet,Treatment of Epilepsy/Seizures,
Nebizok 5 Tablet,Treatment of Hypertension (high blood pressure)Prevention of Heart attackPrevention of Stroke,
Nia 250mg Tablet,Treatment of Nutritional deficiencies,
Nexarid-DSR Capsule,Treatment of Gastroesophageal reflux disease (Acid reflux)Treatment of Peptic ulcer disease,
Nebizok 5 Tablet,Treatment of Hypertension (high blood pressure)Prevention of Heart attackPrevention of Stroke,
Nia 250mg Tablet,Treatment of Nutritional deficiencies,
Nexarid-DSR Capsule,Treatment of Gastroesophageal reflux disease (Acid reflux)Treatment of Peptic ulcer disease,
NT-Natal 250mg Injection,Prevention of Premature Labor,
Napsea Tablet,Prevention of Migraine,
Nebipil SA Tablet, Hypertension (high blood pressure),
Nokver 200 Capsule,Treatment of Fungal infections,
Neopristal Tablet, Uterine fibroids,
Neos Cream, Bacterial skin infections,
Nexavar 200mg Tablet, Liver cancer Kidney cancer Thyroid cancer,
Neuciti 500 Tablet,Treatment of StrokeTreatment of Head injuryTreatment of Alzheimer's diseaseTreatment of Dementia in Parkinson's disease,
Nimceta MF Suspension, Pain reliefTreatment of Fever,
Nebiten 2.5 Tablet,Treatment of Hypertension (high blood pressure)Prevention of Heart attackPrevention of Stroke,
Nexopil 40 Tablet,Treatment of Gastroesophageal reflux disease (Acid reflux)Treatment of Peptic ulcer diseaseTreatment of Zollinger-Ellison syndrome,
Nacfil 1200 Tablet,Treatment of Paracetamol toxicity,
Nveda Sleep Aid with Melatonin 3mg Tablet,Treatment of InsomniaTreatment of Jet lag,
Neurocreme Cream, Eczema,
Neucholine Tablet,Treatment of StrokeTreatment of Head injuryTreatment of Alzheimer's diseaseTreatment of Dementia in Parkinson's disease,
Noxin Cream,Treatment of Bacterial skin infections,
Ncp Cream,Treatment of Skin infections,
Nexsart 80 Tablet, Hypertension (high blood pressure) Heart failure Prevention of heart attack and stroke,
Nusar-AM 5 Tablet, Hypertension (high blood pressure),
Nuvog-MD 0.3 Tablet,Treatment of Type 2 diabetes mellitus,
Nutraport 37.5mg Tablet, Depression Anxiety disorder,
Nightmax 20 Tablet,Treatment of Erectile dysfunctionTreatment of Pulmonary arterial hypertension (PAH),
Nigtel 40mg Tablet,Treatment of Hypertension (high blood pressure) Prevention of heart attack and strokeTreatment of Heart failure,
Nexomep 40 Tablet,Treatment of Gastroesophageal reflux disease (Acid reflux)Treatment of Peptic ulcer diseaseTreatment of Zollinger-Ellison syndrome,
Nebipil-H Tablet, Hypertension (high blood pressure),
Nuplene-C Gel,Treatment of Acne,
Nicholas Ring-O-Rap Cream,Treatment of Skin infections,
O2 Tablet,Treatment of Bacterial & parasitic infections,
Ovral L Tablet, Contraception,
Omnacortil 10 Tablet DT,Treatment of Severe allergic reactionsTreatment of Allergic conditionsTreatment of Rheumatic disorderTreatment of Skin disordersTreatment of Eye disordersTreatment of Nephrotic syndrome,
Oflox OZ Tablet,Treatment of Bacterial & parasitic infections,
Ondem -MD 4 Tablet,Treatment of NauseaTreatment of Vomiting,
Omee Capsule,Treatment of HeartburnTreatment of Gastroesophageal reflux disease (Acid reflux)Treatment of Peptic ulcer diseaseTreatment of Zollinger-Ellison syndrome,
O2 M Oral Suspension,Treatment of Bacterial & parasitic infectionsTreatment of DiarrheaTreatment of Dysentery,
Oflox-D Eye Drop,Treatment of Bacterial eye infections,
Okacet Tablet,Treatment of Allergic conditions,
Oflox Eye/Ear Drop, Bacterial eye infectionsTreatment of Bacterial infections,
Ondem 4 Tablet,Treatment of NauseaTreatment of Vomiting,
Omnacortil Oral Solution,Treatment of Inflammatory conditionsTreatment of Autoimmune conditionsTreatment of Severe allergic reactionsTreatment of Allergic conditionsTreatment of Rheumatic disorderTreatment of Skin disordersTreatment of Eye disordersTreatment of Nephrotic syndrome,
Omez Capsule,Treatment of HeartburnTreatment of Gastroesophageal reflux disease (Acid reflux)Treatment of Peptic ulcer diseaseTreatment of Zollinger-Ellison syndrome,
Oxra 10mg Tablet,Treatment of Type 2 diabetes mellitus,
Omez-Dsr Capsule,Treatment of Gastroesophageal reflux disease (Acid reflux)Treatment of Peptic ulcer disease,
Oflokem D Eye/Ear Drops,Treatment of Bacterial infections,
Oflox 200 Tablet,Treatment of Bacterial infections,
Ovral G Tablet, Contraception,
Optineuron Injection, Nutritional deficiencies Vitamin B12 deficiency,
Ocupol DX Eye Ointment,Treatment of Bacterial eye infections,
Ondero 5mg Tablet,Treatment of Type 2 diabetes mellitus,
Ocupol Eye/Ear Drops,Treatment of Bacterial eye infections,
Ondem Syrup,Treatment of Nausea Vomiting,
Ornof Tablet,Treatment of Bacterial & parasitic infections,
Onabet 2% Cream,Treatment of Fungal skin infectionsTreatment of Fungal infections,
Otogesic Ear Drop, Local anesthesia (Numb tissues in a specific area),
Oflotas-OZ Tablet,Treatment of Bacterial & parasitic infections,
Omnacortil 5 Tablet DT,Treatment of Severe allergic reactionsTreatment of Allergic conditionsTreatment of Rheumatic disorderTreatment of Skin disordersTreatment of Eye disordersTreatment of Nephrotic syndrome,
Osteofos 70 Tablet,Treatment of OsteoporosisTreatment of Paget's disease,
Ocurest AH Eye Drop,Treatment of Allergic eye disease,
Otek-AC Neo Ear Drop,Treatment of Ear pain,
Optibex Tear Eye Drop,Treatment of Dry eyes,
Optive Eye Drop,Treatment of Dry eyes,
Ocurest Sterile Eye Drop,Treatment of Allergic eye disease,
Odoxil 500mg Tablet,Treatment of Bacterial infections,
Okacet-L Tablet,Treatment of Allergic conditions,
Orcerin GM Tablet, Osteoarthritis,
Oleanz 2.5 Tablet,Treatment of SchizophreniaTreatment of Mania,
Ocupol DX Sterile Eye/Ear Drops,Treatment of Bacterial eye / ear infections,
Oxetol 300 Tablet, Epilepsy/Seizures,
Orcibest Tablet,Treatment and prevention of Chronic obstructive pulmonary disease (COPD),
Omnacortil 20 Tablet DT,Treatment of Severe allergic reactionsTreatment of Allergic conditionsTreatment of Rheumatic disorderTreatment of Skin disordersTreatment of Eye disordersTreatment of Nephrotic syndrome,
Ocid 20 Capsule,Treatment of HeartburnTreatment of Gastroesophageal reflux disease (Acid reflux)Treatment of Peptic ulcer diseaseTreatment of Zollinger-Ellison syndrome,
Omee-D Capsule,Treatment of Gastroesophageal reflux disease (Acid reflux)Treatment of Peptic ulcer disease,
Orni-O Tablet,Treatment of Bacterial & parasitic infections,
Oncet-CF  Tablet,Treatment of Common cold,
Odimont-LC Tablet,Treatment of Sneezing and runny nose due to allergiesTreatment of Hay feverTreatment of Allergic skin conditions,
Orasep Gel,Treatment of Mouth ulcers,
Omnacortil Forte Syrup,Treatment of Inflammatory conditionsTreatment of Autoimmune conditionsTreatment of Severe allergic reactionsTreatment of Allergic conditionsTreatment of Rheumatic disorderTreatment of Skin disordersTreatment of Eye disordersTreatment of Nephrotic syndrome,
Oleanz 5 Tablet,Treatment of SchizophreniaTreatment of Mania,
Oncet 3D Tablet SR, Asthma,
Ondero Met 2.5mg/500mg Tablet,Treatment of Type 2 diabetes mellitus,
OFM 50/100 Suspension,Treatment of Bacterial & parasitic infectionsTreatment of DiarrheaTreatment of Dysentery,
Oflokem Eye/Ear Drops, Bacterial eye / ear infectionsTreatment of Bacterial infections,
O2H Tablet,Treatment of Bacterial & parasitic infections,
Osil Capsule,Treatment of PilesTreatment of Varicose veins,
Omnicef-O 200mg Tablet,Treatment of Bacterial infections,
Oflomac OZ Tablet,Treatment of Bacterial & parasitic infections,
Oflomac 200 Tablet,Treatment of Bacterial infections,
Oxetol 150 Tablet, Epilepsy/Seizures,
Oraways Oral Paste,Treatment of Mouth ulcers,
Osil Cream, Piles,
Oxramet XR 10mg/500mg Tablet,Treatment of Type 2 diabetes mellitus,
Ondem Injection,Treatment of Nausea Vomiting,
Opox 200mg Tablet,Treatment of Bacterial infections,
Orofer FCM 1K Injection,Treatment of Iron deficiency anemia,
Olmezest 20 Tablet, Hypertension (high blood pressure) Heart failure Prevention of heart attack and stroke,
Oratil 500 Tablet,Treatment of Bacterial infections,
Olmesar 20 Tablet, Hypertension (high blood pressure) Heart failure Prevention of heart attack and stroke,
Ovuloc LD Tablet, Contraception,
Oleanz Plus Tablet, Bipolar depression,
Onecan 150 Tablet,Treatment of Fungal infections,
Oxipod 200mg Tablet,Treatment of Bacterial infections,
Olmezest 40 Tablet, Hypertension (high blood pressure) Heart failure Prevention of heart attack and stroke,
Otocin-C Ear Drop,Treatment of Ear infection,
Onabet-B Cream, Skin infections,
Orthodex MR Tablet,Treatment of Pain due to muscle spasm,
Olimelt 5  Tablet MD,Treatment of SchizophreniaTreatment of Mania,
Okacet Cold Tablet,Treatment of Common cold,
Olopat OD Eye Drops,Treatment of Allergic conditions,
Omnacortil Oral Drops,Treatment of Inflammatory conditionsTreatment of Autoimmune conditionsTreatment of Severe allergic reactionsTreatment of Allergic conditionsTreatment of Rheumatic disorderTreatment of Skin disordersTreatment of Eye disordersTreatment of Nephrotic syndrome,
Ora-Fast Gel,Treatment of Mouth ulcers,
Olimelt 2.5 Tablet MD,Treatment of SchizophreniaTreatment of Mania,
Okamet 500 Tablet,Treatment of Type 2 diabetes mellitus,
Oosure-M Tablet, Polycystic ovarian syndrome (PCOS),
Oratil CV 500 Tablet,Treatment of Bacterial infections,
Opox CV 200 Tablet,Treatment of Respiratory tract infection,
Olimab 60mg Injection, Osteoporosis,
Oflox 100 Rediuse Oral Suspension,Treatment of Bacterial infections,
Oxra 5mg Tablet,Treatment of Type 2 diabetes mellitus,
Omnix 100 Dry Syrup Strawberry,Treatment of Bacterial infections,
Odimont-FX Tablet,Treatment of Sneezing and runny nose due to allergies,
Oxerute CD 500mg/500mg Tablet, Piles,
Oleanz 10 Tablet,Treatment of SchizophreniaTreatment of Mania,
Onabet SD Solution,Treatment of Fungal skin infections,
Omnix 200 DT Tablet,Treatment of Bacterial infections,
Olox-OZ Tablet,Treatment of Bacterial & parasitic infections,
Oflox TZ Tablet, Diarrhea Dysentery,
Onabet Lotion,Treatment of Fungal skin infectionsTreatment of Fungal infections,
Ocabile 10 Tablet,Treatment of Primary biliary cirrhosis,
Oxramet XR 10mg/1000mg Tablet,Treatment of Type 2 diabetes mellitus,
Omnacortil 40 Tablet DT,Treatment of Severe allergic reactionsTreatment of Allergic conditionsTreatment of Rheumatic disorderTreatment of Skin disordersTreatment of Eye disordersTreatment of Nephrotic syndrome,
Ozomet-PG 2 Tablet ER,Treatment of Type 2 diabetes mellitus,
Otocin D Eye/Ear Drops,Treatment of Bacterial eye / ear infections,
Ozomet-VG2 Tablet SR,Treatment of Type 2 diabetes mellitus,
O2 Derm Cream,Treatment of Skin infections,
Omez Insta Sachet Mint,Treatment of HeartburnTreatment of Gastroesophageal reflux disease (Acid reflux)Treatment of Peptic ulcer diseaseTreatment of Zollinger-Ellison syndrome,
Optisoft Eye Drop,Treatment of Dry eyes,
Oflokem 200mg Tablet,Treatment of Bacterial infections,
Omee Mps Oral Suspension Mint, Acidity Stomach ulcers Bloating,
Octride 0.1mg Injection, Acromegaly Carcinoid tumours Bleeding esophageal varices,
Ordent Tablet,Treatment of Bacterial & parasitic infections,
Oflox 400 Tablet,Treatment of Bacterial infections,
Ovigyn D 3 Tablet SR, Female infertility,
Orcerin Capsule, Osteoarthritis,
Ovuloc Tablet, Contraception,
Odimont-AL Tablet,Treatment of Respiratory tract disorders associated with viscid mucus,
Obimet SR Tablet,Treatment of Type 2 diabetes mellitus,
O-Stat 120 Capsule, Obesity,
Osteofos 35 Tablet,Treatment of OsteoporosisTreatment of Paget's disease,
Opiprol 50 Tablet, Anxiety disorder,
Ocuflur Eye Drop,Treatment of Post-operative eye pain and inflammation,
Ontears Eye Drop,Treatment of Dry eyes,
Ofron Eye/Ear Drops, Bacterial eye / ear infectionsTreatment of Bacterial infections,
Oxipod 100 Oral Suspension,Treatment of Bacterial infections,
Olmesar 40 Tablet, Hypertension (high blood pressure) Heart failure Prevention of heart attack and stroke,
Oxipod 50mg Dry Syrup,Treatment of Bacterial infections,
Ozovas-F  Tablet,Treatment of High cholesterolPrevention of Heart attack,
Olmezest Beta 25 Tablet ER, Hypertension (high blood pressure),
Oxerute Cream,Treatment of Piles,
Oxyspas 2.5 Tablet,Treatment of Overactive bladder (OAB) symptoms,
Oxetol 450 Tablet, Epilepsy/Seizures,
Onitraz -Forte Capsule,Treatment of Fungal infections,
Olmetime 20 Tablet, Hypertension (high blood pressure) Heart failure Prevention of heart attack and stroke,
Oxipod-CV Tablet,Treatment of Respiratory tract infection,
Olimelt 10 Tablet MD,Treatment of SchizophreniaTreatment of Mania,
Oricitral Syrup Lemon,Treatment of GoutTreatment of Kidney stone,
Oframax Forte 1.5g Injection, Bacterial infections,
OFM-DS Suspension,Treatment of Bacterial & parasitic infectionsTreatment of DiarrheaTreatment of Dysentery,
Olmezest AM Tablet, Hypertension (high blood pressure),
Oxalgin-DP Tablet, Pain relief,
Omniclav 625 Tablet,Treatment of Bacterial infections,
Optimoist Eye Drop,Treatment of Dry eyes,
Onitraz Capsule,Treatment of Fungal infections,
Osicare-DS Tablet, Osteoarthritis,
Obra Eye Drops,Treatment of Bacterial eye infections,
Oson O Tablet,Treatment of Bacterial & parasitic infections,
Odoxil 250 DT Tablet,Treatment of Bacterial infections,
Omnacortil 30 Tablet DT,Treatment of Severe allergic reactionsTreatment of Allergic conditionsTreatment of Rheumatic disorderTreatment of Skin disordersTreatment of Eye disordersTreatment of Nephrotic syndrome,
Oxcarb 300 Tablet, Epilepsy/Seizures,
Oflomac Forte Oral Solution,Treatment of Bacterial infections,
Osteri 750mcg Solution for Injection, Osteoporosis,
Obra Eye Ointment,Treatment of Bacterial eye infections,
Oratil 250mg Tablet,Treatment of Bacterial infections,
Ocuvir 400 DT Tablet, Herpes Simplex Virus Infections Chickenpox Herpes labialis Shingles Genital herpes infection,
Olanex F Tablet, Bipolar depression,
Ocabile 5 Tablet,Treatment of Primary biliary cirrhosis,
Oraflora Oral Gel,Treatment of Mouth ulcers,
Osmodrops Eye Drop,Treatment of Dry eyes,
Opticool Eye Drop,Treatment of Allergic eye disease,
Olmezest H 40 Tablet, Hypertension (high blood pressure),
Olkem  20 Tablet, Hypertension (high blood pressure) Heart failure Prevention of heart attack and stroke,
Omesec 20 Capsule,Treatment of HeartburnTreatment of Gastroesophageal reflux disease (Acid reflux)Treatment of Peptic ulcer diseaseTreatment of Zollinger-Ellison syndrome,
Oraxin Syrup, Appetite stimulant,
Ovipauz L Tablet, Contraception,
Olmesar A Tablet, Hypertension (high blood pressure),
Olfi Pod Tablet, Bacterial infections,
Olmezest Beta 50 Tablet ER, Hypertension (high blood pressure),
Oflomac Oral Solution,Treatment of Bacterial infections,
Oliza 2.5 Tablet,Treatment of SchizophreniaTreatment of Mania,
Ocuvir 800 DT Tablet, Herpes Simplex Virus Infections Chickenpox Herpes labialis Shingles Genital herpes infection,
Ostospray, Post menopausal osteoporosis Paget's disease,
Oxramet 5mg/1000mg Tablet IR,Treatment of Type 2 diabetes mellitus,
Olmezest AM 40 Tablet, Hypertension (high blood pressure),
Otodac-DX Ear Drop,Treatment of Bacterial infections,
Olymprix M 500 Tablet ER,Treatment of Type 2 diabetes mellitus,
Ocid QRS 20 Tablet,Treatment of HeartburnTreatment of Gastroesophageal reflux disease (Acid reflux)Treatment of Peptic ulcer diseaseTreatment of Zollinger-Ellison syndrome,
Olmesar A 40 Tablet, Hypertension (high blood pressure),
Olmin 20 Tablet, Hypertension (high blood pressure) Heart failure Prevention of heart attack and stroke,
Olmin Trio 40 Tablet, Hypertension (high blood pressure),
Oliza 5 Tablet,Treatment of SchizophreniaTreatment of Mania,
Onabet Max Cream,Treatment of Fungal skin infectionsTreatment of Fungal infections,
Ovafem Plus Tablet, Female infertility,
Olmesar H 40 Tablet, Hypertension (high blood pressure),
Osicare Plus Tablet, Osteoarthritis,
Oflokem OZ Tablet,Treatment of Bacterial & parasitic infections,
Olmesar  H Tablet, Hypertension (high blood pressure),
Olmezest CH 40 Tablet, Hypertension (high blood pressure),
Oxetol 600 Tablet, Epilepsy/Seizures,
OF 200 Tablet,Treatment of Bacterial infections,
Omnix 50 Dry Syrup,Treatment of Bacterial infections,
Ondero Met 2.5mg/1000mg Tablet,Treatment of Type 2 diabetes mellitus,
Ocid-D Capsule,Treatment of Gastroesophageal reflux disease (Acid reflux)Treatment of Peptic ulcer disease,
Ovaa Shield DS Combipack, Female infertility,
Ozotel-H Tablet,Treatment of Hypertension (high blood pressure),
Ondem 8 Tablet,Treatment of NauseaTreatment of Vomiting,
Olmetime 40 Tablet, Hypertension (high blood pressure) Heart failure Prevention of heart attack and stroke,
Olkem Trio 40 Tablet, Hypertension (high blood pressure),
Odepraz D 30mg/40mg Capsule SR,Treatment of Gastroesophageal reflux disease (Acid reflux)Treatment of Functional dyspepsia,
Oxetol XR 300 Tablet, Epilepsy/Seizures,
Oflox 50 Rediuse,Treatment of Bacterial infections,
O-Stat 60 Capsule, Obesity,
Orasep OT Mouth Paint, Fungal infections of mouth (Thrush)Treatment of Fungal infections,
Onco Bcg 40mg Injection,Treatment of Early-stage bladder cancer,
Olmezest 10 Tablet, Hypertension (high blood pressure) Heart failure Prevention of heart attack and stroke,
Olife-M Oral Suspension,Treatment of Bacterial & parasitic infectionsTreatment of DiarrheaTreatment of Dysentery,
Ozomet-PG 1 Tablet,Treatment of Type 2 diabetes mellitus,
Orthocort 6 Tablet,Treatment of Inflammatory conditionsTreatment of Autoimmune conditionsTreatment of Cancer,
Ozotel-AM Tablet,Treatment of Hypertension (high blood pressure),
Oxcq 200 Tablet,Treatment of Rheumatoid arthritisTreatment of Systemic lupus erythematosus (SLE)Treatment of Type 2 diabetes mellitus,
Olmin Trio Tablet, Hypertension (high blood pressure),
Ofron 200mg Tablet,Treatment of Bacterial infections,
Orkid 4 Plus Cream,Treatment of Skin infections,
Olmighty 20 Tablet, Hypertension (high blood pressure) Heart failure Prevention of heart attack and stroke,
Ovitrelle Solution for Injection,Treatment of Female infertilityTreatment of Male hypogonadism,
Ovalife Met Tablet, Polycystic ovarian syndrome (PCOS),
Otski Injection, Nutritional deficiencies,
Olkem Trio 6.25 Tablet, Hypertension (high blood pressure),
Olmezest H 20 Tablet, Hypertension (high blood pressure),
Olmat 40 Tablet, Hypertension (high blood pressure) Heart failure Prevention of heart attack and stroke,
Otodac-CL Ear Drop,Treatment of Fungal infections,
Omnix CV Tablet,Treatment of Bacterial infections,
Onoff OZ 200mg/500mg Tablet,Treatment of Bacterial & parasitic infections,
Olmetime-AM 20 Tablet, Hypertension (high blood pressure),
Oxcarb 150 Tablet, Epilepsy/Seizures,
Onabet 2% Cream,Treatment of Fungal skin infectionsTreatment of Fungal infections,
Onglyza 5mg Tablet,Treatment of Type 2 diabetes mellitus,
Orahex Pro Mouth Wash Mint, Mouth infection,
Ozotel-AMH Tablet, Hypertension (high blood pressure),
Oxicojen Cream, Fungal skin infections,
Ovanac-DSR Tablet, Female infertility,
Ocuvir Skin Cream, Herpes labialis,
Olkem  40 Tablet, Hypertension (high blood pressure) Heart failure Prevention of heart attack and stroke,
Ocid L Capsule PR,Treatment of Gastroesophageal reflux disease (Acid reflux)Treatment of Peptic ulcer disease,
Optihist Eye Drop,Treatment of Allergic eye disease,
Oncotrex 7.5 Tablet,Treatment of CancerTreatment of Rheumatoid arthritisTreatment of PsoriasisTreatment of Crohn’s disease,
Ozomet-VG 1 Tablet SR,Treatment of Type 2 diabetes mellitus,
Olmetime-AM 40 Tablet, Hypertension (high blood pressure),
Olkem Trio 12.5 Tablet, Hypertension (high blood pressure),
Ostovit DM  Tablet, Osteoarthritis,
Orogard Mouth Paint, Fungal infections of mouth (Thrush)Treatment of Fungal infections,
Omesec-RD Capsule,Treatment of Gastroesophageal reflux disease (Acid reflux)Treatment of Peptic ulcer disease,
Oraflora LA Gel,Treatment of Mouth ulcers,
Orvas-FT Tablet,Treatment of High cholesterolPrevention of Heart attack,
Odepraz 40mg Tablet,Treatment of Gastroesophageal reflux disease (Acid reflux)Treatment of Peptic ulcer diseaseTreatment of Zollinger-Ellison syndrome,
Olsar 20 Tablet, Hypertension (high blood pressure) Heart failure Prevention of heart attack and stroke,
Olymprix Tablet,Treatment of Type 2 diabetes mellitus,
Olymprix M 500 Tablet PR,Treatment of Type 2 diabetes mellitus,
Oflomac 400 Tablet,Treatment of Bacterial infections,
Olox 200mg Tablet,Treatment of Bacterial infections,
Olmetime-AMH 20 Tablet, Hypertension (high blood pressure),
Olmy 20 Tablet, Hypertension (high blood pressure) Heart failure Prevention of heart attack and stroke,
Omnacortil 2.5 Tablet DT,Treatment of Severe allergic reactionsTreatment of Allergic conditionsTreatment of Rheumatic disorderTreatment of Skin disordersTreatment of Eye disordersTreatment of Nephrotic syndrome,
Odimont-LC Syrup,Treatment of Sneezing and runny nose due to allergiesTreatment of Hay feverTreatment of Allergic skin conditions,
Oabf 25mg Tablet,Treatment of Overactive bladder (OAB) symptoms,
Orthosenz Ointment, Neuropathic pain,
Olan 5 Tablet,Treatment of SchizophreniaTreatment of Mania,
Orex Cream,Treatment of Mouth ulcers,
Odimont 10 Tablet,Prevention of Asthma,
Olmetime-H 40 Tablet, Hypertension (high blood pressure),
Ontears Gel Drops,Treatment of Dry eyes,
Optimoist-DS Lubricant Eye Drop,Treatment of Dry eyes,
Omiflux Capsule,Treatment of Gastroesophageal reflux disease (Acid reflux)Treatment of Peptic ulcer disease,
Optithrocin Eye Ointment,Treatment of Bacterial eye infections,
Olmezest CH 20 Tablet, Hypertension (high blood pressure),
Obimet SR 1gm Tablet,Treatment of Type 2 diabetes mellitus,
Ozomet-G1 Tablet PR,Treatment of Type 2 diabetes mellitus,
Ornilox Tablet,Treatment of Bacterial & parasitic infections,
Orogard SG Gel,Treatment of Mouth ulcers,
Obimet Tablet,Treatment of Type 2 diabetes mellitus,
Oxybro Plus Tablet SR,Treatment and prevention of Chronic obstructive pulmonary disease (COPD)Treatment of Sneezing and runny nose due to allergies,
Onecan 400 Tablet,Treatment of Fungal infections,
Ontears Unit dose Eye Drop (0.4ml Each),Treatment of Dry eyes,
Olmighty 40 Tablet, Hypertension (high blood pressure) Heart failure Prevention of heart attack and stroke,
Oleanz Forte Tablet, Bipolar depression,
Ocuvir SR 1.2gm Tablet, Herpes Simplex Virus Infections Chickenpox Herpes labialis Shingles Genital herpes infection,
Olmetime-AMH 40 Tablet, Hypertension (high blood pressure),
Olmesar 10 Tablet, Hypertension (high blood pressure) Heart failure Prevention of heart attack and stroke,
Ondero Met 850mg/2.5mg Tablet,Treatment of Type 2 diabetes mellitus,
Oslax Laxative Oral Solution,Treatment of Constipation,
Oliza 10 Tablet,Treatment of SchizophreniaTreatment of Mania,
Olmat-H Tablet, Hypertension (high blood pressure),
Obimet GX2 Tablet PR,Treatment of Type 2 diabetes mellitus,
Omecip Capsule,Treatment of HeartburnTreatment of Gastroesophageal reflux disease (Acid reflux)Treatment of Peptic ulcer diseaseTreatment of Zollinger-Ellison syndrome,
Omefol Capsule,Treatment of HeartburnTreatment of Gastroesophageal reflux disease (Acid reflux)Treatment of Peptic ulcer diseaseTreatment of Zollinger-Ellison syndrome,
Ostogard Gm Tablet, Osteoarthritis,
Oxicojen Lotion, Fungal skin infections,
Olmat 40 AMH Tablet, Hypertension (high blood pressure),
Oflomac TZ 200 mg/600 mg Tablet, Diarrhea Dysentery,
Oflomac Oral Solution,Treatment of Bacterial infections,
Orex-LO Gel,Treatment of Mouth ulcers,
Olsertain 20 Tablet, Hypertension (high blood pressure) Heart failure Prevention of heart attack and stroke,
Olmat 20 AM Tablet, Hypertension (high blood pressure),
Oleanz RT 5 Tablet,Treatment of SchizophreniaTreatment of Mania,
Oraxin Drop, Appetite stimulantTreatment of Allergic skin conditions,
Oleanz 7.5 Tablet,Treatment of SchizophreniaTreatment of Mania,
Olmetime-H 20 Tablet, Hypertension (high blood pressure),
Omnikacin 500 Injection, Bacterial infections,
Olay 2.5 Tablet,Treatment of SchizophreniaTreatment of Mania,
Olmin 40 Tablet, Hypertension (high blood pressure) Heart failure Prevention of heart attack and stroke,
Olmetime-CT 40 Tablet, Hypertension (high blood pressure),
Optiqmega Capsule, Nutritional deficiencies,
Obra F  Eye Drop,Treatment of Bacterial eye infections,
Oleptal DT 300 Tablet, Epilepsy/Seizures,
Onecan Dusting Powder, Fungal skin infectionsTreatment of Fungal infections,
Okacet Cold Total Tablet,Treatment of Common cold,
Olvance 20 Tablet, Hypertension (high blood pressure) Heart failure Prevention of heart attack and stroke,
Oxetol XR 450 Tablet, Epilepsy/Seizures,
Optidoz Tablet, Hypertension (high blood pressure),
Olmighty AM Tablet, Hypertension (high blood pressure),
Ocucin Eye Drop, Bacterial eye infectionsTreatment of Bacterial infections,
Oriel Tablet,Treatment of Allergic conditions,
Opox CV 50mg/31.25mg Dry Syrup,Treatment of Respiratory tract infection,
Ozovas 20 Tablet, High cholesterolPrevention of Heart attack,
Olan 10 Tablet,Treatment of SchizophreniaTreatment of Mania,
Onimex SF 30mg/200mg Syrup Sugar Free, Cough with mucus,
Olsar 40 Tablet, Hypertension (high blood pressure) Heart failure Prevention of heart attack and stroke,
Olkem 20 CT Tablet, Hypertension (high blood pressure),
Oncotrex 5 Tablet,Treatment of CancerTreatment of Rheumatoid arthritisTreatment of PsoriasisTreatment of Crohn’s disease,
Olay 5 Tablet,Treatment of SchizophreniaTreatment of Mania,
Orlean 120 Capsule, Obesity,
Olmin 10 Tablet, Hypertension (high blood pressure) Heart failure Prevention of heart attack and stroke,
Olmat 40 H Tablet, Hypertension (high blood pressure),
Olsertain 40 Tablet, Hypertension (high blood pressure) Heart failure Prevention of heart attack and stroke,
Osolac Oral Solution,Treatment of ConstipationTreatment of Hepatic encephalopathy,
Orlica Capsule, Obesity,
Oxetol XR 150 Tablet, Epilepsy/Seizures,
Oloplus Eye Drop,Treatment of Allergic conditions,
Olmighty 40H Tablet, Hypertension (high blood pressure),
Olmark 20 Tablet, Hypertension (high blood pressure) Heart failure Prevention of heart attack and stroke,
Olotop DS Eye Drop,Treatment of Allergic conditions,
Olmin 20-CH Tablet, Hypertension (high blood pressure),
Octamop Lotion, Vitiligo Psoriasis,
Obrin F Eye Drop,Treatment of Bacterial eye infections,
Olay Plus Tablet, Bipolar depression,
Oro-CV 625 Tablet,Treatment of Bacterial infections,
Oxcarb 450 Tablet, Epilepsy/Seizures,
Olkem-Beta 25 Tablet, Hypertension (high blood pressure),
O Cebran OZ Tablet,Treatment of Bacterial & parasitic infections,
Omez 10 Capsule,Treatment of HeartburnTreatment of Gastroesophageal reflux disease (Acid reflux)Treatment of Peptic ulcer diseaseTreatment of Zollinger-Ellison syndrome,
Olmy 40 Tablet, Hypertension (high blood pressure) Heart failure Prevention of heart attack and stroke,
Olkem 40 CT Tablet, Hypertension (high blood pressure),
Omnitan H Tablet,Treatment of Hypertension (high blood pressure),
Olmin 40-CH Tablet, Hypertension (high blood pressure),
OLO 1 Eye Drop,Treatment of Allergic conditions,
Oxetol Suspension, Epilepsy/Seizures,
Ovalink Tablet SR,Treatment of Female infertility,
Olkem-Beta 50 Tablet ER, Hypertension (high blood pressure),
Olmat 40 CT Tablet, Hypertension (high blood pressure),
Obezita 120mg Capsule, Obesity,
Olmetor 20 Tablet, Hypertension (high blood pressure) Heart failure Prevention of heart attack and stroke,
Olmat 20 AMH Tablet, Hypertension (high blood pressure),
Ostium K2 Kit,Treatment and prevention of postmenopausal Osteoporosis,
Olimelt 7.5 Tablet MD,Treatment of SchizophreniaTreatment of Mania,
Oline 2.5mg Tablet,Treatment of SchizophreniaTreatment of Mania,
Olmy-D 20 Tablet SR, Hypertension (high blood pressure),
Oflo Ophthalmic Solution, Bacterial eye infectionsTreatment of Bacterial infections,
Olymprix M 1000 Tablet PR,Treatment of Type 2 diabetes mellitus,
Olmat 40 AM Tablet, Hypertension (high blood pressure),
Orthocort 12 Tablet,Treatment of Inflammatory conditionsTreatment of Autoimmune conditionsTreatment of Cancer,
Oxcq 300 Tablet,Treatment of Rheumatoid arthritisTreatment of Systemic lupus erythematosus (SLE)Treatment of Type 2 diabetes mellitus,
Olsertain-H 40 Tablet, Hypertension (high blood pressure),
Olvance 40 Tablet, Hypertension (high blood pressure) Heart failure Prevention of heart attack and stroke,
Olkem 20 AM Tablet, Hypertension (high blood pressure),
Optimoz-Plus Tablet, Polycystic ovarian syndrome (PCOS),
Olmighty 20 H Tablet, Hypertension (high blood pressure),
Olanex 5 Tablet,Treatment of SchizophreniaTreatment of Mania,
Orlean 60 Capsule, Obesity,
Olopine Eye Drops,Treatment of Allergic conditions,
Olmy-D 40 Tablet SR, Hypertension (high blood pressure),
Octamop Tablet, Vitiligo Psoriasis,
Orvas 10 Tablet, High cholesterolPrevention of Heart attack,
Olmetime-CT 20 Tablet, Hypertension (high blood pressure),
Oxetol XR 600 Tablet, Epilepsy/Seizures,
Olsar-A 20 Tablet, Hypertension (high blood pressure),
Olkem 40 AM Tablet, Hypertension (high blood pressure),
Ovidine 5% Ointment,Treatment and prevention of Wound infection,
Olimelt 15 Tablet,Treatment of SchizophreniaTreatment of Mania,
Osmolube HY Eye Drop,Treatment of Dry eyes,
Onecan 50mg Tablet,Treatment of Fungal infections,
Olmark 40 Tablet, Hypertension (high blood pressure) Heart failure Prevention of heart attack and stroke,
Opiprime 50 Tablet, Anxiety disorder,
Obelit Capsule, Obesity,
Omnitan 50 Tablet,Treatment of Hypertension (high blood pressure)Treatment of Heart failure Prevention of heart attack and stroke,
Ovanac-Plus Tablet,Treatment of Paracetamol toxicity,
Olmy 10 Tablet, Hypertension (high blood pressure) Heart failure Prevention of heart attack and stroke,
Opsutan Tablet, Pulmonary arterial hypertension (PAH),
Olmat MT 25 Tablet ER, Hypertension (high blood pressure),
Osmitol Syrup, Constipation,
Olvan Trio 40 Tablet, Hypertension (high blood pressure),
Olmo 20 Tablet, Hypertension (high blood pressure) Heart failure Prevention of heart attack and stroke,
Ocuvir 200 DT Tablet, Herpes Simplex Virus Infections Chickenpox Herpes labialis Shingles Genital herpes infection,
Ornoderm RF Cream,Treatment of Skin infections,
Oleptal OD 300 Tablet SR, Epilepsy/Seizures,
Oxybuta Tablet, Pain relief,
Osmolube-DS Eye Drop,Treatment of Dry eyes,
Olagress MD 5 Tablet,Treatment of SchizophreniaTreatment of Mania,
Ovafuze Tablet, Nutritional deficiencies,
Olmetor 40 Tablet, Hypertension (high blood pressure) Heart failure Prevention of heart attack and stroke,
Olimelt 20 Tablet,Treatment of SchizophreniaTreatment of Mania,
Oliza Injection, SchizophreniaTreatment of Mania,
Oleanz RT 15 Tablet,Treatment of SchizophreniaTreatment of Mania,
Oxana Eye Drop, Dry eyes,
Oleanz RT 20 Tablet DT,Treatment of SchizophreniaTreatment of Mania,
Ovanac  Tablet,Treatment of Paracetamol toxicity,
Ovagen 50mg Tablet,Treatment of Female infertility,
Olmin 20-A Tablet, Hypertension (high blood pressure),
Oestrogel, Hormone replacement therapy Post menopausal osteoporosis,
Oxuba OD Tablet SR, Osteoarthritis Rheumatoid arthritis,
Olsar-H 20 Tablet, Hypertension (high blood pressure),
Office 100 mg/100 mg Tablet,Treatment of Typhoid feverTreatment of Bacterial infections,
Oleanz RT 10 Disintegrating Tablet,Treatment of SchizophreniaTreatment of Mania,
Olkem 40 H Tablet, Hypertension (high blood pressure),
Ondy-MD Tablet,Treatment of NauseaTreatment of Vomiting,
Olmin 20 LN Tablet, Hypertension (high blood pressure),
Opiprol 100 Tablet, Anxiety disorder,
Optogest 200 Tablet, Hormone replacement therapyTreatment of Female infertility,
Olmark A Tablet, Hypertension (high blood pressure),
Otonorm Ear Drop,Treatment of Ear infection,
Omeflox Eye Ointment, Bacterial eye infectionsTreatment of Bacterial infections,
Oriel-M Tablet,Treatment of Sneezing and runny nose due to allergiesTreatment of Hay feverTreatment of Allergic skin conditions,
Olmin 20-H Tablet, Hypertension (high blood pressure),
Olet 5 Tablet MD,Treatment of SchizophreniaTreatment of Mania,
Oflomac 100 Tablet,Treatment of Bacterial infections,
Olmin 40 LN Tablet, Hypertension (high blood pressure),
Orkid-L Cream,Treatment of Fungal skin infections,
Obezita 60 Capsule, Obesity,
Olmecip 20 Tablet, Hypertension (high blood pressure) Heart failure Prevention of heart attack and stroke,
Olmax 20 Tablet, Hypertension (high blood pressure) Heart failure Prevention of heart attack and stroke,
Olmetrack 20 Tablet, Hypertension (high blood pressure) Heart failure Prevention of heart attack and stroke,
Odoxil 125mg Suspension,Treatment of Bacterial infections,
Orvas-EZ Tablet, High cholesterol,
Olsar 10 Tablet, Hypertension (high blood pressure) Heart failure Prevention of heart attack and stroke,
Olsar-H 40 Tablet, Hypertension (high blood pressure),
Olsar-M 25 Tablet ER, Hypertension (high blood pressure),
Oxitres Tablet,Treatment of Paracetamol toxicity,
Olsar-M 50 Tablet ER, Hypertension (high blood pressure),
Ozapin -MD 10 Tablet,Treatment of SchizophreniaTreatment of Mania,
Oriel 10 Tablet,Treatment of Allergic conditions,
Oxepin 150mg Tablet, Epilepsy/Seizures,
Omen 20 Tablet, Hypertension (high blood pressure) Heart failure Prevention of heart attack and stroke,
Olmeblu 40 Tablet, Hypertension (high blood pressure) Heart failure Prevention of heart attack and stroke,
Oloket Ophthalmic Solution,Treatment of Allergic conjunctivitis,
Olsar-A 40 Tablet, Hypertension (high blood pressure),
Oxmazetol 300 Tablet, Epilepsy/Seizures,
Omez FF 20 Tablet,Treatment of HeartburnTreatment of Gastroesophageal reflux disease (Acid reflux)Treatment of Peptic ulcer diseaseTreatment of Zollinger-Ellison syndrome,
Olmeblu-H 20 Tablet, Hypertension (high blood pressure),
Ovares Soft Gelatin Capsule, Female infertility,
Olkem 20H Tablet, Hypertension (high blood pressure),
Omnipres AM Tablet, Hypertension (high blood pressure),
Ozomet V 500mg/0.3mg Tablet,Treatment of Type 2 diabetes mellitus,
Ocusoothe Duo Eye Drop,Treatment of Dry eyes,
Olmy-A Tablet, Hypertension (high blood pressure),
Optiflox Eye Drop, Bacterial eye infectionsTreatment of Bacterial infections,
Oralixir Mouth Wash, Pain relief,
Oxecaine Oral Gel Mint, Local anesthesia (Numb tissues in a specific area),
Oleptal DT 450 Tablet, Epilepsy/Seizures,
Olvance M 50 Tablet, Hypertension (high blood pressure),
Olmat MT 50 Tablet ER, Hypertension (high blood pressure),
Olmetrack AM Tablet, Hypertension (high blood pressure),
Oxicojen Cream, Fungal skin infections,
Oxcq 400 Tablet,Treatment of Rheumatoid arthritisTreatment of Systemic lupus erythematosus (SLE)Treatment of Type 2 diabetes mellitus,
Olsertain-H -20 Tablet, Hypertension (high blood pressure),
Olmy-H Tablet, Hypertension (high blood pressure),
Oloblu 0.1% Eye Drop,Treatment of Allergic conditions,
Olzic 2.5mg Tablet,Treatment of SchizophreniaTreatment of Mania,
Ocona-Z Lotion,Treatment of Fungal skin infectionsTreatment of Dandruff,
Odicon 150 Tablet,Treatment of Fungal infections,
Obelit 60 Capsule, Obesity,
Olmetrack CT 6.25 Tablet, Hypertension (high blood pressure),
Oxring 300mg Tablet, Epilepsy/Seizures,
Olmetor-H Tablet, Hypertension (high blood pressure),
Ovanac-CC Tablet, Female infertility,
Omen CT Tablet, Hypertension (high blood pressure),
Odicon- K Lotion,Treatment of Fungal skin infectionsTreatment of Dandruff,
Olmax 40 Tablet, Hypertension (high blood pressure) Heart failure Prevention of heart attack and stroke,
Optihist AZ Eye Drop, Allergic eye disease,
Oleptal OD 450 Tablet SR, Epilepsy/Seizures,
Oleptal OD 600 Tablet SR, Epilepsy/Seizures,
Olmetrack 40 Tablet, Hypertension (high blood pressure) Heart failure Prevention of heart attack and stroke,
Opara Tablet, Pain reliefTreatment of Fever,
Olmetor AM 40 Tablet, Hypertension (high blood pressure),
Omen CT 40 Tablet, Hypertension (high blood pressure),
Ometab 20mg Tablet DR,Treatment of HeartburnTreatment of Gastroesophageal reflux disease (Acid reflux)Treatment of Peptic ulcer diseaseTreatment of Zollinger-Ellison syndrome,
Olvance H 40 Tablet, Hypertension (high blood pressure),
Olmark-H Tablet, Hypertension (high blood pressure),
Olsertain-CT 40 Tablet, Hypertension (high blood pressure),
Olmark A 40 Tablet, Hypertension (high blood pressure),
Oliramp 2.5 Tablet MD,Treatment of SchizophreniaTreatment of Mania,
Olmy-H 40 Tablet, Hypertension (high blood pressure),
Oxuba Capsule, Osteoarthritis Rheumatoid arthritis,
Olmark 10 Tablet, Hypertension (high blood pressure) Heart failure Prevention of heart attack and stroke,
Olmetrack CT 40/12.5 Tablet, Hypertension (high blood pressure),
Olmo AM 20mg/5mg Tablet, Hypertension (high blood pressure),
Orvas 5 Tablet, High cholesterolPrevention of Heart attack,
Oleptal OD 150 Tablet SR, Epilepsy/Seizures,
Oxidoben Gel, Acne,
Ocona  Soap, Fungal skin infections,
Olmetrack H Tablet, Hypertension (high blood pressure),
Ozolol 50mg Tablet XL,Treatment of Hypertension (high blood pressure)Treatment of Angina (heart-related chest pain)Treatment of ArrhythmiaPrevention of Heart attackPrevention of Migraine,
Olmetor-H 40 Tablet, Hypertension (high blood pressure),
Oxcarb 600 Tablet, Epilepsy/Seizures,
Odirab 20mg Tablet,Treatment of Gastroesophageal reflux disease (Acid reflux)Treatment of Peptic ulcer diseaseTreatment of Zollinger-Ellison syndrome,
Obimet GX 0.5mg/500mg Tablet PR,Treatment of Type 2 diabetes mellitus,
Onglyza 2.5mg Tablet,Treatment of Type 2 diabetes mellitus,
Optogest 300 SR Tablet, Hormone replacement therapyTreatment of Female infertility,
Oxeltra 300 Tablet, Epilepsy/Seizures,
Osteocerin Tablet, Osteoarthritis,
Olmark CT 40 Tablet, Hypertension (high blood pressure),
Olanex 10 Tablet,Treatment of SchizophreniaTreatment of Mania,
Olmax-AM Tablet, Hypertension (high blood pressure),
Olmetrack CT 12.5 Tablet, Hypertension (high blood pressure),
Obimet V  0.3 Tablet PR,Treatment of Type 2 diabetes mellitus,
Obsace -ER 50mg Tablet, Depression Obsessive-compulsive disorder,
Osule 25mg Tablet,"Treatment of Anxiety disorderTreatment of $name is thought to work by affecting the balance of certain chemicals (such as serotonin) in the brain. It helps improve mood and feelings of wellbeing, relieves anxiety and tension, helps you sleep better, and increases your energy level. It is used to treat depression that is unresponsive to other medicines. You need to take it regularly as it is prescribed for it to be most effective and should not stop taking it suddenly. Depression",
Oxoneg Injection, Liver  disease,
Olmark-AH Tablet, Hypertension (high blood pressure),
Oflokem 2mg Infusion,Treatment of Bacterial infections,
Oleptal 600 Tablet, Epilepsy/Seizures,
Olsivir Capsule,Treatment of Influenza (flu),
Obstela 10 Tablet,Treatment of Primary biliary cirrhosis,
Olvance H 20 Tablet, Hypertension (high blood pressure),
Oflo Eye Ointment, Bacterial eye infectionsTreatment of Bacterial infections,
Olsertain-CT 20 Tablet, Hypertension (high blood pressure),
Olvance-AM 20 Tablet, Hypertension (high blood pressure),
Olmecip AM Tablet, Hypertension (high blood pressure),
Olmax 40-AM Tablet, Hypertension (high blood pressure),
Obenow 10mg Tablet,Treatment of Primary biliary cirrhosis,
Olvance-CT 40 Tablet, Hypertension (high blood pressure),
Olvas-AM Tablet, Hypertension (high blood pressure),
Olzic 5 Tablet,Treatment of SchizophreniaTreatment of Mania,
Olsar CH 20mg/6.25mg Tablet, Hypertension (high blood pressure),
Ocdox 100mg Tablet, Depression Obsessive-compulsive disorder,
Olmo M 20mg/25mg Tablet, Hypertension (high blood pressure),
Obsace-ER 100mg Tablet, Depression Obsessive-compulsive disorder,
Orlica 60 Capsule, Obesity,
Osiris Tablet, Osteoarthritis,
Olmax-3D 20 Tablet, Hypertension (high blood pressure),
Olbet 40 Tablet, Hypertension (high blood pressure) Heart failure Prevention of heart attack and stroke,
Ondot Tablet,Treatment of NauseaTreatment of Vomiting,
Oleptal OD 900 Tablet SR, Epilepsy/Seizures,
Olmark CT 20 Tablet, Hypertension (high blood pressure),
Omnipres CH Tablet, Hypertension (high blood pressure),
Olzox 40 Tablet, Hypertension (high blood pressure) Heart failure Prevention of heart attack and stroke,
Olmewon Plus 40 Tablet, Hypertension (high blood pressure),
Olmecip 40 Tablet, Hypertension (high blood pressure) Heart failure Prevention of heart attack and stroke,
Okacid D Capsule,Treatment of Gastroesophageal reflux disease (Acid reflux)Treatment of Peptic ulcer disease,
Olvance-CT 20 Tablet, Hypertension (high blood pressure),
Opacia Eye Drop,Treatment of GlaucomaTreatment of Ocular hypertension,
Olinstab 10mg Tablet,Treatment of SchizophreniaTreatment of Mania,
Oraface-Bpo Gel, Acne,
Olmecip H Tablet, Hypertension (high blood pressure),
Orlip X 120mg Capsule, Obesity,
Osteoace-SP Tablet, Pain relief,
Olmewon Plus 20 mg Tablet, Hypertension (high blood pressure),
Oxyfag-A Oral Suspension Sugar Free, Acidity Heartburn Stomach ulcers,
Olsar-AH Tablet, Hypertension (high blood pressure),
Olmesafe 40 Tablet, Hypertension (high blood pressure) Heart failure Prevention of heart attack and stroke,
Occetiz 5 Tablet,Treatment of Allergic conditions,
Olzic 10mg Tablet,Treatment of SchizophreniaTreatment of Mania,
Olvas 20 Tablet, Hypertension (high blood pressure) Heart failure Prevention of heart attack and stroke,
Olmesafe H 20/12.5 Tablet, Hypertension (high blood pressure),
Olworm 400mg Tablet,Treatment of Parasitic infections,
Olmax-H Tablet, Hypertension (high blood pressure),
Oxmazetol 600 Tablet, Epilepsy/Seizures,
Oxmazetol 450 Tablet, Epilepsy/Seizures,
Opiprime 100 Tablet, Anxiety disorder,
Olmark-H Tablet, Hypertension (high blood pressure),
Oldid-V Vaginal gel, Fungal infections of vaginaTreatment of Fungal infections,
Orpa Nasal Spray,Treatment of Sneezing and runny nose due to allergies,
Obfree 120mg Capsule, Obesity,
Oropraz 40 Tablet,Treatment of HeartburnTreatment of Gastroesophageal reflux disease (Acid reflux)Treatment of Peptic ulcer diseaseTreatment of Zollinger-Ellison syndrome,
Onoff 400mg Tablet,Treatment of Bacterial infections,
Oxring OD 300 Tablet SR, Epilepsy/Seizures,
Ornihex Mouth Gel,Treatment of Mouth infection,
Oxafine Capsule, Osteoarthritis Rheumatoid arthritis,
Oncostrol 160 Tablet, Breast cancer Endometrial cancer,
Ovapro-M Tablet, Polycystic ovarian syndrome (PCOS),
Olmecip H 40 Tablet, Hypertension (high blood pressure),
Onslim Capsule, Obesity,
Ozapin-MD 7.5 Tablet,Treatment of SchizophreniaTreatment of Mania,
Onbrez 150mcg Breezhaler, Chronic obstructive pulmonary disease (COPD),
Omezax-D Capsule,Treatment of Gastroesophageal reflux disease (Acid reflux)Treatment of Peptic ulcer disease,
Optilac Eye Drop, Post-operative eye pain and inflammation,
Olmesar  H Tablet, Hypertension (high blood pressure),
Oraeze Mouth Wash Mint, Pain relief,
Oraeze Mouth Wash Mint, Pain relief,
Omidec-ES Capsule SR,Treatment of Gastroesophageal reflux disease (Acid reflux)Treatment of Functional dyspepsia,
Olmetor M 25 Tablet, Hypertension (high blood pressure),
Optimol 650mg Tablet, Pain reliefTreatment of Fever,
O Glimaday 2 Tablet PR,Treatment of Type 2 diabetes mellitus,
Oldid Mouth Paint, Fungal infections of mouth (Thrush)Treatment of Fungal infections,
Ola 15 Tablet,Treatment of SchizophreniaTreatment of Mania,
Onbrez 300mcg Breezhaler, Chronic obstructive pulmonary disease (COPD),
Onenac SP 100mg/325mg/10mg Tablet, Pain relief,
Osozap Plus Tablet, Bipolar depression,
Osozap Plus Tablet, Bipolar depression,
Oxeogaba 750mcg/75mg Capsule,Treatment of Neuropathic pain,
Oxeogaba 750mcg/75mg Capsule,Treatment of Neuropathic pain,
Pamorelin LA 3.75mg Injection, Prostate cancer Endometriosis Precocious puberty (premature puberty),
Perjeta 420mg Injection, Breast cancer,
Prevenar 13 Vaccine," Prevention of pneumonia, meningitis, blood infection & ear infection",
Primolut-N Tablet,Treatment of Heavy menstrual bleedingTreatment of Pain during menstruationTreatment of EndometriosisTreatment of Premenstrual syndrome (PMS),
PAN 40 Tablet,Treatment of HeartburnTreatment of Gastroesophageal reflux disease (Acid reflux)Treatment of Peptic ulcer diseaseTreatment of Zollinger-Ellison syndrome,
Pan-D Capsule PR,Treatment of Gastroesophageal reflux disease (Acid reflux)Treatment of Peptic ulcer disease,
Pyrimon-DF Eye drop,Treatment of Bacterial eye infections,
Pantocid DSR Capsule,Treatment of Gastroesophageal reflux disease (Acid reflux)Treatment of Peptic ulcer disease,
Pantop-D SR Capsule,Treatment of Gastroesophageal reflux disease (Acid reflux)Treatment of Peptic ulcer disease,
Pantop 40 Tablet,Treatment of HeartburnTreatment of Gastroesophageal reflux disease (Acid reflux)Treatment of Peptic ulcer diseaseTreatment of Zollinger-Ellison syndrome,
Power Vegra 100mg Tablet,Treatment of Erectile dysfunction,
Pregalin 75 Capsule,Treatment of Neuropathic painTreatment of Epilepsy/SeizuresTreatment of Fibromyalgia,
Perinorm Tablet,Treatment of NauseaTreatment of VomitingTreatment of IndigestionTreatment of Heartburn,
Pantocid Tablet,Treatment of HeartburnTreatment of Gastroesophageal reflux disease (Acid reflux)Treatment of Peptic ulcer diseaseTreatment of Zollinger-Ellison syndrome,
Pantosec D SR Capsule,Treatment of Gastroesophageal reflux disease (Acid reflux)Treatment of Peptic ulcer disease,
Prolomet XL 25 Tablet,Treatment of Hypertension (high blood pressure)Treatment of Angina (heart-related chest pain)Treatment of ArrhythmiaPrevention of Heart attackPrevention of Migraine,
Pacitane Tablet,Treatment of Parkinson's diseaseTreatment of Drug induced abnormal movements,
Pause 500 Tablet,Treatment of Bleeding,
Pantop-D Capsule,Treatment of Gastroesophageal reflux disease (Acid reflux)Treatment of Peptic ulcer disease,
Pregaba-M 75 Capsule,Treatment of Neuropathic pain,
Pruvict 2 Tablet,Treatment of Constipation,
Placentrex Injection, Pelvic inflammatory disease,
Pentids 400 Tablet,Treatment of Bacterial infectionsTreatment of SyphilisPrevention of Rheumatic fever,
Pregaba NT 75 mg/10 mg Tablet,Treatment of Neuropathic pain,
Phlogam Tablet, Pain relief,
Pregabid NT Tablet,Treatment of Neuropathic pain,
Placentrex Gel, Pelvic inflammatory disease,
Proluton Depot 500mg/2ml Injection,Prevention of Premature Labor,
Pankreoflat 170mg/80mg Tablet, Indigestion Bloating,
Piriton CS Syrup,Treatment of Dry cough,
Progynova 2mg Tablet, Hormone replacement therapy,
Practin 4mg Tablet,Treatment of Allergic conditions Appetite stimulant,
Pipzo 4.5gm Injection, Bacterial infections,
Prothiaden Tablet,"Treatment of Anxiety disorderTreatment of $name is thought to work by affecting the balance of certain chemicals (such as serotonin) in the brain. It helps improve mood and feelings of wellbeing, relieves anxiety and tension, helps you sleep better, and increases your energy level. It is used to treat depression that is unresponsive to other medicines. You need to take it regularly as it is prescribed for it to be most effective and should not stop taking it suddenly. Depression",
Perinorm Injection,Treatment of NauseaTreatment of VomitingTreatment of IndigestionTreatment of Heartburn,
Predmet 4 Tablet,Treatment of Rheumatic disorderTreatment of Systemic lupus erythematosus (SLE)Treatment of Allergic conditionsTreatment of Eye disordersTreatment of Skin disorders,
Pause-MF Tablet,Treatment of Heavy menstrual bleedingTreatment of Menstrual pain,
Pyridium 200 Tablet,Symptomatic Pain relief,
Pantosec Tablet,Treatment of HeartburnTreatment of Gastroesophageal reflux disease (Acid reflux)Treatment of Peptic ulcer diseaseTreatment of Zollinger-Ellison syndrome,
Prolomet XL 50 Tablet,Treatment of Hypertension (high blood pressure)Treatment of Angina (heart-related chest pain)Treatment of ArrhythmiaPrevention of Heart attackPrevention of Migraine,
Paracip 500 Tablet, Pain reliefTreatment of Fever,
Pantakind Tablet,Treatment of HeartburnTreatment of Gastroesophageal reflux disease (Acid reflux)Treatment of Peptic ulcer diseaseTreatment of Zollinger-Ellison syndrome,
Prazopress XL 5 Tablet,Treatment of Hypertension (high blood pressure)Treatment of Heart failureTreatment of Benign prostatic hyperplasia,
Prostagard-D8 Capsule,Treatment of Benign prostatic hyperplasia,
Pantop Injection,Treatment of Gastroesophageal reflux disease (Acid reflux)Treatment of Peptic ulcer diseaseTreatment of Zollinger-Ellison syndrome,
Pari CR 12.5 Tablet,Treatment of DepressionTreatment of Panic disorderTreatment of Anxiety disorder,
Propysalic NF Ointment,Treatment of EczemaTreatment of Psoriasis,
Panderm + + Cream,Treatment of Skin infections,
Pregalin M 75 Capsule,Treatment of Neuropathic pain,
Pregacip M Capsule,Treatment of Neuropathic pain,
Pyrigesic 1000 Tablet, Pain reliefTreatment of Fever,
Pantakind-DSR Capsule,Treatment of Gastroesophageal reflux disease (Acid reflux)Treatment of Peptic ulcer disease,
Pilorute Cream,Treatment of Piles,
Piptaz 4.5gm Injection, Bacterial infections,
Phexin 500mg Capsule,Treatment of Bacterial infections,
Pan Mps Oral Suspension Mint Sugar Free, Acidity Heartburn Stomach ulcers,
P 650 Tablet, Pain reliefTreatment of Fever,
Paraxin 500 Capsule, Bacterial infections,
Pruvict 1 Tablet,Treatment of Constipation,
Pulmoclear  Syrup, Cough with mucus,
Premarin Vaginal Cream, Hormone replacement therapy,
Penidure LA 12 Injection,Treatment of Bacterial infectionsTreatment of SyphilisPrevention of Rheumatic fever,
Pacimol MF Oral Suspension, Pain reliefTreatment of Fever,
Proctosedyl BD Cream,Treatment of Piles,
Pulmocef 500 Tablet,Treatment of Bacterial infections,
Pantosec-D Tablet,Treatment of Gastroesophageal reflux disease (Acid reflux)Treatment of Peptic ulcer disease,
Pantodac 40 Tablet,Treatment of HeartburnTreatment of Gastroesophageal reflux disease (Acid reflux)Treatment of Peptic ulcer diseaseTreatment of Zollinger-Ellison syndrome,
Pioz 15 Tablet,Treatment of Type 2 diabetes mellitus,
Pantocid L  Capsule SR,Treatment of Gastroesophageal reflux disease (Acid reflux),
Parit Tablet,Treatment of Gastroesophageal reflux disease (Acid reflux)Treatment of Peptic ulcer diseaseTreatment of Zollinger-Ellison syndrome,
Persol  AC 2.5 Gel,Treatment of Acne,
Pantodac DSR Capsule,Treatment of Gastroesophageal reflux disease (Acid reflux)Treatment of Peptic ulcer disease,
Pirox DT Tablet, Pain relief,
Paxidep CR 12.5 Tablet,Treatment of DepressionTreatment of Panic disorderTreatment of Anxiety disorder,
Pred Forte Ophthalmic Suspension,Treatment of Redness and swelling in the eye,
Pantocid IT Capsule SR, Gastroesophageal reflux disease (Acid reflux) Peptic ulcer disease,
Proxym ER Tablet, Pain relief,
Pramipex 0.25 Tablet, Parkinson's disease Restless leg syndrome,
Pacimol Active Tablet,Treatment of Headache,
Pregabanyl NTM Tablet,Treatment of Neuropathic pain,
Prevent N 5mg Tablet,Treatment of Heavy menstrual bleedingTreatment of Pain during menstruationTreatment of EndometriosisTreatment of Premenstrual syndrome (PMS),
Penegra 100 Tablet,Treatment of Erectile dysfunction,
Pylokit Kit, Peptic ulcer disease,
Podowart Paint,Treatment of Warts,
Predmet 16 Tablet,Treatment of Rheumatic disorderTreatment of Systemic lupus erythematosus (SLE)Treatment of Allergic conditionsTreatment of Eye disordersTreatment of Skin disorders,
Pneumovax 23 Vaccine," Prevention of pneumonia, meningitis, blood infection & ear infection",
Paramet Tablet, Migraine,
PAN IV Injection,Treatment of Gastroesophageal reflux disease (Acid reflux)Treatment of Peptic ulcer diseaseTreatment of Zollinger-Ellison syndrome,
Pruease 2mg Tablet,Treatment of Constipation,
Pantocid HP Combipack,Treatment of Peptic ulcer disease,
Practin Syrup,Treatment of Allergic conditions Appetite stimulant,
Pentanerv-NT Tablet,Treatment of Neuropathic pain,
Propysalic NF6 Ointment,Treatment of EczemaTreatment of Psoriasis,
Prolomet AM 50 Tablet PR,Treatment of Hypertension (high blood pressure),
Polaramine 2mg Tablet,Treatment of Allergic conditions,
Prostagard 8 Capsule,Treatment of Benign prostatic hyperplasia,
Planep Tablet,Treatment of Hypertension (high blood pressure)Treatment of EdemaTreatment of Heart failure,
Pregnidoxin NU 10mg Tablet,Treatment of Nausea and vomiting in pregnancy,
Pregalin NT 75mg/10mg Tablet,Treatment of Neuropathic pain,
Piclin Oral Solution,Treatment of Constipation,
Prodep Capsule,Treatment of DepressionTreatment of Panic disorderTreatment of Obsessive-compulsive disorder,
Prulastin-M Tablet,Treatment of Allergic conditions,
Pentids 800 Tablet,Treatment of Bacterial infectionsTreatment of SyphilisPrevention of Rheumatic fever,
Pyrigesic 650 Tablet, Pain reliefTreatment of Fever,
Pregator Capsule, Neuropathic pain,
Prax 10 Tablet,Prevention of Heart attackPrevention of Stroke,
Primacort 100 Injection, Severe allergic reactionsTreatment of Allergic conditionsTreatment of CancerTreatment of Skin disordersTreatment of Eye disorders,
Pregeb M 75 Capsule,Treatment of Neuropathic pain,
Pacimol 650 Tablet, Pain reliefTreatment of Fever,
Pantop HP  Kit,Treatment of Peptic ulcer disease,
PAH 20 Tablet,Treatment of Pulmonary arterial hypertension (PAH),
Polyclav 625mg Tablet,Treatment of Bacterial infections,
Peroclin 2.5% Gel, Acne,
Pantakind-Flux Capsule SR,Treatment of Gastroesophageal reflux disease (Acid reflux) Peptic ulcer disease,
Powergesic MR Tablet,Treatment of Pain due to muscle spasm,
Pregabid MNT Tablet,Treatment of Neuropathic pain,
Provanol Plus 10 Tablet,Prevention of Migraine,
Proxym-XT Tablet, Pain relief,
Prolomet R 25 Tablet ER, Hypertension (high blood pressure),
Parkitidin Tablet,Treatment of Parkinson's disease,
Pregabid 75 Capsule,Treatment of Neuropathic painTreatment of Epilepsy/SeizuresTreatment of Fibromyalgia,
Pan-L Capsule SR,Treatment of Gastroesophageal reflux disease (Acid reflux),
Pregalin SR 75 Tablet,Treatment of Neuropathic painTreatment of Epilepsy/SeizuresTreatment of Fibromyalgia,
Pantocid D Capsule,Treatment of Gastroesophageal reflux disease (Acid reflux)Treatment of Peptic ulcer disease,
Prazopress XL 2.5 Tablet OPS,Treatment of Hypertension (high blood pressure)Treatment of Heart failureTreatment of Benign prostatic hyperplasia,
Popson Tablet, Male infertility,
Picspot Gel,Treatment of Acne,
Protera D Capsule,Treatment of Gastroesophageal reflux disease (Acid reflux)Treatment of Peptic ulcer disease,
Pantin L Capsule SR,Treatment of Gastroesophageal reflux disease (Acid reflux),
Penegra 50 Tablet,Treatment of Erectile dysfunction,
Paternia XT Tablet, Male infertility,
Parit D Capsule SR,Treatment of Gastroesophageal reflux disease (Acid reflux)Treatment of Peptic ulcer disease,
Parkin Tablet,Treatment of Parkinson's diseaseTreatment of Drug induced abnormal movements,
Perobar 5% Cleansing Bar,Treatment of Acne,
Pentaloc DSR 30mg/40mg Capsule,Treatment of Gastroesophageal reflux disease (Acid reflux)Treatment of Peptic ulcer disease,
PAN 20 Tablet,Treatment of HeartburnTreatment of Gastroesophageal reflux disease (Acid reflux)Treatment of Peptic ulcer diseaseTreatment of Zollinger-Ellison syndrome,
Panlipase 25000 Capsule,Treatment of Pancreatic enzyme deficiency,
Paraxin 250 Capsule, Bacterial infections,
Prothiaden 75 Tablet,"Treatment of Anxiety disorderTreatment of $name is thought to work by affecting the balance of certain chemicals (such as serotonin) in the brain. It helps improve mood and feelings of wellbeing, relieves anxiety and tension, helps you sleep better, and increases your energy level. It is used to treat depression that is unresponsive to other medicines. You need to take it regularly as it is prescribed for it to be most effective and should not stop taking it suddenly. Depression",
Pacroma Cream, Atopic dermatitis,
Paxidep CR 25 Tablet,Treatment of DepressionTreatment of Panic disorderTreatment of Anxiety disorder,
Propygenta NF Cream,Treatment of Bacterial skin infections,
Pletoz 50 Tablet,Treatment of Intermittent claudication,
PCM Tablet, Pain reliefTreatment of Fever,
Pregabanyl NT Tablet,Treatment of Neuropathic pain,
P 500 Tablet, Pain reliefTreatment of Fever,
Prothiaden 50 Tablet,"Treatment of Anxiety disorderTreatment of $name is thought to work by affecting the balance of certain chemicals (such as serotonin) in the brain. It helps improve mood and feelings of wellbeing, relieves anxiety and tension, helps you sleep better, and increases your energy level. It is used to treat depression that is unresponsive to other medicines. You need to take it regularly as it is prescribed for it to be most effective and should not stop taking it suddenly. Depression",
Provanol SR 40 Tablet,Treatment of PheochromocytomaTreatment of Hypertension (high blood pressure) Prevention of migraineTreatment of AnxietyTreatment of ArrhythmiaPrevention of Heart attackPrevention of Angina (heart-related chest pain)Treatment of Tremors,
Pacimol MF Tablet, Pain reliefTreatment of Fever,
Proxym MR Tablet, Pain due to muscle spasm,
Practin EN Syrup, Appetite stimulant,
Pansec DSR Capsule,Treatment of Gastroesophageal reflux disease (Acid reflux)Treatment of Peptic ulcer disease,
Premarin Tablet, Hormone replacement therapyPrevention of Post menopausal osteoporosis,
Pilo GO Cream,Treatment of Piles,
Pernex AC 2.5% Gel,Treatment of Acne,
Pause 500mg Injection,Treatment of Bleeding,
P 120 Suspension, Pain reliefTreatment of Fever,
Pantop MPS Syrup Mint Sugar Free, Acidity Heartburn Stomach ulcers,
Prolomet AM 25 Tablet PR,Treatment of Hypertension (high blood pressure),
Prucros Tablet,Treatment of Allergic conditions,
Pantop LS Capsule SR,Treatment of Gastroesophageal reflux disease (Acid reflux),
Pioz MF 15 Tablet SR,Treatment of Type 2 diabetes mellitus,
Perinorm-CD Capsule CR,Treatment of NauseaTreatment of VomitingTreatment of IndigestionTreatment of Heartburn,
Prolomet XL 12.5 Tablet,Treatment of Hypertension (high blood pressure)Treatment of Angina (heart-related chest pain)Treatment of ArrhythmiaPrevention of Heart attackPrevention of Migraine,
Polypod 200 Tablet,Treatment of Bacterial infections,
Preva Gold 10 Capsule, Heart attack,
Pari CR 25 Tablet,Treatment of DepressionTreatment of Panic disorderTreatment of Anxiety disorder,
Percin Tablet, Urinary tract infections (UTIs),
Pruease 1mg Tablet,Treatment of Constipation,
Piranulin Tablet, Cognitive enhancer,
Pregaba 50 Capsule,Treatment of Neuropathic painTreatment of Epilepsy/SeizuresTreatment of Fibromyalgia,
Pantafol DSR 30mg/40mg Capsule PR,Treatment of Gastroesophageal reflux disease (Acid reflux)Treatment of Peptic ulcer disease,
Pregalin X SR 75 Tablet,Treatment of Neuropathic pain,
Pregeb M OD 75 Tablet SR,Treatment of Neuropathic pain,
Psorid 100 Capsule, Prevention of organ rejection in transplant patients Rheumatoid arthritis PsoriasisPrevention of graft rejection following Bone marrow transplantationTreatment of Nephrotic syndrome,
Pirfenex Tablet,Treatment of Idiopathic pulmonary fibrosis,
Powergesic Tablet,Treatment of Pain due to muscle spasm,
Pramipex 0.5 Tablet, Parkinson's disease Restless leg syndrome,
Plavix Tablet, Prevention of heart attack and stroke Heart attack Peripheral vascular disease,
Piriton Expectorant, Cough,
Pacimol DS Oral Suspension, Pain reliefTreatment of Fever,
Pentopan DSR Capsule PR,Treatment of Gastroesophageal reflux disease (Acid reflux)Treatment of Peptic ulcer disease,
Preva-AS 75 Tablet, Prevention of heart attack and stroke,
Pan Mps O Oral Suspension Sugar Free, Acidity Stomach ulcers Bloating,
Predmet 1% Eye Drop,Treatment of Redness and swelling in the eye,
Prolia Solution for Injection, Osteoporosis,
Pangraf 1 Capsule, Prevention of organ rejection in transplant patients,
Phexin 250mg Capsule,Treatment of Bacterial infections,
Pexep CR 25 Tablet,Treatment of DepressionTreatment of Panic disorderTreatment of Anxiety disorder,
Perinorm Syrup,Treatment of NauseaTreatment of VomitingTreatment of IndigestionTreatment of Heartburn,
Pregaba-M SR 75 Tablet,Treatment of Neuropathic pain,
Pregadoc  NT 75mg/10mg Tablet,Treatment of Neuropathic pain,
Prugo 10 Tablet,Treatment of AnxietyTreatment of Skin conditions with inflammation & itching,
Protar-K Solution,Treatment of Dandruff,
Pth 30 Tablet,Treatment of High calcium levels in the bloodTreatment of Hyperparathyroidism,
Planep-T 10 Kit, Edema,
Pan-IT Capsule SR, Gastroesophageal reflux disease (Acid reflux) Peptic ulcer disease,
Pioplus 2 Tablet SR,Treatment of Type 2 diabetes mellitus,
Pradaxa 110mg Capsule,Treatment and prevention of Blood clots,
Prax A 75 Capsule, Heart attackPrevention of Stroke,
Pepcia-D Capsule SR,Treatment of Gastroesophageal reflux disease (Acid reflux)Treatment of Peptic ulcer disease,
Pruwel 2 Tablet,Treatment of Constipation,
Paknet Creamy Wash,Treatment of Acne,
Propyderm NF Cream,Treatment of Skin infections,
Pregabid 50 Capsule,Treatment of Neuropathic painTreatment of Epilepsy/SeizuresTreatment of Fibromyalgia,
Pbren NT 75mg/10mg Tablet,Treatment of Neuropathic pain,
Pataday Ophthalmic Solution,Treatment of Allergic conditions,
Proluton Depot 250mg/ml Injection,Prevention of Premature Labor,
Pentasa 1gm Prolonged Release Granules, Ulcerative colitis Crohn’s disease,
Pulmonext Kit,Treatment of Pulmonary arterial hypertension (PAH),
Pradaxa 150mg Capsule,Treatment and prevention of Blood clots,
Piclin Plus Oral Suspension Sugar Free,Treatment of Constipation,
Polycap  Capsule, Prevention of heart attack and stroke,
Pantium DSR Capsule,Treatment of Gastroesophageal reflux disease (Acid reflux)Treatment of Peptic ulcer disease,
Pulmocef 250 Tablet,Treatment of Bacterial infections,
Prugo 25 Tablet,Treatment of AnxietyTreatment of Skin conditions with inflammation & itching,
Pramipex 0.125 Tablet, Parkinson's disease Restless leg syndrome,
Pantop IT Capsule SR, Gastroesophageal reflux disease (Acid reflux) Peptic ulcer disease,
Propysalic  NF Lotion,Treatment of EczemaTreatment of Psoriasis,
Prolomet R 50 Tablet ER, Hypertension (high blood pressure),
Pacimol Drops, Pain reliefTreatment of Fever,
Penvir 500 Tablet, Herpes labialis Herpes Simplex Virus Infections Shingles Genital herpes infection,
Pletoz 100 Tablet,Treatment of Intermittent claudication,
Prasita 10mg Tablet,Prevention of Heart attackPrevention of Stroke,
Phoscut 400 Tablet, High phosphate levels in blood,
Pentasa 500mg Tablet PR, Ulcerative colitis Crohn’s disease,
Pause-XT Tablet, Heavy menstrual bleeding,
Pioz 7.5 Tablet,Treatment of Type 2 diabetes mellitus,
Pregalin M SR 75 Tablet,Treatment of Neuropathic pain,
Pentanerv-NT 100mg/10mg Tablet,Treatment of Neuropathic pain,
Prodep 10 Capsule,Treatment of DepressionTreatment of Panic disorderTreatment of Obsessive-compulsive disorder,
Pansec-L Capsule SR,Treatment of Gastroesophageal reflux disease (Acid reflux),
Paraxin Suspension, Bacterial infections,
Placentrex Cream, Pelvic inflammatory disease,
Pilomax Tablet, Dry mouth after radiotherapy of head and neck cancer,
Panderm Super Cream,Treatment of Skin infections,
Protussa Cough Syrup,Treatment of Dry cough,
Primox 25mg Tablet, Depression Bed-wetting Neuropathic pain,
Prograf 1mg Hard Capsule, Prevention of organ rejection in transplant patients,
Psorid 50 Capsule, Prevention of organ rejection in transplant patients Rheumatoid arthritis PsoriasisPrevention of graft rejection following Bone marrow transplantationTreatment of Nephrotic syndrome,
Peptard-D Capsule SR,Treatment of Gastroesophageal reflux disease (Acid reflux)Treatment of Peptic ulcer disease,
Penegra 25 Tablet,Treatment of Erectile dysfunction,
Pregabid ME 75 Capsule,Treatment of Neuropathic pain,
Picon Cream, Atopic dermatitis,
Pepcia 20 Tablet,Treatment of Gastroesophageal reflux disease (Acid reflux)Treatment of Peptic ulcer diseaseTreatment of Zollinger-Ellison syndrome,
Proxidom 500mg Tablet, Pain relief,
Pixelub Multi Eye Drop,Treatment of Dry eyes,
Pacimol Oral Suspension, Pain reliefTreatment of Fever,
Pregabid NT 50mg/10mg Tablet,Treatment of Neuropathic pain,
Podowart S Paint, Warts,
Periset MD Tablet,Treatment of NauseaTreatment of Vomiting,
Periset Syrup,Treatment of Nausea Vomiting,
Pentanerv 100 Tablet,Treatment of Neuropathic painTreatment of Epilepsy/Seizures,
Pantop 20 Tablet,Treatment of HeartburnTreatment of Gastroesophageal reflux disease (Acid reflux)Treatment of Peptic ulcer diseaseTreatment of Zollinger-Ellison syndrome,
Pantocid IV Injection,Treatment of Gastroesophageal reflux disease (Acid reflux)Treatment of Peptic ulcer diseaseTreatment of Zollinger-Ellison syndrome,
Preva Gold 20 Capsule, Heart attack,
Pari 10 Tablet,Treatment of DepressionTreatment of Panic disorderTreatment of Anxiety disorder,
Prothiaden M  50 Tablet, Neuropathic pain,
Pregaba SR 75 Tablet,Treatment of Neuropathic painTreatment of Epilepsy/SeizuresTreatment of Fibromyalgia,
PNV New Tablet, Motion sickness Vertigo,
Pasitrex Ointment, Psoriasis,
Piosys 15 Tablet,Treatment of Type 2 diabetes mellitus,
Pansec Tablet,Treatment of HeartburnTreatment of Gastroesophageal reflux disease (Acid reflux)Treatment of Peptic ulcer diseaseTreatment of Zollinger-Ellison syndrome,
Phytoral Ointment, Fungal skin infections,
Paroxee CR 12.5 Tablet,Treatment of DepressionTreatment of Panic disorderTreatment of Anxiety disorder,
Pilocar 2% Eye Drop,Treatment of Glaucoma,
Pentavac PFS Vaccine,Prevention of DiphtheriaPrevention of TetanusPrevention of Pertussis Prevention of Hepatitis B infectionPrevention of Haemophilus influenzae Type b disease,
Pivasta 2 Tablet, High cholesterol Prevention of heart attack and stroke,
Penegra Xpress 50mg Tablet,Treatment of Erectile dysfunction,
Provanol 20 Tablet,Treatment of PheochromocytomaTreatment of Hypertension (high blood pressure) Prevention of migraineTreatment of AnxietyTreatment of ArrhythmiaPrevention of Heart attackPrevention of Angina (heart-related chest pain)Treatment of Tremors,
Pbren 50 Capsule,Treatment of Neuropathic painTreatment of Epilepsy/SeizuresTreatment of Fibromyalgia,
Pregeb 75 Capsule,Treatment of Neuropathic painTreatment of Epilepsy/SeizuresTreatment of Fibromyalgia,
Pantin D Capsule PR,Treatment of Gastroesophageal reflux disease (Acid reflux)Treatment of Peptic ulcer disease,
Pevesca Plus Capsule, Neuropathic pain,
Pregason-M Capsule,Treatment of Neuropathic pain,
Pinom 20 Tablet, Hypertension (high blood pressure) Heart failure Prevention of heart attack and stroke,
Pioride 2mg Tablet,Treatment of Constipation,
Peg-NT Tablet,Treatment of Neuropathic pain,
Powerflam 50mg Tablet MR, Pain relief,
Pregalin 50 Capsule,Treatment of Neuropathic painTreatment of Epilepsy/SeizuresTreatment of Fibromyalgia,
Piclin Kid Oral Solution,Treatment of Constipation,
Pentate 40 Tablet,Treatment of HeartburnTreatment of Gastroesophageal reflux disease (Acid reflux)Treatment of Peptic ulcer diseaseTreatment of Zollinger-Ellison syndrome,
Pulmonext 5 Tablet, Pulmonary arterial hypertension (PAH),
Polynase D Eye Ointment,Treatment of Bacterial eye infections,
Pramirol 0.25 Tablet, Parkinson's disease Restless leg syndrome,
Paracip Syrup, Pain reliefTreatment of Fever,
Phensedyl LR Oral Suspension,Treatment of Dry cough,
Preva-AS 150 Tablet, Prevention of heart attack and stroke,
Prusent 2mg Tablet,Treatment of Constipation,
Peroduo Gel, Acne,
Piltop-DSR Capsule,Treatment of Gastroesophageal reflux disease (Acid reflux)Treatment of Peptic ulcer disease,
Polyclav-DS Dry Syrup,Treatment of Resistant Tuberculosis (TB)Treatment of Bacterial infections,
Povidone Iodine Solution,Treatment and prevention of Wound infection,
Piclin Tablet,Treatment of Constipation,
PPG 0.3 Tablet,Treatment of Type 2 diabetes mellitus,
Pirfenex 400mg Tablet,Treatment of Idiopathic pulmonary fibrosis,
Phexin 250mg Redisyp Banana,Treatment of Bacterial infections,
Pantin 40mg Tablet,Treatment of HeartburnTreatment of Gastroesophageal reflux disease (Acid reflux)Treatment of Peptic ulcer diseaseTreatment of Zollinger-Ellison syndrome,
Phexin 250mg Redisyp Banana,Treatment of Bacterial infections,
Pacimol MF 125 Oral Suspension, Pain reliefTreatment of Fever,
Propysalic NF Ointment,Treatment of EczemaTreatment of Psoriasis,
Protochek DSR Capsule,Treatment of Gastroesophageal reflux disease (Acid reflux)Treatment of Peptic ulcer disease,
Pegstim Injection,Prevention of Infections after chemotherapy,
Pecef 100 Powder For Oral Suspension,Treatment of Bacterial infections,
Pioz 30 Tablet,Treatment of Type 2 diabetes mellitus,
Proliser Syrup Sugar Free,Treatment of Kidney stone,
Phensedyl CR  Syrup, Cough with mucus,
Potrate 10 Tablet ER, Nutritional deficiencies,
Panderm NM Cream,Treatment of Skin infections,
Pregamet SR Tablet,Treatment of Neuropathic pain,
Pentasa 2gm Prolonged Release Granules, Ulcerative colitis Crohn’s disease,
Pepcia-L Capsule SR,Treatment of Gastroesophageal reflux disease (Acid reflux)Treatment of Intestinal ulcersTreatment of Irritable bowel syndrome,
Pramipex ER 0.375 Tablet, Parkinson's disease Restless leg syndrome,
P 500 Suspension, Pain reliefTreatment of Fever,
Pangraf 0.5 Capsule, Prevention of organ rejection in transplant patients,
Pioglit 15 Tablet,Treatment of Type 2 diabetes mellitus,
Pelliwash Shampoo, Dandruff,
Prolomet XL 100 Tablet,Treatment of Hypertension (high blood pressure)Treatment of Angina (heart-related chest pain)Treatment of ArrhythmiaPrevention of Heart attackPrevention of Migraine,
Parawel 325mg Tablet, Pain reliefTreatment of Fever,
Peroclin 5% Gel, Acne,
P2i-D Capsule PR,Treatment of Gastroesophageal reflux disease (Acid reflux)Treatment of Peptic ulcer disease,
PCM 650mg Tablet, Pain reliefTreatment of Fever,
Phoscut 800 Tablet, High phosphate levels in blood,
Pulmoclear LS Syrup,Treatment of Cough with mucus,
Protera Tablet,Treatment of HeartburnTreatment of Gastroesophageal reflux disease (Acid reflux)Treatment of Peptic ulcer diseaseTreatment of Zollinger-Ellison syndrome,
Paracip Infusion, Pain reliefTreatment of Fever,
PA 12 Tablet SR, Pain relief Fever,
Prulastin Tablet,Treatment of Allergic conditions,
Pioride 1mg Tablet,Treatment of Constipation,
Prostagard 4 Capsule,Treatment of Benign prostatic hyperplasia,
Phexin BD 750mg Tablet,Treatment of Bacterial infections,
Parasafe 650 Tablet, Pain reliefTreatment of Fever,
Phenosulf Eye Drop,Treatment of Bacterial eye infections,
Panex-CR 12.5 Tablet,Treatment of DepressionTreatment of Panic disorderTreatment of Anxiety disorder,
Pinodin-TX Plus Tablet SR, Melasma Hyperpigmentation,
Propyzole NF Cream,Treatment of Fungal skin infections,
Pylokit-AC Kit,Treatment of Peptic ulcer disease,
Pregastar M 75 Capsule,Treatment of Neuropathic pain,
Progynova 1mg Tablet, Hormone replacement therapy,
P-Lone Eye Drop,Treatment of Redness and swelling in the eye,
Pregalift NT Tablet,Treatment of Neuropathic pain,
Pantotab DSR Capsule,Treatment of Gastroesophageal reflux disease (Acid reflux)Treatment of Peptic ulcer disease,
Peritol 4mg Tablet,Treatment of Allergic conditions Appetite stimulant,
Phytoral Tablet, Fungal infections,
Pbren-M 75 Capsule,Treatment of Neuropathic pain,
Pazom 40mg Tablet,Treatment of HeartburnTreatment of Gastroesophageal reflux disease (Acid reflux)Treatment of Peptic ulcer diseaseTreatment of Zollinger-Ellison syndrome,
Periset Injection,Treatment of Nausea Vomiting,
Pruwel 1 Tablet,Treatment of Constipation,
P 125 Drops, Pain reliefTreatment of Fever,
Pansped 40 Tablet,Treatment of HeartburnTreatment of Gastroesophageal reflux disease (Acid reflux)Treatment of Peptic ulcer diseaseTreatment of Zollinger-Ellison syndrome,
Premarin 0.3mg Tablet, Hormone replacement therapyPrevention of Post menopausal osteoporosis,
Pentab-D Tablet,Treatment of Gastroesophageal reflux disease (Acid reflux)Treatment of Peptic ulcer disease,
Pbren 75 Capsule,Treatment of Neuropathic painTreatment of Epilepsy/SeizuresTreatment of Fibromyalgia,
Puradine OZ Ointment, Wound infection,
Prazopill XL 5 Tablet,Treatment of Hypertension (high blood pressure)Treatment of Heart failureTreatment of Benign prostatic hyperplasia,
Pregabel-M Capsule,Treatment of Neuropathic pain,
Provanol 10 Tablet,Treatment of PheochromocytomaTreatment of Hypertension (high blood pressure) Prevention of migraineTreatment of AnxietyTreatment of ArrhythmiaPrevention of Heart attackPrevention of Angina (heart-related chest pain)Treatment of Tremors,
Pramipex 1 Tablet, Parkinson's disease Restless leg syndrome,
Presmovac 2 Tablet,Treatment of Constipation,
Podocip CV Tablet,Treatment of Respiratory tract infection,
Pilogo Plus Cream,Treatment of Piles,
Pinom 40 Tablet, Hypertension (high blood pressure) Heart failure Prevention of heart attack and stroke,
Pioplus 1 Tablet SR,Treatment of Type 2 diabetes mellitus,
Paxidep CR 37.5 Tablet,Treatment of DepressionTreatment of Panic disorderTreatment of Anxiety disorder,
Pramirol 0.5 Tablet, Parkinson's disease Restless leg syndrome,
Pregabid Forte 75 Capsule, Neuropathic pain,
Prolox 5% Topical Solution,Treatment of Hair loss,
Propynate NF Cream, Skin conditions with inflammation & itchingTreatment of Asthma,
Pregalin 150 Capsule,Treatment of Neuropathic painTreatment of Epilepsy/SeizuresTreatment of Fibromyalgia,
Paracip Suspension 60ml for Fever &amp; Pain Management, Pain reliefTreatment of Fever,
Plermin Gel, Diabetic foot ulcers,
Peg-SR M 75 Tablet,Treatment of Neuropathic pain,
Pramipex ER 0.75 Tablet, Parkinson's disease Restless leg syndrome,
Pangraf 2 Capsule, Prevention of organ rejection in transplant patients,
Pregabanyl Capsule,Treatment of Neuropathic pain,
Pivasta 4 Tablet, High cholesterol Prevention of heart attack and stroke,
Phlebotroy QPS Topical Solution,Prevention of Blood clots,
Panum-DSR Capsule,Treatment of Gastroesophageal reflux disease (Acid reflux)Treatment of Peptic ulcer disease,
Pansalve-DSR Capsule,Treatment of Gastroesophageal reflux disease (Acid reflux)Treatment of Peptic ulcer disease,
Parkin-Plus Tablet, Schizophrenia,
Panthol-D Eye Gel, Eye injury,
Prodep 60 Capsule,Treatment of DepressionTreatment of Panic disorderTreatment of Obsessive-compulsive disorder,
Polycain Oral Gel Jamaican Strawberry, Acidity Heartburn Stomach ulcers,
Pancef-O 200mg Tablet,Treatment of Bacterial infections,
Preva Tablet, Prevention of heart attack and stroke Heart attack Peripheral vascular disease,
Panto-DSR Capsule,Treatment of Gastroesophageal reflux disease (Acid reflux)Treatment of Peptic ulcer disease,
Pyrigesic Oral Suspension, Pain reliefTreatment of Fever,
Pro 9 500mg Injection,Prevention of Premature Labor,
Pirox 20 Capsule, Pain relief,
Pentasa 1gm Suppository,Treatment of Ulcerative colitis,
Penidure LA 6 Injection,Treatment of Bacterial infectionsTreatment of SyphilisPrevention of Rheumatic fever,
Peg -SR 75 Tablet,Treatment of Neuropathic painTreatment of Epilepsy/SeizuresTreatment of Fibromyalgia,
Protera-L Capsule SR,Treatment of Gastroesophageal reflux disease (Acid reflux),
Prexaron Plus Tablet, Stroke,
Panzynorm-N Tablet,Treatment of Pancreatic enzyme deficiency,
Planokuf XP  Syrup, Cough,
Pantium 40 Tablet,Treatment of HeartburnTreatment of Gastroesophageal reflux disease (Acid reflux)Treatment of Peptic ulcer diseaseTreatment of Zollinger-Ellison syndrome,
Penvir 250 Tablet, Herpes labialis Herpes Simplex Virus Infections Shingles Genital herpes infection,
Pentaglobin Injection, Immunoglobulins deficiency,
Pantadom-SR Capsule,Treatment of Gastroesophageal reflux disease (Acid reflux)Treatment of Peptic ulcer disease,
Pinodin Tablet, Varicose veins,
Propygenta NF Cream,Treatment of Bacterial skin infections,
Primiwal-E4 Tablet SR, Hormone replacement therapy,
Pixit Oral Solution Sugar Free,Treatment of Constipation,
Powergesic 100mg Transdermal Patch, Pain relief,
Panum L Capsule,Treatment of Gastroesophageal reflux disease (Acid reflux),
Profulvin 500 Tablet, Fungal infections,
PH-Perfect Capsule,Treatment of Gastroesophageal reflux disease (Acid reflux)Treatment of Intestinal ulcersTreatment of Irritable bowel syndrome,
Polyclav BD 228.5mg Dry Syrup,Treatment of Resistance Tuberculosis (TB)Treatment of Bacterial infections,
Prograf 0.5mg Capsule, Prevention of organ rejection in transplant patients,
Penclav 625 Tablet,Treatment of Bacterial infections,
Padup Capsule PR,Treatment of Gastroesophageal reflux disease (Acid reflux)Treatment of Peptic ulcer disease,
Phexin BD 375mg Tablet,Treatment of Bacterial infections,
Pregcert 200 SR Tablet, Hormone replacement therapyTreatment of Female infertility,
Pregalex-NT Tablet,Treatment of Neuropathic pain,
Pregabel 75 Capsule,Treatment of Neuropathic painTreatment of Epilepsy/SeizuresTreatment of Fibromyalgia,
PPG Met 0.3 Tablet SR,Treatment of Type 2 diabetes mellitus,
Pubergen HP 5000 Injection,Treatment of Female infertilityTreatment of Male hypogonadism,
Papaverine 60mg Injection, Erectile dysfunction Peripheral vascular disease,
Pramirol SR 0.26 Tablet, Parkinson's disease Restless leg syndrome,
Pentaloc D 10mg/20mg Tablet,Treatment of Gastroesophageal reflux disease (Acid reflux)Treatment of Peptic ulcer disease,
Patadin Tablet,Treatment of Allergic conditions,
Prasudoc 10 Tablet,Prevention of Heart attackPrevention of Stroke,
Pruf-P Tablet, Pain relief,
Piosys 30 Tablet,Treatment of Type 2 diabetes mellitus,
Pentate-D Tablet,Treatment of Gastroesophageal reflux disease (Acid reflux)Treatment of Peptic ulcer disease,
Panzynorm-HS Tablet,Treatment of Pancreatic enzyme deficiency,
Primiwal-S Tablet,Treatment of Erectile dysfunction,
Panthor DX Syrup, Dry cough,
Powercort-S 3% Ointment, Eczema Psoriasis,
Profine SR 300 Tablet, Hormone replacement therapyTreatment of Female infertility,
Pregamet 75 Capsule,Treatment of Neuropathic pain,
Persol Plus Gel, Acne,
Pregathree Tablet,Treatment of Neuropathic pain,
Parkinta 2mg Tablet,Treatment of Parkinson's diseaseTreatment of Drug induced abnormal movements,
PPG 0.2 Tablet,Treatment of Type 2 diabetes mellitus,
Piza-D Tablet,Treatment of Gastroesophageal reflux disease (Acid reflux)Treatment of Peptic ulcer disease,
Pexep CR 37.5 Tablet,Treatment of DepressionTreatment of Panic disorderTreatment of Anxiety disorder,
Pioz MF G2 Tablet SR,Treatment of Type 2 diabetes mellitus,
Primiwal E2 Tablet, Hormone replacement therapy,
Pioglit MF 15 Tablet ER,Treatment of Type 2 diabetes mellitus,
Potcl 1.5gm Injection, Potassium deficiency,
Panderm + Dusting Powder,Treatment of Fungal skin infections,
Pregeb OD 75 Tablet,Treatment of Neuropathic painTreatment of Epilepsy/SeizuresTreatment of Fibromyalgia,
Paroxee CR 25 Tablet,Treatment of DepressionTreatment of Panic disorderTreatment of Anxiety disorder,
Pamoria Cream, Fungal nail infections,
Pantodac L Capsule SR,Treatment of Gastroesophageal reflux disease (Acid reflux),
Pramirol 0.125 Tablet, Parkinson's disease Restless leg syndrome,
Paradise XR 12.5 Tablet,Treatment of DepressionTreatment of Panic disorderTreatment of Anxiety disorder,
Pregcert 300 SR Tablet, Hormone replacement therapyTreatment of Female infertility,
Pregeb M 150 Capsule,Treatment of Neuropathic pain,
Phytoral B Cream,Treatment of Fungal skin infections,
Psorid 100mg Oral Solution, Prevention of organ rejection in transplant patients Rheumatoid arthritis PsoriasisPrevention of graft rejection following Bone marrow transplantationTreatment of Nephrotic syndrome,
Pio-M 15 Tablet SR,Treatment of Type 2 diabetes mellitus,
Paknet-C Gel,Treatment of Acne,
Pantafol-SL Capsule SR,Treatment of Gastroesophageal reflux disease (Acid reflux),
Pyricool 500mg Tablet, Pain reliefTreatment of Fever,
Prolox Extra Strength 10% Topical Solution,Treatment of Hair loss,
Pregalin X 75 Capsule,Treatment of Neuropathic pain,
Plagerine-A Capsule, Prevention of heart attack and stroke,
P2I Tablet,Treatment of HeartburnTreatment of Gastroesophageal reflux disease (Acid reflux)Treatment of Peptic ulcer diseaseTreatment of Zollinger-Ellison syndrome,
Preganza NT Tablet,Treatment of Neuropathic pain,
Prelid 8mg Tablet,Treatment of Rheumatic disorderTreatment of Systemic lupus erythematosus (SLE)Treatment of Allergic conditionsTreatment of Eye disordersTreatment of Skin disorders,
Prulitop 2 Tablet,Treatment of Constipation,
Prutrip 25mg Tablet,Treatment of AnxietyTreatment of Skin conditions with inflammation & itching,
Panplus 40 Tablet,Treatment of HeartburnTreatment of Gastroesophageal reflux disease (Acid reflux)Treatment of Peptic ulcer diseaseTreatment of Zollinger-Ellison syndrome,
Pramipex ER 1.5 Tablet, Parkinson's disease Restless leg syndrome,
Pexep 10 Tablet,Treatment of DepressionTreatment of Panic disorderTreatment of Anxiety disorder,
Primodil-AT  Tablet,Treatment of Hypertension (high blood pressure),
Prominad Tablet,Treatment of Type 2 diabetes mellitus,
Priorix Vaccine, Prevention of Measles Prevention of Rubella Prevention of Mumps,
Provate-D Cream, Skin conditions with inflammation & itching,
Phexin 125mg Redisyp Pineapple,Treatment of Bacterial infections,
Pyrigesic Drop, Pain reliefTreatment of Fever,
Potrate-M Oral Solution, Kidney stone,
Pregalin M 150 Capsule,Treatment of Neuropathic pain,
Predace 4 Tablet,Treatment of Rheumatic disorderTreatment of Systemic lupus erythematosus (SLE)Treatment of Allergic conditionsTreatment of Eye disordersTreatment of Skin disorders,
Panimun Bioral 100mg Capsule, Prevention of organ rejection in transplant patients Rheumatoid arthritis PsoriasisPrevention of graft rejection following Bone marrow transplantationTreatment of Nephrotic syndrome,
Pulmoday 20mg Tablet,Treatment of Pulmonary arterial hypertension (PAH),
Prelin M 75 Capsule,Treatment of Neuropathic pain,
Picon Cream, Atopic dermatitis,
Povidot 10% Ointment,Treatment and prevention of Wound infection,
Pantodac IV Injection,Treatment of Gastroesophageal reflux disease (Acid reflux)Treatment of Peptic ulcer diseaseTreatment of Zollinger-Ellison syndrome,
Plagerine Tablet, Prevention of heart attack and stroke Heart attack Peripheral vascular disease,
Propynate NF Lotion, Skin conditions with inflammation & itchingTreatment of Asthma,
Pinom 10 Tablet, Hypertension (high blood pressure) Heart failure Prevention of heart attack and stroke,
Pegex 6mg Injection,Prevention of Infections after chemotherapy,
Pirfenex 600mg Tablet,Treatment of Idiopathic pulmonary fibrosis,
Pregeb M OD 150 Tablet,Treatment of Neuropathic pain,
Primodil 5 Tablet,Treatment of Hypertension (high blood pressure)Prevention of Angina (heart-related chest pain),
Pregastar M - OD 75 Tablet SR,Treatment of Neuropathic pain,
Puregraf 150IU HP Injection, Female infertility Male hypogonadism Male infertility,
Pileum Suppository,Treatment of Anal fissure,
Pinkeva 35 Kit,Treatment of Polycystic ovarian syndrome (PCOS),
Pancrehenz 25000 Capsule,Treatment of Pancreatic enzyme deficiency,
Prestiq 50 Tablet ER, Depression,
Pancrehenz 10000 Capsule,Treatment of Pancreatic enzyme deficiency,
Protera-I Capsule SR, Gastroesophageal reflux disease (Acid reflux) Peptic ulcer disease,
P 750 Tablet, Pain reliefTreatment of Fever,
Pramirol SR 0.52 Tablet, Parkinson's disease Restless leg syndrome,
Penridol 20mg Tablet,Treatment of SchizophreniaTreatment of DepressionTreatment of Bipolar disorder,
Pancicare-D Capsule PR,Treatment of Gastroesophageal reflux disease (Acid reflux)Treatment of Peptic ulcer disease,
Prelica Gel, Neuropathic pain,
Polypod CV 200 Tablet,Treatment of Respiratory tract infection,
Pacroma Cream, Atopic dermatitis,
Pradaxa 75mg Capsule,Treatment and prevention of Blood clots,
Panex-CR 25 Tablet,Treatment of DepressionTreatment of Panic disorderTreatment of Anxiety disorder,
Panum 40 Tablet,Treatment of HeartburnTreatment of Gastroesophageal reflux disease (Acid reflux)Treatment of Peptic ulcer diseaseTreatment of Zollinger-Ellison syndrome,
Prizide-M 80 Tablet,Treatment of Type 2 diabetes mellitus,
Prazopress 1 Tablet,Treatment of Hypertension (high blood pressure)Treatment of Heart failureTreatment of Benign prostatic hyperplasia,
Pregabid OD 100 Tablet SR,Treatment of Neuropathic painTreatment of Epilepsy/SeizuresTreatment of Fibromyalgia,
Prelogic Capsule,Treatment of Neuropathic pain,
PPG Met 0.2 Tablet SR,Treatment of Type 2 diabetes mellitus,
Pilot M 10mg/120mg Tablet,Treatment of Sneezing and runny nose due to allergies,
Pionorm 15 Tablet,Treatment of Type 2 diabetes mellitus,
Pangraf 0.25 Capsule, Prevention of organ rejection in transplant patients,
Planep-T 20 Kit, Edema,
Palido-OD 3 Tablet ER, Schizophrenia Mania,
Protol  -XL 50 Tablet,Treatment of Hypertension (high blood pressure)Treatment of Angina (heart-related chest pain)Treatment of ArrhythmiaPrevention of Heart attackPrevention of Migraine,
Persinal 75IU Injection, Female infertility Male hypogonadism Male infertility,
Preega M 75 Capsule,Treatment of Neuropathic pain,
Presmovac 1 Tablet,Treatment of Constipation,
Palido-OD 6 Tablet ER, Schizophrenia Mania,
Panimun Bioral 50mg Capsule, Prevention of organ rejection in transplant patients Rheumatoid arthritis PsoriasisPrevention of graft rejection following Bone marrow transplantationTreatment of Nephrotic syndrome,
Protol-XL 25 Tablet,Treatment of Hypertension (high blood pressure)Treatment of Angina (heart-related chest pain)Treatment of ArrhythmiaPrevention of Heart attackPrevention of Migraine,
Pomalid 2mg Capsule, Multiple myeloma,
Pantodac-IT Capsule SR, Gastroesophageal reflux disease (Acid reflux) Peptic ulcer disease,
Pradil 150 Tablet, Arrhythmia,
Pantin 40mg Injection,Treatment of Gastroesophageal reflux disease (Acid reflux)Treatment of Peptic ulcer diseaseTreatment of Zollinger-Ellison syndrome,
Phexin Kid Tablet DT,Treatment of Bacterial infections,
Pioglar-G Tablet,Treatment of Type 2 diabetes mellitus,
Pregalin Forte Capsule, Neuropathic pain,
Pregalin Forte Capsule, Neuropathic pain,
Plagerine-A 150 Capsule, Prevention of heart attack and stroke,
Patroxta 12.5 Tablet PR,Treatment of DepressionTreatment of Panic disorderTreatment of Anxiety disorder,
Podocip 200mg Tablet,Treatment of Bacterial infections,
Pirox Gel 30gm for Skin Infections, Pain relief,
Pulmonext 10 Tablet, Pulmonary arterial hypertension (PAH),
Pansec 40mg Injection,Treatment of Gastroesophageal reflux disease (Acid reflux)Treatment of Peptic ulcer diseaseTreatment of Zollinger-Ellison syndrome,
Pinom-H 20 Tablet, Hypertension (high blood pressure),
Pentasa 1gm Enema,Treatment of Ulcerative colitis,
Primigyn 0.5mg Gel, Induction of labour,
Piritexyl Plus Cough Syrup,Treatment of Dry cough,
Pregadoc 75 Capsule,Treatment of Neuropathic painTreatment of Epilepsy/SeizuresTreatment of Fibromyalgia,
Prenura NT Tablet,Treatment of Neuropathic pain,
Pioglit 7.5 Tablet,Treatment of Type 2 diabetes mellitus,
Piritexyl Plus Cough Syrup,Treatment of Dry cough,
Paxi-CR 12.5 Tablet,Treatment of DepressionTreatment of Panic disorderTreatment of Anxiety disorder,
Pivasta 1 Tablet, High cholesterol Prevention of heart attack and stroke,
Petolo Eye Drop,Treatment of Allergic conditions,
Predace 16 Tablet,Treatment of Rheumatic disorderTreatment of Systemic lupus erythematosus (SLE)Treatment of Allergic conditionsTreatment of Eye disordersTreatment of Skin disorders,
Princiclav 500 mg/125 mg Tablet,Treatment of Bacterial infections,
Predace 8mg Tablet,Treatment of Rheumatic disorderTreatment of Systemic lupus erythematosus (SLE)Treatment of Allergic conditionsTreatment of Eye disordersTreatment of Skin disorders,
Pulmofib 200mg Tablet,Treatment of Idiopathic pulmonary fibrosis,
Plagril 75 Tablet, Prevention of heart attack and stroke Heart attack Peripheral vascular disease,
Pregalin SR 150 Tablet,Treatment of Neuropathic painTreatment of Epilepsy/SeizuresTreatment of Fibromyalgia,
Prostado-D Tablet ER,Treatment of Benign prostatic hyperplasia,
Phytoral Dusting Powder, Fungal skin infections,
Pexep 20 Tablet,Treatment of DepressionTreatment of Panic disorderTreatment of Anxiety disorder,
Pregabid 150 Capsule,Treatment of Neuropathic painTreatment of Epilepsy/SeizuresTreatment of Fibromyalgia,
Pinodin TX-SR Tablet,Treatment of Bleeding,
Praiscort Ointment, Skin conditions with inflammation & itchingTreatment of Rheumatoid arthritisTreatment of Osteoarthritis,
Pantafol 40mg Tablet,Treatment of HeartburnTreatment of Gastroesophageal reflux disease (Acid reflux)Treatment of Peptic ulcer diseaseTreatment of Zollinger-Ellison syndrome,
Piokind-M 15 Tablet,Treatment of Type 2 diabetes mellitus,
Prandial M 0.3 Tablet,Treatment of Type 2 diabetes mellitus,
P Zole 40mg Tablet,Treatment of HeartburnTreatment of Gastroesophageal reflux disease (Acid reflux)Treatment of Peptic ulcer diseaseTreatment of Zollinger-Ellison syndrome,
Prasusafe 10 Tablet,Prevention of Heart attackPrevention of Stroke,
Pioglar 15 Tablet,Treatment of Type 2 diabetes mellitus,
Picozy Syrup Sugar Free,Treatment of Constipation,
Pinom CT 40 Tablet, Hypertension (high blood pressure),
Pregalex-M Capsule,Treatment of Neuropathic pain,
Paxotus 12.5mg Tablet,Treatment of DepressionTreatment of Panic disorderTreatment of Anxiety disorder,
Pantofix D Capsule PR,Treatment of Gastroesophageal reflux disease (Acid reflux)Treatment of Peptic ulcer disease,
Pioglit 30 Tablet,Treatment of Type 2 diabetes mellitus,
Pramirol SR 1.05 Tablet, Parkinson's disease Restless leg syndrome,
Pynomax - OD Tablet SR,Treatment of Bleeding,
Pentanerv 450mg Tablet SR,Treatment of Neuropathic painTreatment of Epilepsy/Seizures,
Powercort-S 6% Ointment, Eczema Psoriasis,
Polyclav Kid Tablet,Treatment of Resistance Tuberculosis (TB)Treatment of Bacterial infections,
Protol-AM Tablet PR,Treatment of Hypertension (high blood pressure),
Pregabid M OD 100 Tablet SR,Treatment of Neuropathic pain,
Pantin RD 10mg/20mg Tablet,Treatment of Gastroesophageal reflux disease (Acid reflux)Treatment of Peptic ulcer disease,
Ppson 40mg Capsule,Treatment of HeartburnTreatment of Gastroesophageal reflux disease (Acid reflux)Treatment of Peptic ulcer diseaseTreatment of Zollinger-Ellison syndrome,
Pruflox Tablet, Urinary tract infections (UTIs),
Pilzban Cream, Fungal skin infections,
Pulmopres Tablet,Treatment of Pulmonary arterial hypertension (PAH),
P 125 Tablet DT, Pain reliefTreatment of Fever,
Powercef 1gm Injection,Treatment of Bacterial infections,
Patinex 12.5mg Tablet,Treatment of DepressionTreatment of Panic disorderTreatment of Anxiety disorder,
PP Set DSR Capsule,Treatment of Gastroesophageal reflux disease (Acid reflux)Treatment of Peptic ulcer disease,
Povinanz Ointment,Treatment and prevention of Wound infection,
Panido-D Tablet,Treatment of Gastroesophageal reflux disease (Acid reflux)Treatment of Peptic ulcer disease,
Prosovit 75 Capsule,Treatment of Neuropathic painTreatment of Epilepsy/SeizuresTreatment of Fibromyalgia,
Pubergen JO 7500IU Injection,Treatment of Female infertilityTreatment of Male hypogonadism,
Pinom CT 20 Tablet, Hypertension (high blood pressure),
Pyrope NTM Tablet SR,Treatment of Neuropathic pain,
Pirfetab Tablet,Treatment of Idiopathic pulmonary fibrosis,
Povirobes Ointment, Wound infection,
Pinodin-TX Plus Tablet,Treatment of Varicose veins,
Praxet 12.5mg Tablet CR,Treatment of DepressionTreatment of Panic disorderTreatment of Anxiety disorder,
Pronate 20 Tablet,Treatment of PheochromocytomaTreatment of Hypertension (high blood pressure) Prevention of migraineTreatment of AnxietyTreatment of ArrhythmiaPrevention of Heart attackPrevention of Angina (heart-related chest pain)Treatment of Tremors,
Poliovac PFS Vaccine,Prevention of Polio,
Progaba 100mg Tablet,Treatment of Neuropathic painTreatment of Epilepsy/Seizures,
Podxetil CV 200mg/125mg Tablet,Treatment of Respiratory tract infection,
Prednol-LS Eye Drop, Redness and swelling in the eye,
Psorid 25 Capsule, Prevention of organ rejection in transplant patients Rheumatoid arthritis PsoriasisPrevention of graft rejection following Bone marrow transplantationTreatment of Nephrotic syndrome,
Prelin 75 Capsule,Treatment of Neuropathic painTreatment of Epilepsy/SeizuresTreatment of Fibromyalgia,
Pariwave CR 12.5 Tablet,Treatment of DepressionTreatment of Panic disorderTreatment of Anxiety disorder,
Panbloc Tablet,Treatment of HeartburnTreatment of Gastroesophageal reflux disease (Acid reflux)Treatment of Peptic ulcer diseaseTreatment of Zollinger-Ellison syndrome,
Pidotimune 400 Tablet, Diseases of respiratory tract,
Predsol Eye Drop,Treatment of Redness and swelling in the eye,
Pionorm 30 Tablet,Treatment of Type 2 diabetes mellitus,
Paradise XR 25 Tablet,Treatment of DepressionTreatment of Panic disorderTreatment of Anxiety disorder,
Piomed 15 Tablet,Treatment of Type 2 diabetes mellitus,
PUC 250mg/5ml Suspension, Pain reliefTreatment of Fever,
Plasmaglob 5gm Injection, Immunoglobulins deficiency,
Prelid 4mg Tablet,Treatment of Rheumatic disorderTreatment of Systemic lupus erythematosus (SLE)Treatment of Allergic conditionsTreatment of Eye disordersTreatment of Skin disorders,
Patinex 25mg Tablet,Treatment of DepressionTreatment of Panic disorderTreatment of Anxiety disorder,
Pin OM-M 50 Tablet, Hypertension (high blood pressure),
Pptroy D Capsule PR,Treatment of Gastroesophageal reflux disease (Acid reflux)Treatment of Peptic ulcer disease,
Pansa-D Tablet,Treatment of Gastroesophageal reflux disease (Acid reflux)Treatment of Peptic ulcer disease,
Prazo-DSR Capsule,Treatment of Gastroesophageal reflux disease (Acid reflux)Treatment of Peptic ulcer disease,
Paragreat 650mg Tablet, Pain reliefTreatment of Fever,
Polaramine Paediatric Syrup,Treatment of Allergic conditions,
Pregadoc M - SR 75 Tablet,Treatment of Neuropathic pain,
Pentol Eye Drop, Eye examination Uveitis,
Penegra Xpress 25mg Tablet,Treatment of Erectile dysfunction,
Progaba AM Tablet,Treatment of Neuropathic pain,
Piopar-MF 15 Tablet ER,Treatment of Type 2 diabetes mellitus,
Palip XR 3 Tablet, Schizophrenia Mania,
Prexaron 500 Tablet,Treatment of StrokeTreatment of Head injuryTreatment of Alzheimer's diseaseTreatment of Dementia in Parkinson's disease,
Pramirol 1 Tablet, Parkinson's disease Restless leg syndrome,
Podxetil  200mg Tablet,Treatment of Bacterial infections,
Powercort-S 6% Lotion,Treatment of EczemaTreatment of Psoriasis,
Proceive SR 200 Tablet, Hormone replacement therapy Female infertility,
Pexoclav 625 Tablet,Treatment of Bacterial infections,
Petolo-OD  Eye Drop,Treatment of Allergic conditions,
Pirament Syrup, Alzheimer's disease Stroke Dementia in Parkinson's disease Age related memory loss Head injury,
Pin OM-M 25 Tablet ER, Hypertension (high blood pressure),
Pexep 40 Tablet,Treatment of DepressionTreatment of Panic disorderTreatment of Anxiety disorder,
Panimun Bioral 25mg Capsule, Prevention of organ rejection in transplant patients Rheumatoid arthritis PsoriasisPrevention of graft rejection following Bone marrow transplantationTreatment of Nephrotic syndrome,
Prexaron Syrup Sugar Free,Treatment of StrokeTreatment of Head injuryTreatment of Alzheimer's diseaseTreatment of Dementia in Parkinson's disease,
Peredom 20 mg/650 mg Tablet,Treatment of Migraine,
Pyrope NT  75mg/10mg Tablet,Treatment of Neuropathic pain,
Pentowok D Tablet,Treatment of Gastroesophageal reflux disease (Acid reflux)Treatment of Peptic ulcer disease,
Paxotus 25 Tablet PR,Treatment of DepressionTreatment of Panic disorderTreatment of Anxiety disorder,
Pregastar Plus SR 75 Tablet, Neuropathic pain,
Pregastar Plus SR 75 Tablet, Neuropathic pain,
Propess Pessaries, Induction of labour,
Patalo-DS Eye Drops,Treatment of Allergic conditions,
Polyclav 250mg/125mg Tablet,Treatment of Bacterial infections,
Picasa 40mg Oral Suspension, Severe fungal infections,
Pedwin Tablet,Treatment of Neuropathic pain,
Pinoin 0.025% Cream,Treatment of Acne Acute promyelocytic leukaemia,
Prisben AC 2.5% Gel,Treatment of Acne,
Paragreat 250mg Suspension, Pain reliefTreatment of Fever,
Prestiq 100 Tablet ER, Depression,
PUC 650 Tablet, Pain reliefTreatment of Fever,
Pinoin 10mg Capsule,Treatment of Acne,
Pregcert 200 Capsule, Hormone replacement therapyTreatment of Female infertility,
Parot-CR 12.5 Tablet,Treatment of DepressionTreatment of Panic disorderTreatment of Anxiety disorder,
Pantapar-DSR Capsule,Treatment of Gastroesophageal reflux disease (Acid reflux)Treatment of Peptic ulcer disease,
Parona CR 12.5 Tablet,Treatment of DepressionTreatment of Panic disorderTreatment of Anxiety disorder,
Provate S Ointment,Treatment of EczemaTreatment of Psoriasis,
Pansa DSR Capsule,Treatment of Gastroesophageal reflux disease (Acid reflux)Treatment of Peptic ulcer disease,
Parawel 650mg Tablet, Pain reliefTreatment of Fever,
Pop IT Capsule SR, Gastroesophageal reflux disease (Acid reflux) Peptic ulcer disease,
Penegra Pah Tablet,Treatment of Pulmonary arterial hypertension (PAH),
Pantex-D SR Capsule,Treatment of Gastroesophageal reflux disease (Acid reflux)Treatment of Peptic ulcer disease,
Pexopram 0.125mg Tablet, Parkinson's disease Restless leg syndrome,
Paracip Drops, Pain reliefTreatment of Fever,
Pacimol XP Tablet DT, Pain reliefTreatment of Fever,
Pregcert -AQ 25 Injection, Hormone replacement therapyTreatment of Female infertility,
Pramodep 50mg Tablet, Anxiety disorder,
Pregabid OD 150 Tablet,Treatment of Neuropathic painTreatment of Epilepsy/SeizuresTreatment of Fibromyalgia,
Pexpen-CR 25 Tablet,Treatment of DepressionTreatment of Panic disorderTreatment of Anxiety disorder,
PUC 125 Suspension, Pain reliefTreatment of Fever,
Pratham 100 Rediuse Oral Suspension,Treatment of Bacterial infections,
Pexep 30 Tablet,Treatment of DepressionTreatment of Panic disorderTreatment of Anxiety disorder,
Prasuvas 10 Tablet,Prevention of Heart attackPrevention of Stroke,
Prandial M 0.2 Tablet,Treatment of Type 2 diabetes mellitus,
Piosafe 15 Tablet,Treatment of Type 2 diabetes mellitus,
Prandial 0.3 MD Tablet,Treatment of Type 2 diabetes mellitus,
Pregabid ME 150 Capsule,Treatment of Neuropathic pain,
Plaintar-CS Lotion, Psoriasis,
Pop DSR Capsule,Treatment of Gastroesophageal reflux disease (Acid reflux)Treatment of Peptic ulcer disease,
Parona CR 25 Tablet,Treatment of DepressionTreatment of Panic disorderTreatment of Anxiety disorder,
Panstal Plus 10000 Capsule DR,Treatment of Pancreatic enzyme deficiency,
Pramirol SR 2.1 Tablet, Parkinson's disease Restless leg syndrome,
Pronim 100 Tablet, Pain reliefTreatment of Fever,
Pantotas D 10mg/40mg Tablet,Treatment of Gastroesophageal reflux disease (Acid reflux)Treatment of Peptic ulcer disease,
Primodil 2.5 Tablet,Treatment of Hypertension (high blood pressure)Prevention of Angina (heart-related chest pain),
Pirfemac 400 Tablet,Treatment of Idiopathic pulmonary fibrosis,
Proflur Eye Drop,Treatment of Eye pain,
Prilido Cream, Local anesthesia (Numb tissues in a specific area),
Panpure Tablet,Treatment of HeartburnTreatment of Gastroesophageal reflux disease (Acid reflux)Treatment of Peptic ulcer diseaseTreatment of Zollinger-Ellison syndrome,
Protol 50 TL Tablet PR,Treatment of Hypertension (high blood pressure),
Pbf Gel,Treatment of Vaginitis,
Pirasure Syrup, Alzheimer's disease Stroke Dementia in Parkinson's disease Age related memory loss Head injury,
PA 650mg Tablet, Pain reliefTreatment of Fever,
Plosat gm Cream,Treatment of Skin infections,
Persil Eye Drop,Treatment of Allergic eye disease,
Profenac Eye Drop, Post-operative eye pain and inflammation Pain relief,
Pantop-M Capsule SR, Gastroesophageal reflux disease (Acid reflux) Peptic ulcer disease,
Pseudo-Tears Eye Drop,Treatment of Dry eyes,
Piopod 15 MF Tablet ER,Treatment of Type 2 diabetes mellitus,
Pregabel 150mg Capsule,Treatment of Neuropathic painTreatment of Epilepsy/SeizuresTreatment of Fibromyalgia,
Posito SR 200 Tablet, Hormone replacement therapy Female infertility,
Penetrat-D Tablet, Pain relief,
Pyrica-M  Capsule,Treatment of Neuropathic pain,
Predvia Injection,Treatment of Rheumatic disorderTreatment of Systemic lupus erythematosus (SLE)Treatment of Allergic conditionsTreatment of Eye disordersTreatment of Skin disorders,
Priglip M 500mg/20mg Tablet,Treatment of Type 2 diabetes mellitus,
Pilpan-D Tablet,Treatment of Gastroesophageal reflux disease (Acid reflux)Treatment of Peptic ulcer disease,
Purocin Ointment,Treatment of Bacterial skin infections,
Pdlast Tablet, Plaque psoriasis,
Prohale 200mg Capsule, Hormone replacement therapyTreatment of Female infertility,
Predvia 4 Tablet,Treatment of Rheumatic disorderTreatment of Systemic lupus erythematosus (SLE)Treatment of Allergic conditionsTreatment of Eye disordersTreatment of Skin disorders,
Periset Injection,Treatment of Nausea Vomiting,
Posito SR 300 Tablet, Hormone replacement therapy Female infertility,
Pilzban Cream, Fungal skin infections,
Piopar 7.5 Tablet,Treatment of Type 2 diabetes mellitus,
Prandial 0.2 MD Tablet,Treatment of Type 2 diabetes mellitus,
Piomed 30 Tablet,Treatment of Type 2 diabetes mellitus,
Pirament 400 Tablet, Alzheimer's disease Stroke Dementia in Parkinson's disease Age related memory loss Head injury,
Pegten-NT Tablet,Treatment of Neuropathic pain,
Proceive SR 300 Tablet, Hormone replacement therapyTreatment of Female infertility,
Peroxita Cream, Wound infection,
Penrab 20mg Tablet,Treatment of Gastroesophageal reflux disease (Acid reflux)Treatment of Peptic ulcer diseaseTreatment of Zollinger-Ellison syndrome,
Phlebosol QPS Solution,Prevention of Blood clots,
Pylodil 2 Solution,Treatment of Hair loss,
Pyricool 650mg Tablet, Pain reliefTreatment of Fever,
Praztac-D Capsule SR,Treatment of Gastroesophageal reflux disease (Acid reflux)Treatment of Peptic ulcer disease,
PUC Tablet, Pain reliefTreatment of Fever,
Pentalink 40 Tablet,Treatment of HeartburnTreatment of Gastroesophageal reflux disease (Acid reflux)Treatment of Peptic ulcer diseaseTreatment of Zollinger-Ellison syndrome,
Paknet Soap, Skin infections,
Povinanz Gargle 100ml for Oral Care,Treatment of Mouth infectionTreatment of Sore throatTreatment of Dry mouthTreatment and prevention of Wound infection,
Prucalm 10 Tablet,Treatment of AnxietyTreatment of Skin conditions with inflammation & itching,
Premeal 1mg Tablet,Treatment of Type 2 diabetes mellitus,
Pozitiv 15mg Tablet,Treatment of Type 2 diabetes mellitus,
Pramirol SR 3.15 Tablet, Parkinson's disease Restless leg syndrome,
Pozitiv 15mg Tablet,Treatment of Type 2 diabetes mellitus,
Pramirol SR 3.15 Tablet, Parkinson's disease Restless leg syndrome,
Phytoral-XL Cream, Fungal skin infections,
Pantosun-DSR Capsule,Treatment of Gastroesophageal reflux disease (Acid reflux)Treatment of Peptic ulcer disease,
Protol 25 TL Tablet PR,Treatment of Hypertension (high blood pressure),
Pinoin Ointment,Treatment of Acne Acute promyelocytic leukaemia,
Preega 75 Capsule,Treatment of Neuropathic painTreatment of Epilepsy/SeizuresTreatment of Fibromyalgia,
Pregabrica NT Tablet,Treatment of Neuropathic pain,
Povinanz 10% Solution,Treatment and prevention of Wound infection,
Pioglar 30 Tablet,Treatment of Type 2 diabetes mellitus,
Panopaz 40 Tablet,Treatment of HeartburnTreatment of Gastroesophageal reflux disease (Acid reflux)Treatment of Peptic ulcer diseaseTreatment of Zollinger-Ellison syndrome,
Pioglucored Forte Tablet,Treatment of Type 2 diabetes mellitus,
PPG MD 0.3 Tablet,Treatment of Type 2 diabetes mellitus,
Protek  Soap, Fungal skin infections,
Pioglaz 7.5mg Tablet,Treatment of Type 2 diabetes mellitus,
Psoratop 25mg Tablet, Vitiligo Psoriasis,
PH-Bar, Fungal skin infections,
PH-Bar, Fungal skin infections,
Pantodell DSR Capsule,Treatment of Gastroesophageal reflux disease (Acid reflux)Treatment of Peptic ulcer disease,
Peda Typh Vaccine,Prevention of Typhoid fever,
Parvis 650 Tablet, Pain reliefTreatment of Fever,
PPG MD 0.2 Tablet,Treatment of Type 2 diabetes mellitus,
Paraband 650mg Tablet, Pain reliefTreatment of Fever,
Podmon Tablet,Treatment of Bacterial infections,
Pantovil 40 Tablet,Treatment of HeartburnTreatment of Gastroesophageal reflux disease (Acid reflux)Treatment of Peptic ulcer diseaseTreatment of Zollinger-Ellison syndrome,
Prazopill XL 2.5 Tablet,Treatment of Hypertension (high blood pressure)Treatment of Heart failureTreatment of Benign prostatic hyperplasia,
Parpol 500mg Tablet, Pain reliefTreatment of Fever,
Quadriderm RF Cream,Treatment of Skin infections,
Qutipin 25 Tablet,Treatment of SchizophreniaTreatment of Mania,
Qutan 25 Tablet,Treatment of SchizophreniaTreatment of Mania,
Qutipin 50 Tablet,Treatment of SchizophreniaTreatment of Mania,
Quadriderm RF Cream,Treatment of Skin infections,
Qutan 50 Tablet,Treatment of SchizophreniaTreatment of Mania,
Qmax 200mg Tablet,Treatment of Bacterial infections,
Qutipin 100 Tablet,Treatment of SchizophreniaTreatment of Mania,
Q-Car Forte  Tablet, Nutritional deficiencies,
Q-Mind 25 Tablet,Treatment of SchizophreniaTreatment of Mania,
Q-Car Tablet,Treatment of Nutritional deficiencies,
Q-Sap Eye Ointment,Treatment of Bacterial eye infections,
Qutan 100 Tablet,Treatment of SchizophreniaTreatment of Mania,
Qtern 5mg/10mg Tablet,Treatment of Type 2 diabetes mellitus,
Quel 25mg Tablet,Treatment of SchizophreniaTreatment of Mania,
Qmax OZ 200 mg/500 mg Tablet,Treatment of Bacterial & parasitic infections,
Quadrajel Gel,Treatment of Mouth ulcers,
Qutipin 200 Tablet,Treatment of SchizophreniaTreatment of Mania,
Qutipin SR 50 Tablet,Treatment of SchizophreniaTreatment of Mania,
Qutipin SR 100 Tablet,Treatment of SchizophreniaTreatment of Mania,
Qutan SR 50 Tablet,Treatment of SchizophreniaTreatment of Mania,
Qutan SR 100 Tablet,Treatment of SchizophreniaTreatment of Mania,
Qustain P 1000 Tablet SR, Pain relief Fever,
Qutipin SR 300 Tablet,Treatment of SchizophreniaTreatment of Mania,
Quel SR 100 Tablet PR,Treatment of SchizophreniaTreatment of Mania,
Qutipin SR 200 Tablet,Treatment of SchizophreniaTreatment of Mania,
Quinoderm+ Cream,Treatment of Skin infections,
Quikhale FB 200 Capsule,Treatment of Chronic obstructive pulmonary disease (COPD),
Q-Sone Cream,Treatment of Skin conditions with inflammation & itching,
Quel 50 Tablet,Treatment of SchizophreniaTreatment of Mania,
Q-Pin 25 Tablet,Treatment of SchizophreniaTreatment of Mania,
Qutan SR 200 Tablet,Treatment of SchizophreniaTreatment of Mania,
Qutan 200 Tablet,Treatment of SchizophreniaTreatment of Mania,
Qutan SR 300 Tablet,Treatment of SchizophreniaTreatment of Mania,
Qdmrd 200 Tablet,Treatment of Rheumatoid arthritisTreatment of Systemic lupus erythematosus (SLE)Treatment of Type 2 diabetes mellitus,
Quser 25mg Tablet,Treatment of SchizophreniaTreatment of Mania,
Qron 20mg/ml Injection,Treatment of Iron deficiency anemia,
Qutipin 300 Tablet,Treatment of SchizophreniaTreatment of Mania,
Quikhale FB 400 Capsule,Treatment of Chronic obstructive pulmonary disease (COPD),
Questa 10 Tablet,Treatment of DepressionTreatment of Anxiety disorderTreatment of Panic disorder,
Quel 100 Tablet,Treatment of SchizophreniaTreatment of Mania,
Qutan 300 Tablet,Treatment of SchizophreniaTreatment of Mania,
Qutan SR 400 Tablet,Treatment of SchizophreniaTreatment of Mania,
Qutiwel 25mg Tablet,Treatment of SchizophreniaTreatment of Mania,
Quel SR 200 Tablet,Treatment of SchizophreniaTreatment of Mania,
Q-Mind SR 100 Tablet,Treatment of SchizophreniaTreatment of Mania,
Q-Mind SR 50 Tablet,Treatment of SchizophreniaTreatment of Mania,
Q-Pin SR 200 Tablet,Treatment of SchizophreniaTreatment of Mania,
Quikhale SF 250 HFA Based Inhaler,Treatment of Chronic obstructive pulmonary disease (COPD),
Q-Mind SR 200 Tablet,Treatment of SchizophreniaTreatment of Mania,
Quinpride 50 Tablet, Schizophrenia,
Quikhale FB 200 Powder for Inhalation,Treatment of Chronic obstructive pulmonary disease (COPD),
Qutiwel 50mg Tablet SR,Treatment of SchizophreniaTreatment of Mania,
Q-Mind SR 300 Tablet,Treatment of SchizophreniaTreatment of Mania,
Quadlon Antiseptic Liquid,Treatment of Wound infection,
Remicade Injection, Rheumatoid arthritis Ankylosing spondylitis Psoriasis Ulcerative colitis Crohn’s disease,
Rolimus 5 Tablet, Prevention of organ rejection in transplant patientsTreatment of Breast cancerTreatment of Pancreatic cancerTreatment of Lung cancerTreatment of Kidney cancer,
Refresh Tears Eye Drop,Treatment of Dry eyes,
Rifagut 400 Tablet,Treatment of Hepatic encephalopathyTreatment of Infectious diarrhea,
Regestrone 5mg Tablet,Treatment of Heavy menstrual bleedingTreatment of Pain during menstruationTreatment of EndometriosisTreatment of Premenstrual syndrome (PMS),
Rantac 150 Tablet,Treatment of Gastroesophageal reflux disease (Acid reflux)Treatment of Peptic ulcer disease,
Redotil 100mg Capsule,Treatment of Diarrhea,
Reswas Syrup,Treatment of Dry cough,
Rosuvas 10 Tablet,Treatment of High cholesterol Prevention of heart attack and stroke,
Razo-D Capsule SR,Treatment of Gastroesophageal reflux disease (Acid reflux)Treatment of Peptic ulcer disease,
Retino-A 0.025% Cream,Treatment of Acne Acute promyelocytic leukaemia,
Rifagut 550 Tablet,Treatment of Hepatic encephalopathyTreatment of Infectious diarrhea,
Relent Plus Syrup,Treatment of Cough,
Rexidin-M Forte Gel,Treatment of Mouth ulcers,
ROKO Capsule, Diarrhea,
Rebagen Tablet,Treatment of Peptic ulcer diseaseTreatment of Mouth ulcers,
Rabekind-DSR Capsule,Treatment of Gastroesophageal reflux disease (Acid reflux)Treatment of Peptic ulcer disease,
Rosuvas F 10 Tablet,Treatment of High cholesterolPrevention of Heart attack,
Rantac Syrup Mint,Treatment of Gastroesophageal reflux disease (Acid reflux)Treatment of Peptic ulcer disease,
Razo 20 Tablet,Treatment of Gastroesophageal reflux disease (Acid reflux)Treatment of Peptic ulcer diseaseTreatment of Zollinger-Ellison syndrome,
Rozavel 10 Tablet,Treatment of High cholesterol Prevention of heart attack and stroke,
Relent Tablet,Treatment of Cough,
Renicol Eye Drop,Treatment of Bacterial eye infections,
Rabesec-D SR Capsule,Treatment of Gastroesophageal reflux disease (Acid reflux)Treatment of Peptic ulcer disease,
Reheptin Tablet,Treatment of Liver  disease,
Renolog Tablet,Treatment of Chronic kidney disease,
Refresh Liquigel Eye Drop,Treatment of Dry eyes,
Rablet 20 Tablet,Treatment of Gastroesophageal reflux disease (Acid reflux)Treatment of Peptic ulcer diseaseTreatment of Zollinger-Ellison syndrome,
Rosuvas 20 Tablet,Treatment of High cholesterol Prevention of heart attack and stroke,
Regestrone CR 10mg Tablet,Treatment of Heavy menstrual bleedingTreatment of Pain during menstruationTreatment of EndometriosisTreatment of Premenstrual syndrome (PMS),
Rabium-DSR Capsule,Treatment of Gastroesophageal reflux disease (Acid reflux)Treatment of Peptic ulcer disease,
Resner Plus Tablet,Treatment of Neuropathic pain,
Ranidom-O Oral Suspension Orange Sugar Free,Treatment of AcidityTreatment of HeartburnTreatment of Stomach ulcers,
Ryzodeg 100IU/ml Penfill, Diabetes,
Rejoint New Tablet, Osteoarthritis,
Rifaxigyl-M Tablet,Treatment of Infectious diarrhea,
Rapitus Syrup Sugar Free,Treatment of Dry cough,
Rcifax 400 Tablet,Treatment of Hepatic encephalopathyTreatment of Infectious diarrhea,
Ranozex Tablet ER,Treatment of Angina (heart-related chest pain),
Rosuva Gold 20 Capsule, Heart attack,
Retino-A 0.05% Cream,Treatment of Acne Acute promyelocytic leukaemia,
Ryzodeg 100IU/ml Flextouch, Diabetes,
Rabekind 20 Tablet,Treatment of Gastroesophageal reflux disease (Acid reflux)Treatment of Peptic ulcer diseaseTreatment of Zollinger-Ellison syndrome,
Rebez DSR Capsule,Treatment of Gastroesophageal reflux disease (Acid reflux)Treatment of Peptic ulcer disease,
Rozavel F Tablet,Treatment of High cholesterolPrevention of Heart attack,
Rozagold  20 Capsule, Heart attack,
Rekool D Capsule SR,Treatment of Gastroesophageal reflux disease (Acid reflux)Treatment of Peptic ulcer disease,
Rosuvas CV 10 Tablet, Heart attack prevention and high cholesterol,
Roseday-F 10 Tablet,Treatment of High cholesterolPrevention of Heart attack,
Rapitus Plus Syrup Sugar Free,Treatment of Dry cough,
Rantop Syrup Mango,Treatment of Gastroesophageal reflux disease (Acid reflux)Treatment of Peptic ulcer disease,
Rexipra 10 Tablet,Treatment of DepressionTreatment of Anxiety disorderTreatment of Panic disorder,
Rozalet 10 Tablet, Heart attack prevention and high cholesterol,
Rzole DSR Capsule,Treatment of Gastroesophageal reflux disease (Acid reflux)Treatment of Peptic ulcer disease,
Raciper D 40 Capsule SR,Treatment of Gastroesophageal reflux disease (Acid reflux)Treatment of Functional dyspepsia,
Recofast Plus Tablet, Common cold,
Rabalkem-DSR Capsule,Treatment of Gastroesophageal reflux disease (Acid reflux)Treatment of Peptic ulcer disease,
Rabezol DSR  Capsule,Treatment of Gastroesophageal reflux disease (Acid reflux)Treatment of Peptic ulcer disease,
Roseday-A 10 Capsule,Treatment of Prevention of heart attack and stroke,
Rozavel A Capsule,Treatment of Prevention of heart attack and stroke,
Rapilif-D 8 New Capsule,Treatment of Benign prostatic hyperplasia,
Rozucor ASP 10 Capsule,Treatment of Prevention of heart attack and stroke,
Rifagut Tablet,Treatment of Infectious diarrhea,
Rutoheal-D Tablet, Pain relief,
Rosuvas 5 Tablet,Treatment of High cholesterol Prevention of heart attack and stroke,
Ranidom- RD Tablet,Treatment of Gastroesophageal reflux disease (Acid reflux)Treatment of Functional dyspepsia,
Reactin 50 Tablet, Pain relief,
Rozucor 10 Tablet,Treatment of High cholesterol Prevention of heart attack and stroke,
Rabium 20 Tablet,Treatment of Gastroesophageal reflux disease (Acid reflux)Treatment of Peptic ulcer diseaseTreatment of Zollinger-Ellison syndrome,
Razo-L Capsule SR,Treatment of Gastroesophageal reflux disease (Acid reflux)Treatment of Intestinal ulcersTreatment of Irritable bowel syndrome,
Rutoheal Tablet, Pain relief,
Rantac Injection 2ml,Treatment of Gastroesophageal reflux disease (Acid reflux)Treatment of Peptic ulcer disease,
Retino AC Gel,Treatment of Acne,
Rabemac Mps Syrup, Acidity Heartburn Stomach ulcers,
Revocon Tablet,Treatment of chorea (a movement disorder) associated with Huntington's disease,
Rosuvas 40 Tablet,Treatment of High cholesterol Prevention of heart attack and stroke,
Rozavel 20 Tablet,Treatment of High cholesterol Prevention of heart attack and stroke,
Rantac Infant Syrup Mint,Treatment of Gastroesophageal reflux disease (Acid reflux)Treatment of Peptic ulcer disease,
Rapiclav 625 Tablet,Treatment of Bacterial infections,
Rizact 10 Tablet, Acute migraine headache,
Rifakem 400 Tablet,Treatment of Hepatic encephalopathyTreatment of Infectious diarrhea,
Raciper 40 Tablet,Treatment of Gastroesophageal reflux disease (Acid reflux)Treatment of Peptic ulcer diseaseTreatment of Zollinger-Ellison syndrome,
Revolade 50mg Tablet, Low platelet count due to ITP or HCV infectionTreatment of Severe Aplastic Anemia,
Recofast Tablet, Common cold,
Rosubest 10 Tablet,Treatment of High cholesterol Prevention of heart attack and stroke,
Rozagold  10 Capsule, Heart attack,
Rantac 300 Tablet,Treatment of Gastroesophageal reflux disease (Acid reflux)Treatment of Peptic ulcer disease,
Romy Injection, Chronic immune thrombocytopenia,
Roseday-Gold 20 Capsule, Heart attack,
Revlamer 400 Tablet, High phosphate levels in blood,
Reclimet-XR Tablet,Treatment of Type 2 diabetes mellitus,
Resodim 15 Tablet,Treatment of Low levels of sodium in the blood,
Recopress 500mg Tablet,Treatment of Alcohol addiction,
Rebozen-DSR Capsule,Treatment of Gastroesophageal reflux disease (Acid reflux)Treatment of Peptic ulcer disease,
Rosuvas F 20 Tablet,Treatment of High cholesterolPrevention of Heart attack,
Rabivax-S Vaccine, Prevention of Rabies,
Rabekind-Plus Tablet SR,Treatment of Gastroesophageal reflux disease (Acid reflux)Treatment of Intestinal ulcersTreatment of Irritable bowel syndrome,
Relent Cold Syrup,Treatment of Common cold,
Rozucor F 10 Tablet,Treatment of High cholesterolPrevention of Heart attack,
Rcifax 550 Tablet,Treatment of Hepatic encephalopathyTreatment of Infectious diarrhea,
Risdone LS Tablet, Schizophrenia,
Rozucor ASP 20 Capsule,Treatment of Prevention of heart attack and stroke,
Ramitorva   Capsule, Prevention of heart attack and stroke,
Rabesec LS Capsule,Treatment of Gastroesophageal reflux disease (Acid reflux)Treatment of Intestinal ulcersTreatment of Irritable bowel syndrome,
Reactin 100 SR Tablet, Pain relief,
Rosuva Gold 10 Capsule, Heart attack,
Revidox-LB Capsule,Treatment of Bacterial infections,
Rosumac Gold Capsule, Heart attack,
Regaine 5% Solution,Treatment of Hair loss,
Roseday-A 20 Capsule,Treatment of Prevention of heart attack and stroke,
Rabesec 20 Tablet,Treatment of Gastroesophageal reflux disease (Acid reflux)Treatment of Peptic ulcer diseaseTreatment of Zollinger-Ellison syndrome,
Roseday-Gold Capsule, Heart attack,
Rosumac ASP Capsule,Treatment of Prevention of heart attack and stroke,
Ranx 500 Tablet ER,Treatment of Angina (heart-related chest pain),
Risdone-Plus Tablet, Schizophrenia,
Rablet D 40 Capsule SR,Treatment of Gastroesophageal reflux disease (Acid reflux)Treatment of Peptic ulcer disease,
Rosumac Gold 20 Capsule, Heart attack,
Rekool 20 Tablet,Treatment of Gastroesophageal reflux disease (Acid reflux)Treatment of Peptic ulcer diseaseTreatment of Zollinger-Ellison syndrome,
Raceclo Capsule SR, Pain relief,
Respira Expectorant Liquid, Cough with mucus,
Robinaxol D 50 mg/325 mg/500 mg Tablet,Treatment of Muscular pain,
R-Loc 150 Tablet,Treatment of Gastroesophageal reflux disease (Acid reflux)Treatment of Peptic ulcer disease,
Reflora-R Sachet,Treatment of Diarrhea,
Rexipra 5 Tablet,Treatment of DepressionTreatment of Anxiety disorderTreatment of Panic disorder,
Redotil Sachet,Treatment of Diarrhea,
Relub Eye Drop,Treatment of Dry eyes,
Reactin Plus Tablet, Pain relief,
Rantac OD 300 Tablet CR,Treatment of Gastroesophageal reflux disease (Acid reflux)Treatment of Peptic ulcer disease,
Rozalet 20 Tablet, Heart attack prevention and high cholesterol,
Risdone MT 0.5 Tablet MD,Treatment of SchizophreniaTreatment of Mania,
Regen-D 150 Gel, Diabetic foot ulcers,
Rantac Mps Oral Suspension Elaichi Sugar Free, Acidity Indigestion,
Rabicip 20 Tablet,Treatment of Gastroesophageal reflux disease (Acid reflux)Treatment of Peptic ulcer diseaseTreatment of Zollinger-Ellison syndrome,
Risofos 35 Tablet, Osteoporosis,
Rbson D Capsule SR,Treatment of Gastroesophageal reflux disease (Acid reflux)Treatment of Peptic ulcer disease,
Retoz-MR 4 Tablet,Treatment of Pain due to muscle spasm,
Rosuvas CV 20mg/75mg Tablet, Heart attack prevention and high cholesterol,
Rozat-F Tablet,Treatment of High cholesterolPrevention of Heart attack,
Reswas LS Syrup Sugar Free,Treatment of Cough with mucus,
Ramistar 2.5 Tablet,Treatment of Hypertension (high blood pressure) Prevention of heart attack and strokeTreatment of Heart failure,
Reeshape Capsule, Obesity,
Rozucor Gold 20 Capsule, Heart attack,
Rabicip D  Capsule SR,Treatment of Gastroesophageal reflux disease (Acid reflux)Treatment of Peptic ulcer disease,
Rapitus XT Syrup, Cough with mucus,
Respicure-D Syrup,Treatment of Dry cough,
Rabonik DSR Capsule,Treatment of Gastroesophageal reflux disease (Acid reflux)Treatment of Peptic ulcer disease,
Renocrit 4000IU Injection,Treatment of Anemia due to chronic kidney diseaseTreatment of Anemia due to cancer chemotherapy,
Ropark 0.5 Tablet, Parkinson's disease Restless leg syndrome,
Risdone 1 Tablet,Treatment of SchizophreniaTreatment of Mania,
Retino A Micro 0.04% Gel,Treatment of Acne Acute promyelocytic leukaemia,
Rablet L Capsule PR,Treatment of Gastroesophageal reflux disease (Acid reflux)Treatment of Intestinal ulcersTreatment of Irritable bowel syndrome,
Robinaxol 350mg/250mg Tablet, Pain due to muscle spasm,
Rozavel 5 Tablet,Treatment of High cholesterol Prevention of heart attack and stroke,
Rasalect 0.5 Tablet,Treatment of Parkinson's disease,
Revofer Solution for Injection,Treatment of Iron deficiency anemia,
Repace 25 Tablet,Treatment of Hypertension (high blood pressure)Treatment of Heart failure Prevention of heart attack and stroke,
Rosuvas F 5 Tablet,Treatment of High cholesterolPrevention of Heart attack,
Rabemac 20 Tablet,Treatment of Gastroesophageal reflux disease (Acid reflux)Treatment of Peptic ulcer diseaseTreatment of Zollinger-Ellison syndrome,
Rabez D 30 mg/20 mg Capsule,Treatment of Gastroesophageal reflux disease (Acid reflux)Treatment of Peptic ulcer disease,
Rosufit CV 10 Capsule, Heart attack prevention and high cholesterol,
Repace 50 Tablet,Treatment of Hypertension (high blood pressure)Treatment of Heart failure Prevention of heart attack and stroke,
Rancad Tablet ER,Treatment of Angina (heart-related chest pain),
Rixmin 550 Tablet,Treatment of Hepatic encephalopathyTreatment of Infectious diarrhea,
Rapeed D  Capsule SR,Treatment of Gastroesophageal reflux disease (Acid reflux)Treatment of Peptic ulcer disease,
Ranispas NF 10mg/10mg Tablet, Abdominal pain,
Rebagen-Otic Capsule,Treatment of Age-related hearing loss (presbycusis),
Renocel 4000IU Injection,Treatment of Anemia due to chronic kidney diseaseTreatment of Anemia due to cancer chemotherapy,
Rifastop 400 Tablet,Treatment of Hepatic encephalopathyTreatment of Infectious diarrhea,
Rablet IT Capsule PR, Gastroesophageal reflux disease (Acid reflux) Peptic ulcer disease,
Roles-D Capsule SR,Treatment of Gastroesophageal reflux disease (Acid reflux)Treatment of Peptic ulcer disease,
Roliten 2mg Tablet,Treatment of Overactive bladder (OAB) symptoms,
Ranidom-O Tablet,Treatment of Gastroesophageal reflux disease (Acid reflux)Treatment of Functional dyspepsia,
Rosumac CV 10 Capsule, Heart attack prevention and high cholesterol,
Rabicer DSR 30mg/20mg Capsule,Treatment of Gastroesophageal reflux disease (Acid reflux)Treatment of Peptic ulcer disease,
Risdone Liquid,Treatment of SchizophreniaTreatment of Mania,
Rivamer 1.5 Capsule,Treatment of Dementia Associated with Parkinson's disease Alzheimer's disease,
Rosubest F Tablet,Treatment of High cholesterolPrevention of Heart attack,
Rifastop 200 Tablet,Treatment of Infectious diarrhea,
Resoten 20 Capsule,Treatment of Acne,
Roseday-F 20 Tablet,Treatment of High cholesterolPrevention of Heart attack,
Rosave F 10 Tablet,Treatment of High cholesterolPrevention of Heart attack,
Rhoclone 300mcg Injection,Prevention of Infections,
Rosubest 20 Tablet,Treatment of High cholesterol Prevention of heart attack and stroke,
Regulate Tablet,Treatment of Heavy menstrual bleedingTreatment of Pain during menstruationTreatment of EndometriosisTreatment of Premenstrual syndrome (PMS),
Ripatec Eye Drop, Glaucoma Ocular hypertension,
Ropark 0.25 Tablet, Parkinson's disease Restless leg syndrome,
Rosumac F 67mg/10mg Tablet,Treatment of High cholesterolPrevention of Heart attack,
Rizact 5 Tablet, Acute migraine headache,
Rabeloc RD Capsule,Treatment of Gastroesophageal reflux disease (Acid reflux)Treatment of Peptic ulcer disease,
Racigyl SB Powder for Oral Solution, Diarrhea,
Rozavel F 20 Tablet,Treatment of High cholesterolPrevention of Heart attack,
Rosulip 10 Tablet,Treatment of High cholesterol Prevention of heart attack and stroke,
Respira LS Syrup,Treatment of Cough with mucus,
Razel Gold 10 Capsule, Heart attack,
Rekool-L Tablet SR,Treatment of Gastroesophageal reflux disease (Acid reflux)Treatment of Intestinal ulcersTreatment of Irritable bowel syndrome,
Revici Injection 5ml, Bleeding,
Rixmin 400 Tablet,Treatment of Hepatic encephalopathyTreatment of Infectious diarrhea,
Refzil O 500mg Tablet, Bacterial infections,
Rozucor 20 Tablet,Treatment of High cholesterol Prevention of heart attack and stroke,
Reclide Tablet,Treatment of Type 2 diabetes mellitus,
Rosulip-F 10 Tablet,Treatment of High cholesterolPrevention of Heart attack,
Repace H Tablet,Treatment of Hypertension (high blood pressure),
Rozavel 40 Tablet,Treatment of High cholesterol Prevention of heart attack and stroke,
Roliflo OD 4 Capsule ER, Benign prostatic hyperplasia,
Respicure Syrup, Cough,
Razel Gold 20 Capsule, Heart attack,
Rabemac LS Capsule SR,Treatment of Gastroesophageal reflux disease (Acid reflux)Treatment of Intestinal ulcersTreatment of Irritable bowel syndrome,
Revlamer 800 Tablet, High phosphate levels in blood,
Rasalect 1 Tablet,Treatment of Parkinson's disease,
Rosuvas EZ 10 Tablet, High cholesterol,
Ramistar 5 Tablet,Treatment of Hypertension (high blood pressure) Prevention of heart attack and strokeTreatment of Heart failure,
Roseday-EZ Tablet, High cholesterol,
Razel-CV 10/75 Capsule, Heart attack prevention and high cholesterol,
Revolade 25mg Tablet, Low platelet count due to ITP or HCV infectionTreatment of Severe Aplastic Anemia,
Renopress-XL 5 Tablet,Treatment of Hypertension (high blood pressure)Treatment of Heart failureTreatment of Benign prostatic hyperplasia,
Ranogard Tablet ER,Treatment of Angina (heart-related chest pain),
Rabishield 100IU Injection, Treatment of Rabies,
Rizanet 10 Oral Disintegrating Strip, Acute migraine headache,
Racedot 100mg Capsule,Treatment of Diarrhea,
Renocrit 10000 Injection,Treatment of Anemia due to chronic kidney diseaseTreatment of Anemia due to cancer chemotherapy,
Regestrone CR 15mg Tablet,Treatment of Heavy menstrual bleedingTreatment of Pain during menstruationTreatment of EndometriosisTreatment of Premenstrual syndrome (PMS),
Reeshape 60 Capsule, Obesity,
Resync Eye Drop,Treatment of Dry eyes,
Respicure-LS Junior Syrup,Treatment of Cough with mucus,
Roseday-F 5 Tablet,Treatment of High cholesterolPrevention of Heart attack,
Rifakem 200 Tablet,Treatment of Infectious diarrhea,
Rabonik Plus Capsule SR,Treatment of Gastroesophageal reflux disease (Acid reflux)Treatment of Intestinal ulcersTreatment of Irritable bowel syndrome,
Reclide 40 Tablet,Treatment of Type 2 diabetes mellitus,
Rcifax Tablet,Treatment of Infectious diarrhea,
Rapitus LS Syrup,Treatment of Cough with mucus,
Renocel 10000IU Injection,Treatment of Anemia due to chronic kidney diseaseTreatment of Anemia due to cancer chemotherapy,
Retoz 60 Tablet, Pain relief,
Rozucor Gold 10 Capsule, Heart attack,
Rest Aid Tablet,Treatment of Nausea and vomiting in pregnancy,
Revici-E 500 Tablet, Bleeding,
Rac SR Capsule, Pain relief,
Raciper Plus Capsule SR,Treatment of Gastroesophageal reflux disease (Acid reflux)Treatment of Peptic ulcer disease,
Risperdal 2mg Tablet,Treatment of SchizophreniaTreatment of Mania,
Relikast LC 5mg/10mg Tablet,Treatment of Sneezing and runny nose due to allergiesTreatment of Hay feverTreatment of Allergic skin conditions,
Razel 10 Tablet,Treatment of High cholesterol Prevention of heart attack and stroke,
Rexidin SRS Mouth Wash,Treatment of Mouth infection,
R-Loc D 10mg/150mg Tablet,Treatment of Gastroesophageal reflux disease (Acid reflux)Treatment of Peptic ulcer disease,
Rosuson 10 Tablet,Treatment of High cholesterol Prevention of heart attack and stroke,
Resoten 10 Capsule,Treatment of Acne,
Ranidom Suspension, Acidity Stomach ulcers Bloating,
Rozavel EZ Tablet, High cholesterol,
Rabifast-DSR Capsule,Treatment of Gastroesophageal reflux disease (Acid reflux)Treatment of Peptic ulcer disease,
Respira D 2mg/10mg Syrup,Treatment of Dry cough,
Rabalkem LS 75mg/20mg Capsule,Treatment of Gastroesophageal reflux disease (Acid reflux)Treatment of Intestinal ulcersTreatment of Irritable bowel syndrome,
Rezatrin Forte Tablet,Treatment of Malaria,
Riflux Fortz Chewable Tablet, Acidity Heartburn Stomach ulcers,
Rozavel F 5 Tablet,Treatment of High cholesterolPrevention of Heart attack,
Reclide MR 30 Tablet,Treatment of Type 2 diabetes mellitus,
Rednisol 8 Tablet,Treatment of Rheumatic disorderTreatment of Systemic lupus erythematosus (SLE)Treatment of Allergic conditionsTreatment of Eye disordersTreatment of Skin disorders,
Razel 40 Tablet,Treatment of High cholesterol Prevention of heart attack and stroke,
Razel-F 10 Tablet,Treatment of High cholesterolPrevention of Heart attack,
Rowasa 1gm Pellets, Ulcerative colitis Crohn’s disease,
Regen-D 60 Gel, Diabetic foot ulcers,
Risnia Syrup,Treatment of SchizophreniaTreatment of Mania,
Restasis Ophthalmic Emulsion (0.4ml each), Dry eyes,
Roxid M Tablet, Respiratory tract infection,
Rabeloc 20 Tablet,Treatment of Gastroesophageal reflux disease (Acid reflux)Treatment of Peptic ulcer diseaseTreatment of Zollinger-Ellison syndrome,
Roseday-CV 10 Capsule, Heart attack prevention and high cholesterol,
Rancv 500 Tablet ER,Treatment of Angina (heart-related chest pain),
Rivaflo 2.5 Tablet,Treatment and prevention of Blood clots,
Roseday 40 Tablet,Treatment of High cholesterol Prevention of heart attack and stroke,
Refzil O Suspension, Bacterial infections,
Rivaflo 20 Tablet,Treatment and prevention of Blood clots,
Ruticool Cream, Piles,
Rituxirel 500mg Injection, Non-Hodgkin lymphoma (NHL) Rheumatoid arthritis Blood cancer (Chronic lymphocytic leukemia) Granulomatosis with polyangiitis Microscopic polyangiitis,
Risdone-Forte Tablet, Schizophrenia,
Retino A Micro 0.1% Gel,Treatment of Acne Acute promyelocytic leukaemia,
Rosutor Gold 10/75 Tablet, Heart attack,
Romilast L 10 Tablet,Treatment of Sneezing and runny nose due to allergiesTreatment of Hay feverTreatment of Allergic skin conditions,
Rebez 20mg Tablet,Treatment of Gastroesophageal reflux disease (Acid reflux)Treatment of Peptic ulcer diseaseTreatment of Zollinger-Ellison syndrome,
Roliflo OD 2mg Capsule ER, Benign prostatic hyperplasia,
Reziz Suspension,Treatment of Malaria,
R-VAC Vaccine, Prevention of Rubella,
Rovor 10 Tablet,Treatment and prevention of Blood clots,
Rosuson-F 10 Tablet,Treatment of High cholesterolPrevention of Heart attack,
Rifakem 550 Tablet,Treatment of Hepatic encephalopathyTreatment of Infectious diarrhea,
Rabiros D Capsule SR,Treatment of Gastroesophageal reflux disease (Acid reflux)Treatment of Peptic ulcer disease,
Ropraz-D SR Capsule,Treatment of Gastroesophageal reflux disease (Acid reflux)Treatment of Peptic ulcer disease,
Roliten OD 4mg Capsule ER,Treatment of Overactive bladder (OAB) symptoms,
Rosufit CV 20 Capsule, Heart attack prevention and high cholesterol,
Rejunuron Plus Injection,Treatment of Nutritional deficiencies,
Rosutor Gold 20/75 Capsule, Heart attack,
Rozucor 5 Tablet,Treatment of High cholesterol Prevention of heart attack and stroke,
Risdone 2 Tablet,Treatment of SchizophreniaTreatment of Mania,
Redimard 25mg Tablet,Treatment of Rheumatoid arthritis,
Robinax 500mg Tablet, Muscle relaxation,
Resner-NT Tablet SR,Treatment of Neuropathic pain,
Rosuless-F Tablet,Treatment of High cholesterolPrevention of Heart attack,
Rizora 10 Tablet, Acute migraine headache,
Rantac Mps LA Oral Suspension,Treatment of AcidityTreatment of HeartburnTreatment of Stomach ulcers,
Rancil 10 Tablet,Treatment of Hypertension (high blood pressure)Prevention of Angina (heart-related chest pain)Prevention of Heart attackPrevention of Stroke,
Rhoclone 150mcg Injection,Prevention of Infections,
Razel-CV 20/75 Capsule, Heart attack prevention and high cholesterol,
Recofast Syrup, Common cold,
Rapiclav Forte Dry Syrup,Treatment of Resistant Tuberculosis (TB)Treatment of Bacterial infections,
Rabonik 20 Tablet,Treatment of Gastroesophageal reflux disease (Acid reflux)Treatment of Peptic ulcer diseaseTreatment of Zollinger-Ellison syndrome,
Razo Easy Sachet,Treatment of Gastroesophageal reflux disease (Acid reflux)Treatment of Peptic ulcer diseaseTreatment of Zollinger-Ellison syndrome,
Rockbon PTH Pen, Osteoporosis,
Raymoxi-L Eye drop,Treatment of Eye infection with inflammation,
Romilast 10mg Tablet,Prevention of Asthma,
Roles 20 Tablet,Treatment of Gastroesophageal reflux disease (Acid reflux)Treatment of Peptic ulcer diseaseTreatment of Zollinger-Ellison syndrome,
Razel-EZ 10 Tablet, High cholesterol,
Rexipra 15 Tablet,Treatment of DepressionTreatment of Anxiety disorderTreatment of Panic disorder,
Rozustat F Tablet,Treatment of High cholesterolPrevention of Heart attack,
Rafle 400 Tablet,Treatment of Hepatic encephalopathyTreatment of Infectious diarrhea,
Revac-B Plus Adult Vaccine, Prevention of Hepatitis B infection,
Rifaximax 400 Tablet,Treatment of Hepatic encephalopathyTreatment of Infectious diarrhea,
Rozucor F 20 Tablet,Treatment of High cholesterolPrevention of Heart attack,
Rolfin Cream, Fungal nail infections,
Rockbon Kit, Osteoporosis,
Remo-M 500 Tablet,Treatment of Type 2 diabetes mellitus,
Rapeed 20 Tablet,Treatment of Gastroesophageal reflux disease (Acid reflux)Treatment of Peptic ulcer diseaseTreatment of Zollinger-Ellison syndrome,
Rosumac 20 Tablet,Treatment of High cholesterol Prevention of heart attack and stroke,
Rabium Plus Capsule PR, Gastroesophageal reflux disease (Acid reflux) Peptic ulcer disease,
Rabifast 20 Tablet,Treatment of Gastroesophageal reflux disease (Acid reflux)Treatment of Peptic ulcer diseaseTreatment of Zollinger-Ellison syndrome,
Relipoietin 4000IU Injection,Treatment of Anemia due to chronic kidney diseaseTreatment of Anemia due to cancer chemotherapy,
Refzil O Oral Suspension, Bacterial infections,
Risofos 150 Tablet, Osteoporosis,
Recool Plus Eye Drop,Treatment of Allergic eye disease,
Rexipra 20 Tablet,Treatment of DepressionTreatment of Anxiety disorderTreatment of Panic disorder,
Rexite Plus 500 mcg/50 mg/50 mg Injection,Treatment of Nutritional deficiencies,
Rxtor 10 Tablet,Treatment of High cholesterol Prevention of heart attack and stroke,
Ropark 1 Tablet, Parkinson's disease Restless leg syndrome,
Resof Total 400mg/100mg Tablet,Treatment of Chronic hepatitis C virus (HCV) infection,
Romilast L 5 Tablet,Treatment of Sneezing and runny nose due to allergiesTreatment of Hay feverTreatment of Allergic skin conditions,
Rofaday Tablet, Chronic obstructive pulmonary disease (COPD),
Reclimet OD 60 Tablet,Treatment of Type 2 diabetes mellitus,
Rekool 40-D Capsule SR,Treatment of Gastroesophageal reflux disease (Acid reflux)Treatment of Peptic ulcer disease,
Rutoflam Tablet, Pain relief,
Razel-A 75 Capsule,Treatment of Prevention of heart attack and stroke,
Rebozen-SL 75mg/20mg Capsule,Treatment of Gastroesophageal reflux disease (Acid reflux)Treatment of Intestinal ulcersTreatment of Irritable bowel syndrome,
Revlin M Tablet SR,Treatment of Neuropathic pain,
Ramistar 1.25 Tablet,Treatment of Hypertension (high blood pressure) Prevention of heart attack and strokeTreatment of Heart failure,
Respidon 1 Tablet,Treatment of SchizophreniaTreatment of Mania,
Razel 20 Tablet,Treatment of High cholesterol Prevention of heart attack and stroke,
Roliten 1mg Tablet,Treatment of Overactive bladder (OAB) symptoms,
Resque-Plus Tablet, Schizophrenia,
Ropark XL 1 Tablet, Parkinson's disease Restless leg syndrome,
Rosukem 10 Tablet,Treatment of High cholesterol Prevention of heart attack and stroke,
Rosumac Gold Forte 20mg Capsule, Heart attack,
Rafron DSR Capsule,Treatment of Gastroesophageal reflux disease (Acid reflux)Treatment of Peptic ulcer disease,
Renoalfa Tablet,Treatment of Chronic kidney disease,
Rabitec-D SR Capsule,Treatment of Gastroesophageal reflux disease (Acid reflux)Treatment of Peptic ulcer disease,
Rotavac Oral Vaccine, Prevention of diarrhea due to rotavirus,
Refzil O 250mg Tablet, Bacterial infections,
Reclide MR 60 Tablet,Treatment of Type 2 diabetes mellitus,
Resner Tablet SR,Treatment of Neuropathic pain,
Relent-OD Capsule SR, Cough,
Ramcor 5 Capsule,Treatment of Hypertension (high blood pressure) Prevention of heart attack and strokeTreatment of Heart failure,
Revilus KZ Lotion,Treatment of Fungal skin infectionsTreatment of Dandruff,
Rivamer 3 Capsule,Treatment of Dementia Associated with Parkinson's disease Alzheimer's disease,
Repace AF Tablet, Hypertension (high blood pressure),
Respicure-LS Expectorant Sugar Free,Treatment of Cough with mucus,
Rumalef 20 Tablet, Rheumatoid arthritis Psoriatic arthritis,
Rbson 20mg Capsule,Treatment of Gastroesophageal reflux disease (Acid reflux)Treatment of Peptic ulcer diseaseTreatment of Zollinger-Ellison syndrome,
Rabezol 20 Tablet,Treatment of Gastroesophageal reflux disease (Acid reflux)Treatment of Peptic ulcer diseaseTreatment of Zollinger-Ellison syndrome,
Riomet OD 500mg Tablet SR,Treatment of Type 2 diabetes mellitus,
Rockbon Tablet,Treatment of Calcium deficiency,
RabiPlus-D Capsule PR,Treatment of Gastroesophageal reflux disease (Acid reflux)Treatment of Peptic ulcer disease,
Rinosolvin 10/5 Tablet,Treatment of Sneezing and runny nose due to allergiesTreatment of Hay feverTreatment of Allergic skin conditions,
Rispond-Plus Tablet, Schizophrenia,
Rifaxigress 550 Tablet,Treatment of Hepatic encephalopathyTreatment of Infectious diarrhea,
Razel-F5 Tablet,Treatment of High cholesterolPrevention of Heart attack,
Ranolaz OD Tablet ER,Treatment of Angina (heart-related chest pain),
Rabez L 75mg/20mg Capsule SR,Treatment of Gastroesophageal reflux disease (Acid reflux)Treatment of Intestinal ulcersTreatment of Irritable bowel syndrome,
Recool Eye Drop,Treatment of Allergic eye disease,
Remetor 10 Tablet, High cholesterolPrevention of Heart attack,
Rez-Q 300 Tablet, Malaria,
Rabeloc Plus Capsule SR,Treatment of Gastroesophageal reflux disease (Acid reflux)Treatment of Intestinal ulcersTreatment of Irritable bowel syndrome,
Rafle 200 Tablet,Treatment of Infectious diarrhea,
Rejumet Tablet SR,Treatment of Type 2 diabetes mellitus,
Reclimet OD 30 Tablet ER,Treatment of Type 2 diabetes mellitus,
Rosvin-Gold 10 Capsule, Heart attack,
Renvorab-DSR Capsule,Treatment of Gastroesophageal reflux disease (Acid reflux)Treatment of Peptic ulcer disease,
Rifaxigyl 400mg Tablet,Treatment of Hepatic encephalopathyTreatment of Infectious diarrhea,
Regaine 2% Solution,Treatment of Hair loss,
Rekool-L 25 Tablet,Treatment of Gastroesophageal reflux disease (Acid reflux)Treatment of Intestinal ulcersTreatment of Irritable bowel syndrome,
Rozucor F 5 Tablet,Treatment of High cholesterolPrevention of Heart attack,
Rabcita DSR Capsule,Treatment of Gastroesophageal reflux disease (Acid reflux)Treatment of Peptic ulcer disease,
Remetor CV 20 Capsule, Heart attack prevention and high cholesterol,
Rozustat Gold 20 Capsule, Heart attack,
Rosvin 10 Tablet,Treatment of High cholesterol Prevention of heart attack and stroke,
Retoz-MR 8 Tablet,Treatment of Pain due to muscle spasm,
Rabez 20mg Tablet,Treatment of Gastroesophageal reflux disease (Acid reflux)Treatment of Peptic ulcer diseaseTreatment of Zollinger-Ellison syndrome,
Rabiros 20 Tablet,Treatment of Gastroesophageal reflux disease (Acid reflux)Treatment of Peptic ulcer diseaseTreatment of Zollinger-Ellison syndrome,
Rozavel A 150 Capsule,Treatment of Prevention of heart attack and stroke,
Ramipres 5 Tablet,Treatment of Hypertension (high blood pressure) Prevention of heart attack and strokeTreatment of Heart failure,
Respidon 2 Tablet,Treatment of SchizophreniaTreatment of Mania,
Reclimet-PG 60 Tablet SR,Treatment of Type 2 diabetes mellitus,
Rpo 4000IU Injection,Treatment of Anemia due to chronic kidney diseaseTreatment of Anemia due to cancer chemotherapy,
Renagold Tablet,Treatment of Chronic kidney disease,
Rabidoc 20 Tablet,Treatment of Gastroesophageal reflux disease (Acid reflux)Treatment of Peptic ulcer diseaseTreatment of Zollinger-Ellison syndrome,
Relgin 0.5 Tablet,Treatment of Parkinson's disease,
Rosufit-F 10/160 Tablet,Treatment of High cholesterolPrevention of Heart attack,
Rejunuron NT Tablet,Treatment of Neuropathic pain,
Respizen Nasal Spray,Treatment and prevention of Sneezing and runny nose due to allergiesTreatment of Nasal congestion (blocked nose)Treatment of Nasal polyps,
Recita 5 Tablet,Treatment of DepressionTreatment of Anxiety disorderTreatment of Panic disorder,
Rapisone-D SR Capsule, Pain due to muscle spasm,
Renogard Keto Tablet,Treatment of Chronic kidney disease,
Razberg ACE Capsule, Pain relief,
Rabitop-D Capsule SR,Treatment of Gastroesophageal reflux disease (Acid reflux)Treatment of Peptic ulcer disease,
Risperdal 1mg Tablet,Treatment of SchizophreniaTreatment of Mania,
Renosave P 600mg Tablet,Treatment of Paracetamol toxicity,
Riomet OD 1000mg Tablet SR,Treatment of Type 2 diabetes mellitus,
Random-DSR Capsule,Treatment of Gastroesophageal reflux disease (Acid reflux)Treatment of Peptic ulcer disease,
Rotasiil Oral Vaccine, Prevention of diarrhea due to rotavirus,
Ralgyz Soft Gelatin Capsule, Liver  disease,
Retesto Injection,Treatment of Male hypogonadism,
Rapiclav 375 Tablet,Treatment of Bacterial infections,
Riscon LS Tablet, Schizophrenia,
Rabex DSR Capsule,Treatment of Gastroesophageal reflux disease (Acid reflux)Treatment of Peptic ulcer disease,
Renodapt 500 Tablet, Prevention of organ rejection in transplant patients,
Relub DS Gel,Treatment of Dry eyes,
Rablet 10 Tablet,Treatment of Gastroesophageal reflux disease (Acid reflux)Treatment of Peptic ulcer diseaseTreatment of Zollinger-Ellison syndrome,
Rosave-C Capsule, Heart attack prevention and high cholesterol,
Respicure-LS Oral Drops,Acute Sore throatTreatment of Cough with mucus,
Rosulip Gold 20 Capsule, Heart attack,
Rhinase Nasal Drops, Sneezing and runny nose due to allergiesTreatment of Asthma,
Respilite Tablet,Treatment of Respiratory tract disorders associated with viscid mucus,
Rumalef 10 Tablet, Rheumatoid arthritis Psoriatic arthritis,
Reactin 100 SR Tablet, Pain relief,
Rabee-D  Capsule SR,Treatment of Gastroesophageal reflux disease (Acid reflux)Treatment of Peptic ulcer disease,
Revici-E 250 Tablet, Bleeding,
Rabifast-XL Capsule PR,Treatment of Gastroesophageal reflux disease (Acid reflux)Treatment of Intestinal ulcersTreatment of Irritable bowel syndrome,
RotaTeq Oral Vaccine, Prevention of diarrhea due to rotavirus,
Ramihart 5 Capsule,Treatment of Hypertension (high blood pressure) Prevention of heart attack and strokeTreatment of Heart failure,
Resque LS Tablet, Schizophrenia,
Rabitop Tablet,Treatment of Gastroesophageal reflux disease (Acid reflux)Treatment of Peptic ulcer diseaseTreatment of Zollinger-Ellison syndrome,
Rokfos Solution for Infusion, Osteoporosis Hypercalcemia,
Recontrex Tablet, Bacterial infections,
Rabsig-DSR Capsule,Treatment of Gastroesophageal reflux disease (Acid reflux)Treatment of Peptic ulcer disease,
Rabonik 40 DSR Capsule,Treatment of Gastroesophageal reflux disease (Acid reflux)Treatment of Peptic ulcer disease,
Ricovir 300mg Tablet,Treatment of Chronic hepatitis B virus (HBV) infection,
Rabidoc-D Tablet,Treatment of Gastroesophageal reflux disease (Acid reflux)Treatment of Peptic ulcer disease,
Riscon Plus Tablet, Schizophrenia,
Rosulip 5 Tablet,Treatment of High cholesterol Prevention of heart attack and stroke,
Rablet IV Injection, Gastroesophageal reflux disease (Acid reflux)Treatment of Peptic ulcer disease,
Rosave F 20 Tablet,Treatment of High cholesterolPrevention of Heart attack,
Rolosol Tablet, Pain relief,
Rizora 5 Tablet, Acute migraine headache,
Renodapt S 360 Tablet, Prevention of organ rejection in transplant patients,
Riscon 0.5mg Tablet,Treatment of SchizophreniaTreatment of Mania,
Rosuvas D 10 Tablet, High cholesterol,
Relgin 1 Tablet,Treatment of Parkinson's disease,
Ritecef-CV Tablet,Treatment of Bacterial infections,
Regen-D 150 Gel, Diabetic foot ulcers,
Rosave-Gold 20mg Capsule, Heart attack,
Ropark XL 2 Tablet, Parkinson's disease Restless leg syndrome,
Risnia Plus Tablet MD, Schizophrenia,
Rafron L Capsule SR,Treatment of Gastroesophageal reflux disease (Acid reflux)Treatment of Intestinal ulcersTreatment of Irritable bowel syndrome,
Rugtrit 1500mcg/75mg Tablet,Treatment of Neuropathic pain,
Repomia 10000 Injection,Treatment of Anemia due to chronic kidney diseaseTreatment of Anemia due to cancer chemotherapy,
Ramistar-M 25mg/2.5mg Tablet XL, Hypertension (high blood pressure),
Rem CC LM 5 mg/10 mg Tablet,Treatment of Sneezing and runny nose due to allergiesTreatment of Hay feverTreatment of Allergic skin conditions,
Romilast B 10 Tablet,Treatment of Asthma,
Rapisone - SR Capsule, Muscle relaxation,
Ranitin 300 Tablet,Treatment of Gastroesophageal reflux disease (Acid reflux)Treatment of Peptic ulcer disease,
Rospitril Plus 2 Tablet, Schizophrenia,
Rosukem-A Capsule,Treatment of Prevention of heart attack and stroke,
Rosloy Gold 10 Capsule, Heart attack,
Remo-Zen 100mg Tablet,Treatment of Type 2 diabetes mellitus,
Rovastat 10mg Tablet,Treatment of High cholesterol Prevention of heart attack and stroke,
Rozat-F 5 Tablet,Treatment of High cholesterolPrevention of Heart attack,
Rifarex 400mg Tablet,Treatment of Hepatic encephalopathyTreatment of Infectious diarrhea,
Rekool-IT Capsule PR, Gastroesophageal reflux disease (Acid reflux) Peptic ulcer disease,
Rxtor-F 10 Tablet,Treatment of High cholesterolPrevention of Heart attack,
Rosys-FT 10/160 Tablet,Treatment of High cholesterolPrevention of Heart attack,
Rosukem-F Tablet,Treatment of High cholesterolPrevention of Heart attack,
Rosulip-F 5 Tablet,Treatment of High cholesterolPrevention of Heart attack,
Riborea Capsule, Head and neck cancer Sickle cell anemia,
Rutace-DS Tablet, Pain relief,
Rosave F 5 Tablet,Treatment of High cholesterolPrevention of Heart attack,
Roliten OD 2mg Capsule ER,Treatment of Overactive bladder (OAB) symptoms,
Ramipres 2.5 Tablet,Treatment of Hypertension (high blood pressure) Prevention of heart attack and strokeTreatment of Heart failure,
Rclonac Tablet SR, Pain relief,
Rapiclav DS Oral Suspension,Treatment of Resistance Tuberculosis (TB)Treatment of Bacterial infections,
Regaine 5% Solution (3 Bottles),Treatment of Hair loss,
Repalol H Tablet, Hypertension (high blood pressure),
Ropark 2 Tablet, Parkinson's disease Restless leg syndrome,
Rotasure Oral Vaccine, Prevention of diarrhea due to rotavirus,
Ryno Nasal Spray,Treatment of Sneezing and runny nose due to allergies,
Romilast L Syrup,Treatment of Sneezing and runny nose due to allergiesTreatment of Hay feverTreatment of Allergic skin conditions,
Rafacol Tablet CR,Treatment of Ulcerative colitis,
Roslaren-F 10 Tablet,Treatment of High cholesterolPrevention of Heart attack,
Rabee 20mg Tablet,Treatment of Gastroesophageal reflux disease (Acid reflux)Treatment of Peptic ulcer diseaseTreatment of Zollinger-Ellison syndrome,
Retense Capsule, Pain relief,
Romilast-BL Tablet,Treatment of Allergic conditions,
Rekool 40-L Tablet SR,Treatment of Gastroesophageal reflux disease (Acid reflux)Treatment of Intestinal ulcersTreatment of Irritable bowel syndrome,
Ridezox-Forte Tablet, Pain relief,
Rapacan 1mg Tablet, Prevention of kidney transplant rejection,
Rabiplus Capsule,Treatment of Gastroesophageal reflux disease (Acid reflux)Treatment of Peptic ulcer diseaseTreatment of Zollinger-Ellison syndrome,
Rabalkem IT 20mg/150mg Capsule, Gastroesophageal reflux disease (Acid reflux) Peptic ulcer disease,
Redotrex MF 500mg/250mg Tablet,Treatment of Heavy menstrual bleedingTreatment of Menstrual pain,
Rotarix Oral Vaccine, Prevention of diarrhea due to rotavirus,
Revelol 50 H Tablet ER, Hypertension (high blood pressure),
Raptac-DSR Capsule,Treatment of Gastroesophageal reflux disease (Acid reflux)Treatment of Peptic ulcer disease,
Risdone MT 1 Tablet,Treatment of SchizophreniaTreatment of Mania,
Renvela 800mg Tablet, High phosphate levels in blood,
Rapilif-D 4/0.5 Capsule,Treatment of Benign prostatic hyperplasia,
Rozustat Gold Capsule, Heart attack,
Rosuson 40 Tablet,Treatment of High cholesterol Prevention of heart attack and stroke,
Remo-Zen M 500 Tablet,Treatment of Type 2 diabetes mellitus,
Riomet OD 850mg Tablet SR,Treatment of Type 2 diabetes mellitus,
Rispond 1 Tablet,Treatment of SchizophreniaTreatment of Mania,
Rexcof DX NF Syrup,Treatment of Dry cough,
Razo IV Injection, Gastroesophageal reflux disease (Acid reflux)Treatment of Peptic ulcer disease,
Ranci T 10mg Tablet,Treatment of Hypertension (high blood pressure),
Rosuless 5 Tablet,Treatment of High cholesterol Prevention of heart attack and stroke,
Rabonik 40 Plus Capsule SR,Treatment of Gastroesophageal reflux disease (Acid reflux)Treatment of Intestinal ulcersTreatment of Irritable bowel syndrome,
Rabonik 40 Tablet,Treatment of Gastroesophageal reflux disease (Acid reflux)Treatment of Peptic ulcer diseaseTreatment of Zollinger-Ellison syndrome,
Rashcare Cream, Sunburn,
Risnia MD 1 Tablet,Treatment of SchizophreniaTreatment of Mania,
Repalol Tablet, Hypertension (high blood pressure),
Romilast 5mg Tablet MD,Prevention of AsthmaTreatment of Sneezing and runny nose due to allergies,
Riomet Trio 2 Tablet ER,Treatment of Type 2 diabetes mellitus,
Rosvin-CV 10 Capsule, Heart attack prevention and high cholesterol,
Rebozen 20mg Tablet,Treatment of Gastroesophageal reflux disease (Acid reflux)Treatment of Peptic ulcer diseaseTreatment of Zollinger-Ellison syndrome,
Ramcor 1.25 Capsule,Treatment of Hypertension (high blood pressure) Prevention of heart attack and strokeTreatment of Heart failure,
Renerve P 750mcg/75mg Capsule,Treatment of Neuropathic pain,
Ramcor-H 5 Tablet, Hypertension (high blood pressure),
Ramihart-H 5 Tablet, Hypertension (high blood pressure),
Riomet Duo 2 Tablet PR,Treatment of Type 2 diabetes mellitus,
Rabiplus-LS Capsule,Treatment of Gastroesophageal reflux disease (Acid reflux)Treatment of Intestinal ulcersTreatment of Irritable bowel syndrome,
Risperdal Consta 25mg Injection,Treatment of Schizophrenia Mania,
Revlin 75 Capsule,Treatment of Neuropathic painTreatment of Epilepsy/SeizuresTreatment of Fibromyalgia,
Roles L Capsule,Treatment of Gastroesophageal reflux disease (Acid reflux)Treatment of Intestinal ulcersTreatment of Irritable bowel syndrome,
Riclofen Tablet, Muscle relaxation,
Rebozen-D 10mg/20mg Tablet,Treatment of Gastroesophageal reflux disease (Acid reflux)Treatment of Peptic ulcer disease,
Rami Race 2.5 Tablet,Treatment of Hypertension (high blood pressure) Prevention of heart attack and strokeTreatment of Heart failure,
Relysal Lotion,Treatment of EczemaTreatment of Psoriasis,
Revostat 10 Tablet,Treatment of High cholesterol Prevention of heart attack and stroke,
Remetor F Tablet,Treatment of High cholesterolPrevention of Heart attack,
Rednisol 16mg Tablet,Treatment of Rheumatic disorderTreatment of Systemic lupus erythematosus (SLE)Treatment of Allergic conditionsTreatment of Eye disordersTreatment of Skin disorders,
Ridazin 25 Tablet, Schizophrenia,
Riscon 1mg Tablet,Treatment of SchizophreniaTreatment of Mania,
Rihaee 100mg/325mg Tablet, Pain relief,
Rospitril Plus 3 Tablet MD, Schizophrenia,
Ramistar-M XL 50 Tablet, Hypertension (high blood pressure),
Rosufit 5 Tablet,Treatment of High cholesterol Prevention of heart attack and stroke,
Rosufit 5 Tablet,Treatment of High cholesterol Prevention of heart attack and stroke,
Ranopill 500 Tablet ER,Treatment of Angina (heart-related chest pain),
Reclide -XR 60 Tablet,Treatment of Type 2 diabetes mellitus,
Rutor D Tablet, Pain relief,
Revlin M Capsule,Treatment of Neuropathic pain,
Rutosafe Tablet, Pain relief,
Rosukem 20 Tablet,Treatment of High cholesterol Prevention of heart attack and stroke,
Rabera-L Capsule,Treatment of Gastroesophageal reflux disease (Acid reflux)Treatment of Intestinal ulcersTreatment of Irritable bowel syndrome,
Relaxuro Tablet,Treatment of Muscle spasms of the urinary tract,
Remetor 20 Tablet, High cholesterolPrevention of Heart attack,
Reflow-D Capsule PR,Treatment of Benign prostatic hyperplasia,
Ramistar-H 2.5  Tablet, Hypertension (high blood pressure),
Rabium 10 Tablet,Treatment of Gastroesophageal reflux disease (Acid reflux)Treatment of Peptic ulcer diseaseTreatment of Zollinger-Ellison syndrome,
Rozustat F 5 Tablet,Treatment of High cholesterolPrevention of Heart attack,
Rosukem 5 Tablet,Treatment of High cholesterol Prevention of heart attack and stroke,
Raymoxi-P Eye Drop,Treatment of Bacterial infections,
Riscon Forte Tablet, Schizophrenia,
Rapidon OD Eye Drop,Treatment of Allergic conditions,
Rabopep 20 Tablet,Treatment of Gastroesophageal reflux disease (Acid reflux)Treatment of Peptic ulcer diseaseTreatment of Zollinger-Ellison syndrome,
Rxtor 5 Tablet,Treatment of High cholesterol Prevention of heart attack and stroke,
Romilast FX Tablet,Treatment of Sneezing and runny nose due to allergies,
Rosucrest 10 Tablet,Treatment of High cholesterol Prevention of heart attack and stroke,
Reclimet-PG 30 Tablet SR,Treatment of Type 2 diabetes mellitus,
Rootz-M5 Solution,Treatment of Hair loss,
Rimoflo-T Ophthalmic Solution,Treatment of Ocular hypertensionTreatment of Glaucoma,
Roslaren 20 Tablet,Treatment of High cholesterol Prevention of heart attack and stroke,
Rowasa 500mg Pellets, Ulcerative colitis Crohn’s disease,
Rejunuron DN Tablet SR,Treatment of Neuropathic pain,
Risdone 4 Tablet,Treatment of SchizophreniaTreatment of Mania,
Refzil O 50mg Drop, Bacterial infections,
Rancil 20 Tablet,Treatment of Hypertension (high blood pressure)Prevention of Angina (heart-related chest pain)Prevention of Heart attackPrevention of Stroke,
Rancv 1000 Tablet ER,Treatment of Angina (heart-related chest pain),
Rifaclean 200 Tablet,Treatment of Infectious diarrhea,
Rifaclean 550 Tablet,Treatment of Hepatic encephalopathyTreatment of Infectious diarrhea,
Revostat Gold 20 Capsule, Heart attack,
Relmisart 40 Tablet,Treatment of Hypertension (high blood pressure) Prevention of heart attack and strokeTreatment of Heart failure,
Repace A Tablet, Hypertension (high blood pressure),
Raymoxi-K Eye Drop,Treatment of Bacterial eye infections,
Rhinocobal Nasal Spray, Vitamin B12 deficiency,
Rosycap-ASP 20/150 Capsule,Treatment of Prevention of heart attack and stroke,
Rabidoc LS 75mg/20mg Capsule,Treatment of Gastroesophageal reflux disease (Acid reflux)Treatment of Intestinal ulcersTreatment of Irritable bowel syndrome,
Rifaxigyl 550mg Tablet,Treatment of Hepatic encephalopathyTreatment of Infectious diarrhea,
Rxtor 20 Tablet,Treatment of High cholesterol Prevention of heart attack and stroke,
Rosloy 20 Tablet,Treatment of High cholesterol Prevention of heart attack and stroke,
Respicure-M Tablet,Treatment of Sneezing and runny nose due to allergiesTreatment of Hay feverTreatment of Allergic skin conditions,
Romilast 4mg Tablet,Treatment of Sneezing and runny nose due to allergies,
Risdone 3 Tablet,Treatment of SchizophreniaTreatment of Mania,
Rotin F Tablet,Treatment of High cholesterolPrevention of Heart attack,
Rispond Plus-LS Tablet, Schizophrenia,
Riscon 2mg Tablet,Treatment of SchizophreniaTreatment of Mania,
Repace 100 Tablet,Treatment of Hypertension (high blood pressure)Treatment of Heart failure Prevention of heart attack and stroke,
Rizole DS Cream,Treatment of Fungal skin infections,
Rxtor-F 5 Tablet,Treatment of High cholesterolPrevention of Heart attack,
Roslaren AC 75mg/10mg/75mg Capsule, Heart attack,
Ralista Tablet,Treatment and prevention of Post menopausal osteoporosis,
Relinase 0.25mg Tablet, Schizophrenia,
Rostar 20 Tablet,Treatment of High cholesterol Prevention of heart attack and stroke,
Rivizole Cream,Treatment of Fungal skin infections,
Remo M 100mg/1000mg Tablet,Treatment of Type 2 diabetes mellitus,
Rabizena 20mg Tablet,Treatment of Gastroesophageal reflux disease (Acid reflux)Treatment of Peptic ulcer diseaseTreatment of Zollinger-Ellison syndrome,
Rozutin 5 Tablet,Treatment of High cholesterol Prevention of heart attack and stroke,
Rabifast 40 Tablet,Treatment of Gastroesophageal reflux disease (Acid reflux)Treatment of Peptic ulcer diseaseTreatment of Zollinger-Ellison syndrome,
Rantac Injection 2ml,Treatment of Gastroesophageal reflux disease (Acid reflux)Treatment of Peptic ulcer disease,
Rabopep-L Tablet SR,Treatment of Gastroesophageal reflux disease (Acid reflux)Treatment of Intestinal ulcersTreatment of Irritable bowel syndrome,
Rejumet 1000 Tablet SR,Treatment of Type 2 diabetes mellitus,
Raciper-L Capsule PR,Treatment of Gastroesophageal reflux disease (Acid reflux)Treatment of Peptic ulcer disease,
Roliptin 10 Tablet,Treatment of High cholesterol Prevention of heart attack and stroke,
Respidon 4 Tablet,Treatment of SchizophreniaTreatment of Mania,
Revomin Tablet,Treatment of Nausea and vomiting in pregnancy,
Rexnerve Plus Softgel Capsule,Treatment of Neuropathic pain,
Ramcor-H 2.5 Tablet, Hypertension (high blood pressure),
Rootz-M10 Solution,Treatment of Hair loss,
R2 10 Tablet,Treatment of High cholesterol Prevention of heart attack and stroke,
Ramipres 10 Tablet,Treatment of Hypertension (high blood pressure) Prevention of heart attack and strokeTreatment of Heart failure,
Retense OD Tablet ER, Pain relief,
Resque 2mg Tablet,Treatment of SchizophreniaTreatment of Mania,
Risnia MD 2 Tablet,Treatment of SchizophreniaTreatment of Mania,
Ronycold-M Tablet,Treatment of Sneezing and runny nose due to allergiesTreatment of Hay feverTreatment of Allergic skin conditions,
Revas 25 Tablet,Treatment of Hypertension (high blood pressure)Treatment of Heart failure Prevention of heart attack and stroke,
Rabetero-L Capsule SR,Treatment of Gastroesophageal reflux disease (Acid reflux)Treatment of Intestinal ulcersTreatment of Irritable bowel syndrome,
Ramisave 2.5 Capsule,Treatment of Hypertension (high blood pressure) Prevention of heart attack and strokeTreatment of Heart failure,
Rosutor-A 10/150 Capsule,Treatment of Prevention of heart attack and stroke,
Raz Plus Tablet,Treatment of Gastroesophageal reflux disease (Acid reflux)Treatment of Peptic ulcer disease,
Roslaren 40 Tablet,Treatment of High cholesterol Prevention of heart attack and stroke,
Revas AT Tablet, Hypertension (high blood pressure),
Revac-B Plus Pediatric Vaccine, Prevention of Hepatitis B infection,
Ramihart-H 2.5 Tablet, Hypertension (high blood pressure),
Reetor Cream, Melasma,
Rolifin-XL Cream, Fungal nail infections,
Rivatane 20 Tablet,Treatment and prevention of Blood clots,
Reclimet MR Tablet,Treatment of Type 2 diabetes mellitus,
Recofast LM Tablet,Treatment of Sneezing and runny nose due to allergiesTreatment of Hay feverTreatment of Allergic skin conditions,
Ropark XL 4 Tablet, Parkinson's disease Restless leg syndrome,
Rostrum-D Capsule,Treatment of Gastroesophageal reflux disease (Acid reflux)Treatment of Peptic ulcer disease,
Revas-AM 2.5 Tablet, Hypertension (high blood pressure),
Rexidin Mouth Wash,Treatment of Mouth infection,
Riasis 30mg Tablet, Plaque psoriasis,
Rotocef 500mg Tablet,Treatment of Bacterial infections,
Rafacol LS Tablet CR,Treatment of Ulcerative colitis,
Ramicure 2.5mg Tablet,Treatment of Hypertension (high blood pressure) Prevention of heart attack and strokeTreatment of Heart failure,
Rozstyl 10 Tablet,Treatment of High cholesterol Prevention of heart attack and stroke,
Ramisave 10 Capsule,Treatment of Hypertension (high blood pressure) Prevention of heart attack and strokeTreatment of Heart failure,
Rifarex 550mg Tablet,Treatment of Hepatic encephalopathyTreatment of Infectious diarrhea,
Rostar-F Tablet,Treatment of High cholesterolPrevention of Heart attack,
Rospitril Plus 4 Tablet MD, Schizophrenia,
Revelol-CH 50mg/12.5mg Tablet ER, Hypertension (high blood pressure),
Rami Race 5 Tablet,Treatment of Hypertension (high blood pressure) Prevention of heart attack and strokeTreatment of Heart failure,
Rosurica 20 Tablet,Treatment of High cholesterol Prevention of heart attack and stroke,
Rivofonet Tablet,Treatment of Chronic hepatitis B virus (HBV) infection,
Rosta 10 Tablet,Treatment of High cholesterol Prevention of heart attack and stroke,
Rabe-Max DSR Capsule,Treatment of Gastroesophageal reflux disease (Acid reflux)Treatment of Peptic ulcer disease,
Ranx 1000 Tablet ER,Treatment of Angina (heart-related chest pain),
Rivizole F Ointment,Treatment of Fungal skin infections,
Ranozest 500 SR Tablet,Treatment of Angina (heart-related chest pain),
Ramistar-A 2.5 Tablet, Hypertension (high blood pressure),
Raptic 50 Injection,Treatment of Post menopausal osteoporosis,
Relysal Ointment,Treatment of EczemaTreatment of Psoriasis,
Remo Zen M 100mg/1000mg Tablet,Treatment of Type 2 diabetes mellitus,
Rastrol 20 Tablet,Treatment of High cholesterol Prevention of heart attack and stroke,
Rabetex 20mg Tablet,Treatment of Gastroesophageal reflux disease (Acid reflux)Treatment of Peptic ulcer diseaseTreatment of Zollinger-Ellison syndrome,
Revas-H Tablet,Treatment of Hypertension (high blood pressure),
Rozution-T Tablet, High blood pressure with high cholesterol,
Ritocom 50 mg/200 mg Tablet, HIV infection,
Rovio 5 Tablet,Treatment of High cholesterol Prevention of heart attack and stroke,
Renvela 800mg Sachet, High phosphate levels in blood,
Rabezox-D Capsule SR,Treatment of Gastroesophageal reflux disease (Acid reflux)Treatment of Peptic ulcer disease,
Risnia MD 4 Tablet,Treatment of SchizophreniaTreatment of Mania,
Rozula 20mg Tablet,Treatment of High cholesterol Prevention of heart attack and stroke,
Rovio 20 Tablet,Treatment of High cholesterol Prevention of heart attack and stroke,
Ramisave H 5 Capsule, Hypertension (high blood pressure),
Repepsa D 30mg/10mg Capsule, Gastroesophageal reflux disease (Acid reflux) Peptic ulcer disease,
Rexizole 1% Cream,Treatment of Fungal skin infections,
Rubrosin-D Tablet, Pain relief,
Roximclav 625 Tablet,Treatment of Bacterial infections,
Regrowee 5% Gel,Treatment of Hair loss,
Ronycuf S Syrup, Cough with mucus,
Recosulin R 40IU/ml Injection, Diabetes,
Respicure FM 10 mg/120 mg Tablet,Treatment of Sneezing and runny nose due to allergies,
Rebeat 2.5mg Tablet,Treatment of Hypertension (high blood pressure) Prevention of heart attack and strokeTreatment of Heart failure,
Rosbest 10 Tablet,Treatment of High cholesterol Prevention of heart attack and stroke,
Rebeat 2.5mg Tablet,Treatment of Hypertension (high blood pressure) Prevention of heart attack and strokeTreatment of Heart failure,
Rosbest 10 Tablet,Treatment of High cholesterol Prevention of heart attack and stroke,
Rexidin Mouth Wash,Treatment of Mouth infection,
Rizora ODS 10 Disintegrating Strip, Acute migraine headache,
Rosupack 20 Tablet,Treatment of High cholesterol Prevention of heart attack and stroke,
Rozustat 10 D Tablet, High cholesterol,
Rizora ODS 5 Disintegrating Strip, Acute migraine headache,
Rosave D 20 Tablet, High cholesterol,
Rosave D 20 Tablet, High cholesterol,
Regrow 5% Solution,Treatment of Hair loss,
Rosucia-Gold Capsule, Heart attack,
Riax-M XR 5mg/1000mg Tablet,Treatment of Type 2 diabetes mellitus,
Rabio Vaccine, Prevention of Rabies,
Raptac Tablet,Treatment of Gastroesophageal reflux disease (Acid reflux)Treatment of Peptic ulcer diseaseTreatment of Zollinger-Ellison syndrome,
Ramilace 5mg Tablet,Treatment of Hypertension (high blood pressure) Prevention of heart attack and strokeTreatment of Heart failure,
Spexib Capsule, Non-small cell lung cancer,
Stemetil MD Tablet,Treatment of VertigoTreatment of NauseaTreatment of VomitingTreatment of MigraineTreatment of Short term anxiety,
Sumo Tablet, Pain relief,
Sompraz D 40 Capsule SR,Treatment of Gastroesophageal reflux disease (Acid reflux)Treatment of Functional dyspepsia,
Signoflam Tablet, Pain relief,
Surfaz-SN Cream,Treatment of Skin infections,
Solvin Cold Tablet,Treatment of Common cold,
Sompraz 40 Tablet,Treatment of Gastroesophageal reflux disease (Acid reflux)Treatment of Peptic ulcer diseaseTreatment of Zollinger-Ellison syndrome,
Stugeron Tablet,Treatment of Motion sicknessTreatment of VertigoTreatment of Meniere's disease,
Sucral-O Suspension,Treatment of AcidityTreatment of HeartburnTreatment of Stomach ulcers,
Sorbitrate 5 Tablet,Prevention of Angina (heart-related chest pain),
Sibelium 10mg Tablet,Prevention of Migraine,
Sucrafil O Gel Sugar Free,Treatment of AcidityTreatment of HeartburnTreatment of Stomach ulcers,
Septran DS 800mg/160mg Tablet,Treatment of Bacterial infections,
Smuth Cream,Treatment of Piles,
Sumo Cold Tablet,Treatment of Common cold,
Silodal 8 Capsule,Treatment of Benign prostatic hyperplasia,
Syndopa Plus Tablet,Treatment of Parkinson's disease,
Silodal-D 8 Capsule,Treatment of Benign prostatic hyperplasia,
Susten SR 200 Tablet, Hormone replacement therapyTreatment of Female infertility,
Susten 200 Soft Gelatin Capsule, Hormone replacement therapyTreatment of Female infertility,
Seroflo 250 Inhaler,Treatment of Chronic obstructive pulmonary disease (COPD),
Stamlo 5 Tablet,Treatment of Hypertension (high blood pressure)Prevention of Angina (heart-related chest pain),
Suhagra 100 Tablet,Treatment of Erectile dysfunction,
Sucral Suspension,Treatment of Intestinal ulcersTreatment of Stomach ulcers,
Sucral Ano Cream,Treatment of Anal fissure,
Skinlite Cream,Treatment of Melasma,
Spasmonil 20mg/325mg Tablet,Treatment of Abdominal pain,
Skinshine Cream,Treatment of Melasma,
Susten SR 300 Tablet, Hormone replacement therapyTreatment of Female infertility,
Sucrafil Suspension Sugar Free,Treatment of Intestinal ulcersTreatment of Stomach ulcers,
Strocit Plus Tablet, Stroke,
Sompraz L Capsule SR,Treatment of Gastroesophageal reflux disease (Acid reflux)Treatment of Peptic ulcer disease,
Satrogyl-O Tablet,Treatment of DiarrheaTreatment of Dysentery,
Sporidex 500 Capsule,Treatment of Bacterial infections,
Stemetil Injection,Treatment of AnxietyTreatment of NauseaTreatment of VomitingTreatment of MigraineTreatment of VertigoTreatment of Short term anxiety,
Solvin Cold Syrup,Treatment of Common cold,
Stugeron Forte Tablet,Treatment of Motion sicknessTreatment of VertigoTreatment of Meniere's disease,
Stugeron Plus Tablet,Treatment of Vertigo,
Soliten 5mg Tablet,Treatment of Overactive bladder (OAB) symptoms,
Swich CV 325 Tablet,Treatment of Respiratory tract infection,
Swich 200 Tablet,Treatment of Bacterial infections,
Sitcom Tablet,Treatment of Piles,
Suhagra 50 Tablet,Treatment of Erectile dysfunction,
Sinarest LP New Tablet,Treatment of Common cold,
Sizodon MD 0.5 Tablet,Treatment of SchizophreniaTreatment of Mania,
Serta 25 Tablet,Treatment of DepressionTreatment of Post traumatic stress disorderTreatment of Obsessive-compulsive disorderTreatment of Panic disorderTreatment of Premenstrual dysphoric disorderTreatment of AnxietyTreatment of Premenstrual syndrome (PMS),
Serta 50 Tablet,Treatment of DepressionTreatment of Post traumatic stress disorderTreatment of Obsessive-compulsive disorderTreatment of Panic disorderTreatment of Premenstrual dysphoric disorderTreatment of AnxietyTreatment of Premenstrual syndrome (PMS),
Sibelium 5mg Tablet,Prevention of Migraine,
Sinarest Paediatric Drops,Treatment of Common cold,
SN 15 Plus Tablet, Pain relief,
Sensiclav 625 Tablet,Treatment of Bacterial infections,
Strocit 500 Tablet,Treatment of StrokeTreatment of Head injuryTreatment of Alzheimer's diseaseTreatment of Dementia in Parkinson's disease,
Sporidex-CV 750 Tablet ER, Bacterial infections,
Storvas 10 Tablet, High cholesterolPrevention of Heart attack,
Symbal 20 Tablet,Treatment of DepressionTreatment of Anxiety disorderTreatment of Diabetic nerve painTreatment of FibromyalgiaTreatment of Neuropathic painTreatment of Stress urinary incontinence,
Supacef 1.5gm Powder for Injection,Treatment of Bacterial infections,
Sysron-N Tablet,Treatment of Heavy menstrual bleedingTreatment of Pain during menstruationTreatment of EndometriosisTreatment of Premenstrual syndrome (PMS),
Stamlo Beta Tablet,Treatment of Hypertension (high blood pressure),
Solu-Medrol 1gm Injection,Treatment of Rheumatic disorderTreatment of Systemic lupus erythematosus (SLE)Treatment of Allergic conditionsTreatment of Eye disordersTreatment of Skin disorders,
Sorbitrate 10 Tablet,Prevention of Angina (heart-related chest pain)Controlling Heart failure,
Serenace Injection 1ml, Schizophrenia,
Secnil Forte Tablet, Bacterial & parasitic infections,
Seloken XL 25mg Tablet,Treatment of Hypertension (high blood pressure)Treatment of Angina (heart-related chest pain)Treatment of ArrhythmiaPrevention of Heart attackPrevention of Migraine,
Stalopam 10 Tablet,Treatment of DepressionTreatment of Anxiety disorderTreatment of Panic disorder,
Sebonac Gel, Acne,
Sompraz IT Capsule SR, Gastroesophageal reflux disease (Acid reflux) Peptic ulcer disease,
Setolac 300 ER Tablet, Pain relief,
Silofast D 8 Tablet,Treatment of Benign prostatic hyperplasia,
Soha 0.1% Eye Drop,Treatment of Dry eyes,
Starpress XL 25 Tablet,Treatment of Hypertension (high blood pressure)Treatment of Angina (heart-related chest pain)Treatment of ArrhythmiaPrevention of Heart attackPrevention of Migraine,
Sumo L 650 Tablet, Pain reliefTreatment of Fever,
Sotret 20mg Capsule,Treatment of Acne,
Styptovit E 500mg Tablet, Bleeding,
Stanlip 145mg Tablet, High cholesterol,
Sompraz HP Combipack,Treatment of Peptic ulcer disease,
Sumo L DS Suspension, Pain reliefTreatment of Fever,
Silofast 8 Capsule,Treatment of Benign prostatic hyperplasia,
Starpress XL 50 Tablet,Treatment of Hypertension (high blood pressure)Treatment of Angina (heart-related chest pain)Treatment of ArrhythmiaPrevention of Heart attackPrevention of Migraine,
Supirocin Ointment,Treatment of Bacterial skin infections,
Spasmodart Tablet, Abdominal pain,
Surfaz Cream,Treatment of Fungal skin infections,
Sensival 25 Tablet, Depression Bed-wetting Neuropathic pain,
Solvin Cold AF Syrup,Treatment of Common cold,
Stator 10 Tablet, High cholesterolPrevention of Heart attack,
Solvin Cold Drop,Treatment of Common cold,
Super Manforce Tablet,Treatment of Erectile dysfunctionTreatment of Pulmonary arterial hypertension (PAH),
Seroflo 250 Rotacap,Treatment of Chronic obstructive pulmonary disease (COPD),
Safexim 200mg Tablet,Treatment of Bacterial infections,
Smuth Capsule, Constipation,
Silybon Suspension, Chronic liver disease Liver cirrhosis,
Syscan 150 Capsule,Treatment of Fungal infections,
Sebowash  Shampoo, Dandruff,
Stiloz 100 Tablet,Treatment of Intermittent claudication,
Sustanon 250 Injection,Treatment of Male hypogonadism,
Seradic-P Tablet, Pain relief,
Scaboma Lotion, Scabies,
Sysron-NCR Tablet,Treatment of Heavy menstrual bleedingTreatment of Pain during menstruationTreatment of EndometriosisTreatment of Premenstrual syndrome (PMS),
Sofinox Cream, Bacterial skin infections,
Sizodon LS Tablet, Schizophrenia,
Siloderm Mixi Cream,Treatment of Skin infections,
Susten 400 Soft Gelatin Capsule, Hormone replacement therapyTreatment of Female infertility,
Stugil Tablet, Vertigo,
Stablanz-PV Tablet, Meniere's disease,
Swich 100 Dry Syrup,Treatment of Bacterial infections,
Snake Venom Antiserum Injection, Snake Bite,
Solicept 5 Tablet,Treatment of Overactive bladder (OAB) symptoms,
Swich 50 Dry Syrup,Treatment of Bacterial infections,
Skelebenz 15 Capsule ER, Muscle relaxation,
Sumo L Plus Paediatric Suspension, Pain reliefTreatment of Fever,
Seloken XL 50mg Tablet,Treatment of Hypertension (high blood pressure)Treatment of Angina (heart-related chest pain)Treatment of ArrhythmiaPrevention of Heart attackPrevention of Migraine,
Sizodon Plus Tablet, Schizophrenia,
Syndopa CR Tablet,Treatment of Parkinson's disease,
Superspas RF Injection,Treatment of Abdominal pain,
Susten 100 Injection, Hormone replacement therapy Female infertility,
Sumo L Drops, Pain reliefTreatment of Fever,
Stamlo 2.5 Tablet,Treatment of Hypertension (high blood pressure)Prevention of Angina (heart-related chest pain),
Stamlo-T Tablet,Treatment of Hypertension (high blood pressure),
Sildoo 8 Capsule,Treatment of Benign prostatic hyperplasia,
Storvas 20 Tablet, High cholesterolPrevention of Heart attack,
Storvas 40 Tablet, High cholesterolPrevention of Heart attack,
Strocit Injection,Treatment of StrokeTreatment of Head injuryTreatment of Alzheimer's diseaseTreatment of Dementia in Parkinson's disease,
Sylate 500 Tablet, Bleeding,
Sufrate LA Cream,Treatment of Anal fissure,
Spasmonil Plus Tablet,Treatment of Menstrual painTreatment of Abdominal cramp,
Solacid-O Suspension Sugar Free, Acidity Heartburn Stomach ulcers,
Sedogest 300mg Tablet,Treatment of Primary biliary cirrhosisTreatment of Gallbladder stones,
Sebifin Tablet, Fungal infections,
Silnafil 25mg Tablet,Treatment of Erectile dysfunction,
Suhagra 25 Tablet,Treatment of Erectile dysfunction,
Suvida Tablet, Contraception,
Sotret NF 16mg Capsule,Treatment of Acne,
Soliten 10mg Tablet,Treatment of Overactive bladder (OAB) symptoms,
Solvin-OD Tablet SR, Sneezing and runny nose due to allergies,
Sporidex AF 750 Tablet ER,Treatment of Bacterial infections,
Suminat 50 Tablet, Acute migraine headache,
Stablon Tablet, Depression,
Septran Paediatric Oral Suspension,Treatment of Bacterial infections,
Swich Drops,Treatment of Bacterial infections,
Sepgard AR Gel, Wound infection,
Sucral MU Ointment, Burns,
Solvin LS Syrup,Treatment of Cough with mucus,
Sumo L 125 Suspension, Pain reliefTreatment of Fever,
Spenzo 0.5 Tablet, Schizophrenia Depression Bipolar disorder,
Sorbidiol 300 Tablet,Treatment of Primary biliary cirrhosisTreatment of Gallbladder stones,
Sorliv Oral Solution, Fatty liver disease,
Sartel 40 Tablet,Treatment of Hypertension (high blood pressure) Prevention of heart attack and strokeTreatment of Heart failure,
Stafcure 500 Tablet,Treatment of Bacterial infections,
Sartel AM Tablet,Treatment of Hypertension (high blood pressure),
Stator-F Tablet,Treatment of High cholesterolPrevention of Heart attack,
Siphene Tablet,Treatment of Female infertility,
Sinus 77 Tablet,Treatment of Common cold,
Suprox SR Tablet,Treatment of Premature LaborTreatment of Peripheral vascular disease,
Sotret 10mg Capsule,Treatment of Acne,
Saltum Tablet, Bacterial infections,
Solvin Cold DS Syrup,Treatment of Common cold,
Serlift 50 Tablet,Treatment of DepressionTreatment of Post traumatic stress disorderTreatment of Obsessive-compulsive disorderTreatment of Panic disorderTreatment of Premenstrual dysphoric disorderTreatment of AnxietyTreatment of Premenstrual syndrome (PMS),
Sucraday O Syrup,Treatment of AcidityTreatment of HeartburnTreatment of Stomach ulcers,
Stelbid Tablet, Irritable bowel syndrome,
Sizopin 25 Tablet, Schizophrenia,
Susten 200 Injection, Hormone replacement therapy Female infertility,
Sparacid DS Suspension,Treatment of Intestinal ulcersTreatment of Stomach ulcers,
Supatret 0.04 Aqueous Gel,Treatment of Acne Acute promyelocytic leukaemia,
Seroflo 125 Inhaler,Treatment of Chronic obstructive pulmonary disease (COPD),
Snapit 85mg/500mg Tablet,Treatment of Migraine,
Sompraz D 20 Capsule SR,Treatment of Gastroesophageal reflux disease (Acid reflux)Treatment of Functional dyspepsia,
Sompraz 20 Tablet,Treatment of Gastroesophageal reflux disease (Acid reflux)Treatment of Peptic ulcer diseaseTreatment of Zollinger-Ellison syndrome,
Serta 100 Tablet,Treatment of DepressionTreatment of Post traumatic stress disorderTreatment of Obsessive-compulsive disorderTreatment of Panic disorderTreatment of Premenstrual dysphoric disorderTreatment of AnxietyTreatment of Premenstrual syndrome (PMS),
Synriam 150/750mg Tablet,Treatment of Malaria,
Syntran 200 Capsule,Treatment of Fungal infections,
Soventus Jr Syrup, Cough with mucus,
Sulpitac 50 Tablet, Schizophrenia,
Scabelice Lotion, Scabies,
Silotime 8 Capsule,Treatment of Benign prostatic hyperplasia,
Signoflam-TH 4 Tablet,Treatment of Muscular pain,
Syndopa CR 125 Tablet,Treatment of Parkinson's disease,
Sporidex 250 Capsule,Treatment of Bacterial infections,
Stalopam 5 Tablet,Treatment of DepressionTreatment of Anxiety disorderTreatment of Panic disorder,
Solvin Cold AF Oral Drops,Treatment of Common cold,
Stafcure CV 500 Tablet,Treatment of Bacterial infections,
Sumo L IV Infusion, Pain reliefTreatment of Fever,
Silybon 70mg Tablet, Chronic liver disease Liver cirrhosis,
Sylate T 500mg/250mg Tablet, Heavy menstrual bleeding,
Solitral Capsule ER,Treatment of Benign prostatic hyperplasia,
Sulpitac 100 Tablet, Schizophrenia,
Saril Tablet,Treatment of Bacterial & parasitic infections,
Stopache Tablet,Treatment of Headache,
Sartel Trio Tablet, Hypertension (high blood pressure),
Syntran Capsule,Treatment of Fungal infections,
Susten 300 Soft Gelatin Capsule, Hormone replacement therapyTreatment of Female infertility,
Sternon-S Lotion, Eczema Psoriasis,
Sulisent 100mg Tablet,Treatment of Type 2 diabetes mellitus,
Step-UP Syrup,Treatment of Allergic conditions Appetite stimulant,
Solu-Medrol 500mg Injection,Treatment of Rheumatic disorderTreatment of Systemic lupus erythematosus (SLE)Treatment of Allergic conditionsTreatment of Eye disordersTreatment of Skin disorders,
Sporidex 100mg Paediatric Drops,Treatment of Bacterial infections,
Silodal 4 Capsule,Treatment of Benign prostatic hyperplasia,
Stamlo D Tablet, Hypertension (high blood pressure),
Synca Eye Drop,Treatment of Glaucoma,
Scabex Lotion, Scabies,
Siphene 100 Tablet,Treatment of Female infertility,
Symbicort 160mcg/4.5mcg Turbuhaler,Treatment of Chronic obstructive pulmonary disease (COPD),
Soliact 5 Tablet,Treatment of Overactive bladder (OAB) symptoms,
Sudin Cold Tablet,Treatment of Common cold,
Sistal Forte Tablet, Pain reliefTreatment of Swelling,
Semi Reclimet 40mg/500mg Tablet,Treatment of Type 2 diabetes mellitus,
Sibofix 400 Tablet,Treatment of Hepatic encephalopathyTreatment of Infectious diarrhea,
Sartel-LN 40 Tablet,Treatment of Hypertension (high blood pressure),
Sevcar 400 Tablet, High phosphate levels in blood,
Sizopin 100mg Tablet, Schizophrenia,
Sgltr Tablet,Treatment of Type 2 diabetes mellitus,
Serowel Tablet, Pain relief Swelling,
Sizodon Forte Tablet, Schizophrenia,
S-Mucolite Syrup, Cough,
Symbal 30 Tablet,Treatment of DepressionTreatment of Anxiety disorderTreatment of Diabetic nerve painTreatment of FibromyalgiaTreatment of Neuropathic painTreatment of Stress urinary incontinence,
Superspas Oral Gel Orange Sugar Free, Acidity Stomach ulcers Bloating,
Seradic-AP Tablet, Pain relief,
Sparacid O Oral Suspension Mint No Added Sugar,Treatment of AcidityTreatment of HeartburnTreatment of Stomach ulcers,
Simbrinza Ophthalmic Suspension,Treatment of Glaucoma,
Sporidex AF 375 Tablet ER,Treatment of Bacterial infections,
Sildoo-D8 Capsule Combipack,Treatment of Benign prostatic hyperplasia,
Sefdin Capsule, Bacterial infections,
Scabisin Lotion, Scabies,
Suminat 25 Tablet, Acute migraine headache,
Supatret C Aqueous Gel,Treatment of Acne,
Sucral Cream,Treatment of Skin conditions with inflammation & itchingTreatment of Intestinal ulcersTreatment of Stomach ulcers,
Skin Shine Cream,Treatment of Melasma,
Sizodon 1 Tablet,Treatment of SchizophreniaTreatment of Mania,
Serlift 25 Tablet,Treatment of DepressionTreatment of Post traumatic stress disorderTreatment of Obsessive-compulsive disorderTreatment of Panic disorderTreatment of Premenstrual dysphoric disorderTreatment of AnxietyTreatment of Premenstrual syndrome (PMS),
Sonaderm-NM Cream,Treatment of Skin infections,
Suthin Gold Eye Drop,Treatment of Allergic eye disease,
Suthin Eye Drop,Treatment of Allergic eye disease,
Spectra 25mg Capsule,Treatment of InsomniaTreatment of DepressionTreatment of Anxiety disorder,
Sartel-Beta 50 Tablet ER,Treatment of Hypertension (high blood pressure),
Softvisc New Softvisc Lubricant Eye Drop,Treatment of Dry eyes,
Soventus-LS Syrup,Treatment of Cough with mucus,
Smulax Liquid,Treatment of ConstipationTreatment of Hepatic encephalopathy,
Smuth Fiber,Treatment of Constipation,
Sirdalud 2mg Tablet, Muscle relaxation,
Solvin Cough Tablet,Treatment of Dry cough,
Sorvate Ointment,Treatment of Psoriasis,
Semi-Amaryl Tablet,Treatment of Type 2 diabetes mellitus,
Sovihep V Tablet,Treatment of Chronic hepatitis C virus (HCV) infection,
Susten 8% Gel, Hormone replacement therapyTreatment of Female infertility,
Saflutan Eye Drop, Glaucoma Ocular hypertension,
Spegra Tablet, HIV infection,
Seroflo 250 Synchrobreathe,Treatment of Chronic obstructive pulmonary disease (COPD),
Syscan 200 Capsule,Treatment of Fungal infections,
Sibolone Tablet, Hormone replacement therapy Post menopausal osteoporosis,
Sorbidiol 150 Tablet,Treatment of Primary biliary cirrhosisTreatment of Gallbladder stones,
Seriva Cream,Treatment of Fungal skin infectionsTreatment of Fungal infections,
Sartel H 40 Tablet,Treatment of Hypertension (high blood pressure),
Softdrops Liquigel,Treatment of Dry eyes,
Solvin-EX Expectorant Passion Fruit Sugar Free, Cough with mucus,
Solu-Medrol 125mg Injection,Treatment of Rheumatic disorderTreatment of Systemic lupus erythematosus (SLE)Treatment of Allergic conditionsTreatment of Eye disordersTreatment of Skin disorders,
Solvin-DX Syrup Raspberry Sugar Free,Treatment of Dry cough,
S-Numlo 2.5 Tablet,Treatment of Hypertension (high blood pressure)Prevention of Angina (heart-related chest pain)Prevention of Heart attackPrevention of Stroke,
Symbiotik Capsule, Bacterial infections,
Sensiclav BD 228.5mg Dry Syrup,Treatment of Resistance Tuberculosis (TB)Treatment of Bacterial infections,
Sifasi 5000IU Injection,Treatment of Female infertilityTreatment of Male hypogonadism,
Susten 100 Soft Gelatin Capsule, Hormone replacement therapyTreatment of Female infertility,
Sebifin Plus Cream,Treatment of Fungal skin infections,
Salbair 50mcg Transhaler, Chronic obstructive pulmonary disease (COPD)Treatment of Asthma,
Sylate 250 Tablet, Bleeding,
Susten SR 400 Tablet, Hormone replacement therapyTreatment of Female infertility,
Seroflo 100 Rotacaps,Treatment of Chronic obstructive pulmonary disease (COPD),
Spastone Tablet,Treatment of Menstrual painTreatment of Abdominal cramp,
Sizodon Oral Solution,Treatment of SchizophreniaTreatment of Mania,
Silvacure Plus Cream, Burns Wound infection,
Suganril Tablet, Pain relief,
Superia DSR Capsule,Treatment of Gastroesophageal reflux disease (Acid reflux)Treatment of Peptic ulcer disease,
Siphene -M Tablet,Treatment of Male infertilityTreatment of Female infertility,
Symhylo 1% Eye Drop,Treatment of Dry eyes,
Soha 0.1% Eye Drop,Treatment of Dry eyes,
Supermet XL 50 Tablet,Treatment of Hypertension (high blood pressure)Treatment of Angina (heart-related chest pain)Treatment of ArrhythmiaPrevention of Heart attackPrevention of Migraine,
Sreyas Tablet,Treatment of Common cold,
Sartel-Beta 25 Tablet ER,Treatment of Hypertension (high blood pressure),
Sumo L 120 Suspension Strawberry, Pain reliefTreatment of Fever,
Salbetol 4mg Tablet,Treatment of Chronic obstructive pulmonary disease (COPD)Treatment and prevention of Asthma,
Strone 200 Capsule, Hormone replacement therapyTreatment of Female infertility,
Synaptol SR 150 Tablet, Muscle relaxation,
Sporanox Capsule,Treatment of Fungal infections,
Smarti-M Tablet, Sneezing and runny nose due to allergies,
S-Numlo 5 Tablet,Treatment of Hypertension (high blood pressure)Prevention of Angina (heart-related chest pain)Prevention of Heart attackPrevention of Stroke,
Solitair Tablet,Treatment of Sneezing and runny nose due to allergiesTreatment of Hay feverTreatment of Allergic skin conditions,
SR Pevesca Plus 75 Tablet, Neuropathic pain,
Spasmindon Paediatric Drops,Improving Abdominal painTreatment of Irritable bowel syndrome,
Sysfol Plus Tablet,Treatment of Nausea and vomiting in pregnancy,
Skinbrite Cream,Treatment of Melasma,
Sinate -OD Tablet,Treatment of Nausea and vomiting in pregnancy,
Seromune 500 Tablet, Prevention of organ rejection in transplant patients,
Soltus 50 Tablet, Schizophrenia,
Solvin Cough Syrup Sugar Free,Treatment of Dry cough,
Sudif Cream,Treatment of Bacterial skin infections Bacterial eye infections,
Selgin Tablet, Parkinson's disease,
Seradic Tablet, Pain relief,
Salbair-I Transhaler,Treatment of Chronic obstructive pulmonary disease (COPD),
Synflorix Vaccine," Prevention of pneumonia, meningitis, blood infection & ear infection",
Syncapone 100 Tablet, Parkinson's disease,
Syndopa 275 Tablet,Treatment of Parkinson's disease,
Sizodon 2 Tablet,Treatment of SchizophreniaTreatment of Mania,
Stelbid 2 Tablet, Irritable bowel syndrome,
Susten VT 200 Tablet, Hormone replacement therapyTreatment of Female infertility,
Sizopin 50 Tablet, Schizophrenia,
Stamlo 10 Tablet,Treatment of Hypertension (high blood pressure)Prevention of Angina (heart-related chest pain),
Starpress-AM XL 50 Tablet,Treatment of Hypertension (high blood pressure),
Stator 20 Tablet, High cholesterolPrevention of Heart attack,
Starclav 625 Tablet,Treatment of Bacterial infections,
Sufrate O Suspension,Treatment of Intestinal ulcersTreatment of Stomach ulcers,
Storfib 145 Tablet,Treatment of High cholesterolPrevention of Heart attack,
Sustanon 100 Injection,Treatment of Male hypogonadism,
Soft Tears Eye Drop,Treatment of Dry eyes,
Safecet Tablet,Treatment of Allergic conditions,
Safepodox 200mg Tablet DT,Treatment of Bacterial infections,
Soframax Cream, Bacterial skin infections,
Solicept 10 Tablet,Treatment of Overactive bladder (OAB) symptoms,
Surfaz Dusting Powder,Treatment of Fungal skin infections,
Stoplos A Plus Tablet Lemon,Treatment of OsteoporosisTreatment of Paget's disease,
SR Fil Enema,Treatment of Intestinal ulcersTreatment of Stomach ulcers,
Sporidex Oral Suspension,Treatment of Bacterial infections,
Sebifin Cream, Fungal skin infections,
Salbair Neb 0.63 Transpules, Chronic obstructive pulmonary disease (COPD)Treatment of Asthma,
Serenace Liquid, Schizophrenia,
Sorvate C Ointment, Psoriasis,
Solfe Tablet, Iron deficiency anemia,
Sucramal-O Oral Suspension,Treatment of AcidityTreatment of HeartburnTreatment of Stomach ulcers,
Silocap 8 Capsule,Treatment of Benign prostatic hyperplasia,
Swich 100 DT Tablet,Treatment of Bacterial infections,
Sicriptin Tablet, High levels of prolactin Female infertility Acromegaly,
Sysron-NCR 15 Tablet,Treatment of Heavy menstrual bleedingTreatment of Pain during menstruationTreatment of EndometriosisTreatment of Premenstrual syndrome (PMS),
Storvas 80 Tablet, High cholesterolPrevention of Heart attack,
Skinshine Cream,Treatment of Melasma,
Swich CV 50 Dry Syrup,Treatment of Respiratory tract infection,
Sevcar 800 Tablet, High phosphate levels in blood,
Silotrif 8 Capsule,Treatment of Benign prostatic hyperplasia,
Stablanz Tablet, Vertigo,
Sulpitac 200 Tablet, Schizophrenia,
Supermet XL 25 Tablet,Treatment of Hypertension (high blood pressure)Treatment of Angina (heart-related chest pain)Treatment of ArrhythmiaPrevention of Heart attackPrevention of Migraine,
Stelbid Spas 80mg/50mg Tablet, Abdominal pain,
Sporidex DS 250mg Tablet,Treatment of Bacterial infections,
Syntran SB Capsule,Treatment of Fungal infections,
Soventus-DC Oral Suspension,Treatment of Dry cough,
S-Celepra 10 Tablet,Treatment of DepressionTreatment of Anxiety disorderTreatment of Panic disorder,
Sibofix 550 Tablet,Treatment of Hepatic encephalopathyTreatment of Infectious diarrhea,
Staphonex 500mg Capsule,Treatment of Bacterial infections,
Sartel 20 Tablet,Treatment of Hypertension (high blood pressure) Prevention of heart attack and strokeTreatment of Heart failure,
Szetalo 10 Tablet,Treatment of DepressionTreatment of Anxiety disorderTreatment of Panic disorder,
Sartel-C 40 Tablet, Hypertension (high blood pressure),
Spirodin 650 Tablet MR,Treatment and prevention of Chronic obstructive pulmonary disease (COPD),
Seradic-Plus Tablet, Pain relief,
Spiromide Tablet,Treatment of Edema,
Silofast 4 Capsule,Treatment of Benign prostatic hyperplasia,
Storax PR Tablet, Stroke,
Synvisc Hylan GF 20mg Injection, Osteoarthritis,
Smartilon 20 Tablet, Contraception,
Stafcure 250 Tablet,Treatment of Bacterial infections,
Sodanet 500mg Tablet,Treatment of IndigestionTreatment of Alkalinizing agentTreatment of Metabolic acidosis,
Sofraxine Cream, Bacterial skin infections,
Sinarest-AF Paediatric Drops,Treatment of Common cold,
Seradic-MR Tablet,Treatment of Pain due to muscle spasm,
Seroflo 500 Rotacap,Treatment of Chronic obstructive pulmonary disease (COPD),
Senzmox Eye Drop,Treatment of Bacterial eye infections,
Sotalar 40 Tablet, Arrhythmia,
SzHH Cream,Treatment of Fungal skin infectionsTreatment of Fungal infections,
Starpress R XL 25 Tablet, Hypertension (high blood pressure),
Saferet 10 Tablet,Treatment of Acne,
Sertaspor Cream,Treatment of Fungal skin infectionsTreatment of Fungal infections,
Supirocin Cream,Treatment of Bacterial skin infections,
Starpress XL 12.5 Tablet,Treatment of Hypertension (high blood pressure)Treatment of Angina (heart-related chest pain)Treatment of ArrhythmiaPrevention of Heart attackPrevention of Migraine,
Sistal Plus Tablet, Pain relief,
Synpirox Cream, Fungal skin infections Fungal nail infections,
Saptob Eye Drop,Treatment of Bacterial eye infections,
Swich O Tablet, Bacterial infections,
Sunapro Tablet,Treatment of Migraine,
Sonirab-DSR Capsule,Treatment of Gastroesophageal reflux disease (Acid reflux)Treatment of Peptic ulcer disease,
Supirocin-B Plus Ointment,Treatment of Bacterial skin infections,
Sofirash Cream, Sunburn,
Sifasi Aqua 5000IU Injection,Treatment of Female infertilityTreatment of Male hypogonadism,
Sifasi Aqua 5000IU Injection,Treatment of Female infertilityTreatment of Male hypogonadism,
S Citadep 10 Tablet,Treatment of DepressionTreatment of Anxiety disorderTreatment of Panic disorder,
Stonil Oral Solution,Treatment of Kidney stone,
Samlokind-AT Tablet,Treatment of Hypertension (high blood pressure),
Synaps-NT Tablet,Treatment of Neuropathic pain,
Spiromont-F Tablet,Treatment of Sneezing and runny nose due to allergies,
Somazina Plus 400 Tablet, Stroke,
Statpure 20 Tablet,Treatment of High cholesterol Prevention of heart attack and stroke,
Swiftolac Syrup,Treatment of ConstipationTreatment of Hepatic encephalopathy,
Softee Cream,Treatment of Anal fissure,
Stator CV 10mg/75mg Capsule, Heart attack prevention and high cholesterol,
Sysnit-SR Tablet,Treatment of Bacterial infections of urinary tract,
Smartinor CR 10mg Tablet,Treatment of Heavy menstrual bleedingTreatment of Pain during menstruationTreatment of EndometriosisTreatment of Premenstrual syndrome (PMS),
Sebumclear N Gel,Treatment of Acne,
Sucralcoat Ano Rectal Cream,Treatment of Piles,
Spurge Tablet,Treatment of Abdominal pain,
Sertima 50 Tablet,Treatment of DepressionTreatment of Post traumatic stress disorderTreatment of Obsessive-compulsive disorderTreatment of Panic disorderTreatment of Premenstrual dysphoric disorderTreatment of AnxietyTreatment of Premenstrual syndrome (PMS),
Starcad-Beta 25 Tablet ER,Treatment of Hypertension (high blood pressure)Treatment of Angina (heart-related chest pain)Treatment of ArrhythmiaPrevention of Heart attackPrevention of StrokePrevention of Migraine,
Stanhist 10 Tablet,Treatment of Allergic conditions,
Spasmonil Drop,Improving Abdominal painTreatment of Irritable bowel syndrome,
Safexim 200 Tablet DT,Treatment of Bacterial infections,
Skintop Cream,Treatment of Skin infections,
Silybon Suspension, Chronic liver disease Liver cirrhosis,
Serlift 100 Tablet,Treatment of DepressionTreatment of Post traumatic stress disorderTreatment of Obsessive-compulsive disorderTreatment of Panic disorderTreatment of Premenstrual dysphoric disorderTreatment of AnxietyTreatment of Premenstrual syndrome (PMS),
Semi Amaryl M Tablet PR,Treatment of Type 2 diabetes mellitus,
Synaptol 50 Tablet, Muscle relaxation,
Safeova Tablet,Treatment of Female infertility,
Symbiotik XL 625 Tablet,Treatment of Bacterial infections,
Scabiped Lotion, Scabies,
Serax D Tablet, Pain relief,
Seretide 50mcg/500mcg Accuhaler,Treatment of Chronic obstructive pulmonary disease (COPD),
Salazar DS Tablet,Treatment of Rheumatoid arthritisTreatment of Ulcerative colitisTreatment of Crohn’s diseaseTreatment of Ankylosing spondylitisTreatment of Psoriatic arthritis,
Sclerifuma 240 Capsule DR, Multiple sclerosis (MS),
Smartilon 30 Tablet, Contraception,
Silodal-D4 Tablet Combipack, Benign prostatic hyperplasia,
Symbicort 320mcg/9mcg Turbuhaler,Treatment of Chronic obstructive pulmonary disease (COPD),
Sufrate TP Ointment, Bacterial skin infections,
Storvas EZ 10 Tablet, High cholesterol,
Storax 500 Tablet,Treatment of StrokeTreatment of Head injuryTreatment of Alzheimer's diseaseTreatment of Dementia in Parkinson's disease,
Soltus 100 Tablet, Schizophrenia,
Siromus 1mg Tablet, Prevention of kidney transplant rejection,
Silagra 100mg Tablet,Treatment of Erectile dysfunction,
Senseit Gel, Neuropathic pain,
Sporidex Redimix Oral Suspension,Treatment of Bacterial infections,
Sensiclav 375 Tablet,Treatment of Bacterial infections,
Stimufol 2.5mg Tablet,Treatment of Breast cancerTreatment of Infertility due to anovulation,
Somagesic Forte Tablet, Pain relief,
Sympta 20 Tablet,Treatment of DepressionTreatment of Anxiety disorderTreatment of Diabetic nerve painTreatment of FibromyalgiaTreatment of Neuropathic painTreatment of Stress urinary incontinence,
Sonaxa NT 75mg/10mg Tablet,Treatment of Neuropathic pain,
Septasteril Tablet,Treatment of Chronic kidney disease,
Spasmopriv 100mg Capsule, Pain due to smooth muscle spasm,
Strozina Plus Tablet, Stroke,
Sucral Tablet,Treatment of Intestinal ulcersTreatment of Stomach ulcers,
Skinn-C Soap, Skin infectionsTreatment of Mouth infection,
Sizopin 200 Tablet, Schizophrenia,
Solvin LS Syrup,Treatment of Cough with mucus,
Safediclo 20mg/100mg Capsule SR, Pain relief,
Switglim-M 2/500 Tablet PR,Treatment of Type 2 diabetes mellitus,
Soliact 10 Tablet,Treatment of Overactive bladder (OAB) symptoms,
Synaptol SR 300 Tablet, Muscle relaxation,
Superia Tablet,Treatment of Gastroesophageal reflux disease (Acid reflux)Treatment of Peptic ulcer diseaseTreatment of Zollinger-Ellison syndrome,
Switglim MV 2/0.3 Tablet ER,Treatment of Type 2 diabetes mellitus,
Storvas 5 Tablet, High cholesterolPrevention of Heart attack,
Suppol Child 170mg Suppository, Pain reliefTreatment of Fever,
Superia L Capsule SR,Treatment of Gastroesophageal reflux disease (Acid reflux)Treatment of Intestinal ulcersTreatment of Irritable bowel syndrome,
Seroflo 125 Synchrobreathe,Treatment of Chronic obstructive pulmonary disease (COPD),
SII TD-Vac Vaccine, Tetanus Diphtheria,
Starpress R XL 50 Tablet, Hypertension (high blood pressure),
Silverkind Nanofine Gel,Prevention of Infections,
Sporidex 125 Tablet DT,Treatment of Bacterial infections,
Spafast D 2mg/37.5mg Injection, Pain due to muscle spasm,
Starvog 0.3 Tablet MD,Treatment of Type 2 diabetes mellitus,
Stalopam 20 Tablet,Treatment of DepressionTreatment of Anxiety disorderTreatment of Panic disorder,
Salbair-I 100mcg/40mcg Transcaps,Treatment of Chronic obstructive pulmonary disease (COPD),
Sucral Kid Oral Suspension,Treatment of Intestinal ulcersTreatment of Stomach ulcers,
Swich XP 1000mg Injection, Bacterial infections,
Scabelice Lotion, Scabies,
Sildoo 4 Capsule,Treatment of Benign prostatic hyperplasia,
Supacef 750mg Injection,Treatment of Bacterial infections,
Stozic 50 Tablet,Treatment of Intermittent claudication,
Sequadra Inhaler, Chronic obstructive pulmonary disease (COPD),
Spirodin-AX Tablet, Chronic obstructive pulmonary disease (COPD),
Smarti Tablet, Allergic conditions,
Sofinox Cream, Bacterial skin infections,
Sofinox Cream, Bacterial skin infections,
Strone SR 200 Tablet, Hormone replacement therapyTreatment of Female infertility,
Sertee 50 Tablet,Treatment of DepressionTreatment of Post traumatic stress disorderTreatment of Obsessive-compulsive disorderTreatment of Panic disorderTreatment of Premenstrual dysphoric disorderTreatment of AnxietyTreatment of Premenstrual syndrome (PMS),
Starpress T 25-XL Tablet,Treatment of Hypertension (high blood pressure),
Salbetol 2 Tablet,Treatment of Chronic obstructive pulmonary disease (COPD)Treatment and prevention of Asthma,
Sporidex Redimix Suspension,Treatment of Bacterial infections,
Safecet 10 Tablet,Treatment of Allergic conditions,
Sprintas 100mg Capsule, Prevention of organ rejection in transplant patients Rheumatoid arthritis PsoriasisPrevention of graft rejection following Bone marrow transplantationTreatment of Nephrotic syndrome,
Salbair I Neb 0.63mg Transpules 2.5ml,Treatment of Chronic obstructive pulmonary disease (COPD),
Stugil D Tablet,Treatment of Vertigo,
Seacure -SR 200 Tablet, Hormone replacement therapyTreatment of Female infertility,
Synaptol 100 Tablet, Muscle relaxation,
Sicriptin 1.25 Tablet, High levels of prolactin Female infertility Acromegaly,
Seretide 250 Evohaler,Treatment of Chronic obstructive pulmonary disease (COPD),
Sugamet MC 500 Tablet SR,Treatment of Type 2 diabetes mellitus,
Synclar Paediatric Dry Syrup Banana,Treatment of Bacterial infections,
Synobrim-T Eye Drops,Treatment of Ocular hypertensionTreatment of Glaucoma,
Spenzo Depot 40 Injection, Schizophrenia Depression Bipolar disorder,
Selzic 300 Tablet, Epilepsy/Seizures,
Syncapone 50 Tablet, Parkinson's disease,
Symbal 40 Tablet,Treatment of DepressionTreatment of Anxiety disorderTreatment of Diabetic nerve painTreatment of FibromyalgiaTreatment of Neuropathic painTreatment of Stress urinary incontinence,
Seriva Cream,Treatment of Fungal skin infectionsTreatment of Fungal infections,
Sibofix 200 Tablet,Treatment of Infectious diarrhea,
Sotret 30mg Capsule,Treatment of Acne,
Syncapone 150 Tablet, Parkinson's disease,
Seacure SR 300 Tablet, Hormone replacement therapyTreatment of Female infertility,
Sertima 100 Tablet,Treatment of DepressionTreatment of Post traumatic stress disorderTreatment of Obsessive-compulsive disorderTreatment of Panic disorderTreatment of Premenstrual dysphoric disorderTreatment of AnxietyTreatment of Premenstrual syndrome (PMS),
Starpress-AM XL 25 Tablet,Treatment of Hypertension (high blood pressure),
Sclerifuma 120 Capsule DR, Multiple sclerosis (MS),
Sentidor Gel, Neuropathic pain,
Serutan 212.5mg Tablet,Treatment of Pancreatic enzyme deficiency,
Simvotin 10 Tablet, High cholesterol Prevention of heart attack and stroke,
Sorifix Solo Ointment, Psoriasis,
Sporidex Redimix Drop Orange,Treatment of Bacterial infections,
Solikem 5 Tablet,Treatment of Overactive bladder (OAB) symptoms,
Spiroflut Nasal Spray,Treatment of Sneezing and runny nose due to allergies,
Sizodon MD 1 Tablet,Treatment of SchizophreniaTreatment of Mania,
Sterio 4mg Tablet,Treatment of Rheumatic disorderTreatment of Systemic lupus erythematosus (SLE)Treatment of Allergic conditionsTreatment of Eye disordersTreatment of Skin disorders,
Strocit Injection,Treatment of StrokeTreatment of Head injuryTreatment of Alzheimer's diseaseTreatment of Dementia in Parkinson's disease,
Salbair 100mcg Transcaps, Chronic obstructive pulmonary disease (COPD)Treatment of Asthma,
Soha Liquigel,Treatment of Dry eyes,
Sepgard Solution, Bleeding,
Somazina 500mg Tablet,Treatment of StrokeTreatment of Head injuryTreatment of Alzheimer's diseaseTreatment of Dementia in Parkinson's disease,
Sertagress 50mg Tablet,Treatment of DepressionTreatment of Post traumatic stress disorderTreatment of Obsessive-compulsive disorderTreatment of Panic disorderTreatment of Premenstrual dysphoric disorderTreatment of AnxietyTreatment of Premenstrual syndrome (PMS),
Sandimmun Neoral 50mg Soft Gelatin Capsule, Prevention of organ rejection in transplant patients Rheumatoid arthritis PsoriasisPrevention of graft rejection following Bone marrow transplantationTreatment of Nephrotic syndrome,
Sizon 5 Tablet,Treatment of Allergic conditions,
Sodicarb Tablet,Treatment of IndigestionTreatment of Alkalinizing agentTreatment of Metabolic acidosis,
Supermet-AM Tablet PR,Treatment of Hypertension (high blood pressure),
Solian 100mg Tablet, Schizophrenia,
Spiroflut A Nasal Spray, Sneezing and runny nose due to allergies,
Step-UP Oral Drops,Treatment of Allergic conditions Appetite stimulant,
Seroflo 50 Inhaler,Treatment of Chronic obstructive pulmonary disease (COPD),
Setrabet 2% Cream,Treatment of Fungal skin infectionsTreatment of Fungal infections,
S-Methiwave 200 Tablet,Treatment of Liver  disease,
Skizoril 100mg Tablet, Schizophrenia,
Scaboma Lotion, Scabies,
S-Celepra 5 Tablet,Treatment of DepressionTreatment of Anxiety disorderTreatment of Panic disorder,
Sudin D Syrup, Dry cough,
Subsyde-CR Capsule, Pain relief,
Solvin Decongestant Syrup Sugar Free,Treatment of Common cold,
Seloken XL 100mg Tablet,Treatment of Hypertension (high blood pressure)Treatment of Angina (heart-related chest pain)Treatment of ArrhythmiaPrevention of Heart attackPrevention of Migraine,
Spiromont-F 180 Tablet,Treatment of Sneezing and runny nose due to allergies,
Sizodon 4 Tablet,Treatment of SchizophreniaTreatment of Mania,
Salobet Ointment,Treatment of EczemaTreatment of Psoriasis,
Synoflex Tablet, Osteoarthritis,
Suminat 100 Tablet, Acute migraine headache,
Sertagress 25mg Tablet,Treatment of DepressionTreatment of Post traumatic stress disorderTreatment of Obsessive-compulsive disorderTreatment of Panic disorderTreatment of Premenstrual dysphoric disorderTreatment of AnxietyTreatment of Premenstrual syndrome (PMS),
Surfaz-O Tablet,Treatment of Fungal infections,
Sentim-SF Toothpaste,Treatment of HypersensitivityTreatment of Inflammation of gumsTreatment of Dental cavities,
Saferet 20 Tablet,Treatment of Acne,
Starcad-Beta 50 Tablet ER,Treatment of Hypertension (high blood pressure)Treatment of Angina (heart-related chest pain)Treatment of ArrhythmiaPrevention of Heart attackPrevention of StrokePrevention of Migraine,
Strone AQ Injection, Hormone replacement therapy Female infertility,
Sifasi 10000IU Injection,Treatment of Female infertilityTreatment of Male hypogonadism,
Scalnex CT Lotion,Treatment of Fungal skin infections,
Strocit Oral Drops,Treatment of StrokeTreatment of Head injuryTreatment of Alzheimer's diseaseTreatment of Dementia in Parkinson's disease,
S-Amlosafe 2.5 Tablet,Treatment of Hypertension (high blood pressure)Prevention of Angina (heart-related chest pain)Prevention of Heart attackPrevention of Stroke,
Salbair-B Transhaler, Asthma,
Salobet Ointment,Treatment of EczemaTreatment of Psoriasis,
Sartel AM 80 Tablet,Treatment of Hypertension (high blood pressure),
Skizoril 50mg Tablet, Schizophrenia,
Sartel 80 Tablet,Treatment of Hypertension (high blood pressure) Prevention of heart attack and strokeTreatment of Heart failure,
Skizoril 25mg Tablet, Schizophrenia,
Suprox Tablet,Treatment of Premature LaborTreatment of Peripheral vascular disease,
Soltus 200 Tablet, Schizophrenia,
Symbal 60 Tablet,Treatment of DepressionTreatment of Anxiety disorderTreatment of Diabetic nerve painTreatment of FibromyalgiaTreatment of Neuropathic painTreatment of Stress urinary incontinence,
Sulpitac 300 Tablet, Schizophrenia,
Sizon Forte Tablet,Treatment of Allergic conditions,
Sertaspor Cream,Treatment of Fungal skin infectionsTreatment of Fungal infections,
Surfaz Topical Solution,Treatment of Fungal skin infections,
Silotrif-D 8 Capsule Combipack,Treatment of Benign prostatic hyperplasia,
S-Amlosafe 5 Tablet,Treatment of Hypertension (high blood pressure)Prevention of Angina (heart-related chest pain)Prevention of Heart attackPrevention of Stroke,
Silverstream Liquid,Prevention of Infections,
Strone SR 300 Tablet, Hormone replacement therapyTreatment of Female infertility,
SLC Face Wash, Acne,
Strone 100 Capsule, Hormone replacement therapyTreatment of Female infertility,
Silotime 4 Capsule,Treatment of Benign prostatic hyperplasia,
Solet Tablet, Arrhythmia,
Suppol Baby 80mg Suppository, Pain reliefTreatment of Fever,
Sucrapen-O Suspension,Treatment of AcidityTreatment of HeartburnTreatment of Stomach ulcers,
Salbair I Neb 1.25 Transpules 2.5ml,Treatment of Chronic obstructive pulmonary disease (COPD),
Sibastin Tablet, Allergic conditions,
Sertima 25mg Tablet,Treatment of DepressionTreatment of Post traumatic stress disorderTreatment of Obsessive-compulsive disorderTreatment of Panic disorderTreatment of Premenstrual dysphoric disorderTreatment of AnxietyTreatment of Premenstrual syndrome (PMS),
Salista C Ointment,Treatment of EczemaTreatment of Psoriasis,
Sunheal Pure Cream, Sunburn,
Stator 80 Tablet, High cholesterolPrevention of Heart attack,
S Citadep 5 Tablet,Treatment of DepressionTreatment of Anxiety disorderTreatment of Panic disorder,
Steri Mouth Wash,Treatment of Inflammation of gums,
Stamlo-T 80 Tablet,Treatment of Hypertension (high blood pressure),
Sternon-S Ointment, Eczema Psoriasis,
Sino Nasal Spray,Treatment of Sneezing and runny nose due to allergies,
Sulpitac 400 Tablet, Schizophrenia,
Spenzo 3 Tablet, Schizophrenia Depression Bipolar disorder,
Sulbacef 1000mg/500mg Injection,Treatment of Bacterial infections,
Starvog 0.2 Tablet MD,Treatment of Type 2 diabetes mellitus,
Septiace Ointment, Bacterial skin infections,
Sermind 50 Tablet,Treatment of DepressionTreatment of Post traumatic stress disorderTreatment of Obsessive-compulsive disorderTreatment of Panic disorderTreatment of Premenstrual dysphoric disorderTreatment of AnxietyTreatment of Premenstrual syndrome (PMS),
Suncros Soft 2% Cream, Sunburn,
Shaltop A Solution, Hair loss,
Spirodin-M Tablet SR,Treatment and prevention of Asthma,
Soltus OD 100 Tablet SR, Schizophrenia,
Sucramal Suspension,Treatment of Intestinal ulcersTreatment of Stomach ulcers,
Sucralrose Suspension Orange Sugar Free,Treatment of AcidityTreatment of HeartburnTreatment of Stomach ulcers,
Sertin 50 Tablet,Treatment of DepressionTreatment of Post traumatic stress disorderTreatment of Obsessive-compulsive disorderTreatment of Panic disorderTreatment of Premenstrual dysphoric disorderTreatment of AnxietyTreatment of Premenstrual syndrome (PMS),
Synpirox Vaginal Cream, Fungal infections of vagina,
Seleno Gel,Treatment of Mouth ulcers,
Sonirab 20 Tablet,Treatment of Gastroesophageal reflux disease (Acid reflux)Treatment of Peptic ulcer diseaseTreatment of Zollinger-Ellison syndrome,
Stancort 40mg Injection,Treatment of Rheumatoid arthritisTreatment of Osteoarthritis,
Salisia KT Soap, Fungal skin infections,
Solian 200mg Tablet, Schizophrenia,
Scabiped Lotion, Scabies,
Sustameto 50 Tablet ER,Treatment of Hypertension (high blood pressure)Treatment of Angina (heart-related chest pain)Treatment of ArrhythmiaPrevention of Heart attackPrevention of Migraine,
Sucral Povi Ointment, Wound infection,
Serocit 46.7% Injection, Respiratory tract disorders associated with viscid mucus,
Spiromont-A Tablet,Treatment and prevention of Chronic obstructive pulmonary disease (COPD)Treatment of Sneezing and runny nose due to allergies,
Sonaxa 75 Capsule,Treatment of Neuropathic painTreatment of Epilepsy/SeizuresTreatment of Fibromyalgia,
Strolin P 400 Tablet, Stroke,
Sizodon 3 Tablet,Treatment of SchizophreniaTreatment of Mania,
Sertaspor Cream,Treatment of Fungal skin infectionsTreatment of Fungal infections,
Spiromont-FA Tablet SR, Asthma,
Salicure Ointment, Acne,
Skizoril 200 Tablet, Schizophrenia,
Starcad-T 50 Tablet ER,Treatment of Hypertension (high blood pressure),
Starpress-H 50 XL Tablet, Hypertension (high blood pressure),
Scaboma Soap, Scabies,
Statix 20 Tablet, High cholesterolPrevention of Heart attack,
S-Amcard 5 Tablet,Treatment of Hypertension (high blood pressure)Prevention of Angina (heart-related chest pain)Prevention of Heart attackPrevention of Stroke,
Seretide 50mcg/250mcg Accuhaler,Treatment of Chronic obstructive pulmonary disease (COPD),
Somazina P Tablet, Stroke,
Simvotin 40 Tablet, High cholesterol Prevention of heart attack and stroke,
Sulpitac OD 200mg Tablet, Schizophrenia,
Syra Softgel Capsule,Treatment of Fibrocystic Breast Disease,
Sonirab-D Tablet,Treatment of Gastroesophageal reflux disease (Acid reflux)Treatment of Peptic ulcer disease,
Soltus OD 300mg Tablet, Schizophrenia,
Sucralcoat O Suspension,Treatment of AcidityTreatment of HeartburnTreatment of Stomach ulcers,
Singulair 4mg Chewable Tablet,Treatment of Sneezing and runny nose due to allergies,
Supermet XL 100 Tablet,Treatment of Hypertension (high blood pressure)Treatment of Angina (heart-related chest pain)Treatment of ArrhythmiaPrevention of Heart attackPrevention of Migraine,
Suxinate Tablet,Treatment of Nausea and vomiting in pregnancy,
Sugamet MC 1000 Tablet PR,Treatment of Type 2 diabetes mellitus,
Sildaprep Tablet,Treatment of Erectile dysfunction,
Salitol Tablet,Treatment of Dry mouth,
Selzic-OD 600mg Tablet ER, Epilepsy/Seizures,
Seizgard 100 Tablet, Epilepsy/Seizures,
Supiroban 2% Ointment,Treatment of Bacterial skin infections,
Soltus 400 Tablet, Schizophrenia,
Sefdin Dry Syrup,Treatment of Bacterial infections,
Samliza 12 Tablet,Treatment of Inflammatory conditionsTreatment of Autoimmune conditionsTreatment of Cancer,
Sepomax 500 Tablet,Treatment of Bacterial infections,
S R T 100mg Tablet,Treatment of DepressionTreatment of Post traumatic stress disorderTreatment of Obsessive-compulsive disorderTreatment of Panic disorderTreatment of Premenstrual dysphoric disorderTreatment of AnxietyTreatment of Premenstrual syndrome (PMS),
Sufrate Ssd Cream,Treatment of Burns,
Sorest 100 Tablet, Depression Obsessive-compulsive disorder,
Starvog GM 1 Tablet SR,Treatment of Type 2 diabetes mellitus,
S Citadep 20 Tablet,Treatment of DepressionTreatment of Anxiety disorderTreatment of Panic disorder,
Stonark 5% Solution,Treatment of Hair loss,
Strolin P 800 Tablet, Stroke,
Soltus 300 Tablet, Schizophrenia,
Solprate CR 500 Tablet, Epilepsy,
Solprate CR 500 Tablet, Epilepsy,
Sucrazide MF Forte Tablet SR,Treatment of Type 2 diabetes mellitus,
Sercos-VT Tablet, Fungal infections of vaginaTreatment of Fungal infections,
StayHappi Chlorzoxazone+Diclofenac+Paracetamol 500mg/50mg/325mg Tablet,Treatment of Pain due to muscle spasm,
Salbair-B Forte 200mcg/200mcg Transcaps,Treatment of Asthma,
S-Amlong 2.5 Tablet,Treatment of Hypertension (high blood pressure)Prevention of Angina (heart-related chest pain),
Strafos Cream, Fungal nail infections,
Sugest 200 Soft Gelatin Capsule, Hormone replacement therapyTreatment of Female infertility,
Stanza 20 Tablet, Angioedema,
Solian 400mg Tablet, Schizophrenia,
Sebotar-S Soap, Psoriasis,
Soralen Forte 25mg Tablet, Vitiligo Psoriasis,
Salbair-B 100mcg/100mcg Transcaps,Treatment of Asthma,
Seraclin-AD Gel,Treatment of Acne,
Soronil 0.005% Ointment, Psoriasis,
Swelinex Gel, Pain relief,
Sefcold Tablet,Treatment of Common cold,
Saliderm CL Face Wash, Acne,
Saliderm CL Face Wash, Acne,
Scino 5 Solution,Treatment of Hair loss,
SGK Cream, Fungal skin infections,
Stonil Oral Solution Mixed fruit flavour Sugar Free,Treatment of Kidney stone,
Selzic 450mg Tablet, Epilepsy/Seizures,
Seizgard 50 Tablet, Epilepsy/Seizures,
Scaby Lotion, Scabies,
Skitofine 250 Tablet, Fungal infections,
Skizoril MD 50 Tablet, Schizophrenia,
Sertacide Cream,Treatment of Fungal skin infectionsTreatment of Fungal infections,
Sucrazide MF 80mg/500mg Tablet SR,Treatment of Type 2 diabetes mellitus,
SII-Onco-BCG Injection,Treatment of Early-stage bladder cancer,
Systroin 20 Capsule,Treatment of Acne,
Simvofix 10mg Tablet, High cholesterol Prevention of heart attack and stroke,
Sarpot AM Tablet, Hypertension (high blood pressure),
Superfen Gel, Pain relief,
Susten 100 Injection, Hormone replacement therapy Female infertility,
Sebandro Soap, Fungal skin infections,
Statin R 20 Tablet,Treatment of High cholesterol Prevention of heart attack and stroke,
Salen Capsule, Vitiligo Psoriasis,
Simlup 20mg Tablet, High cholesterol Prevention of heart attack and stroke,
Stonark-5 AX Solution, Hair loss,
Seboret-Plus Gel,Treatment of Acne,
Sulpitac OD 100mg Tablet, Schizophrenia,
Steadpan-DSR Capsule,Treatment of Gastroesophageal reflux disease (Acid reflux)Treatment of Peptic ulcer disease,
Simvotin 5 Tablet, High cholesterol Prevention of heart attack and stroke,
Sertin 100 Tablet,Treatment of DepressionTreatment of Post traumatic stress disorderTreatment of Obsessive-compulsive disorderTreatment of Panic disorderTreatment of Premenstrual dysphoric disorderTreatment of AnxietyTreatment of Premenstrual syndrome (PMS),
Seriva 2% Lotion,Treatment of Fungal skin infectionsTreatment of Fungal infections,
Selzic -OD 150mg Tablet ER, Epilepsy/Seizures,
Salizer Lotion,Treatment of EczemaTreatment of Psoriasis,
Snigzole D 30mg/40mg Capsule,Treatment of Gastroesophageal reflux disease (Acid reflux)Treatment of Peptic ulcer disease,
Seroflo Ecopack 125 Inhaler,Treatment of Chronic obstructive pulmonary disease (COPD),
Sure Rab Vaccine, Prevention of Rabies,
Stamace Capsule, Hypertension (high blood pressure),
Scabiped 2%/0.5% Lotion, Scabies,
Supraglip Tablet,Treatment of Type 2 diabetes mellitus,
Silverstream Liquid,Prevention of Infections,
SFZ DS Tablet,Treatment of Rheumatoid arthritisTreatment of Ulcerative colitisTreatment of Crohn’s diseaseTreatment of Ankylosing spondylitisTreatment of Psoriatic arthritis,
Switglim-M 3mg/500mg Tablet PR,Treatment of Type 2 diabetes mellitus,
Supraglip-M Tablet SR,Treatment of Type 2 diabetes mellitus,
Satasun Cream,Treatment of Fungal skin infectionsTreatment of Fungal infections,
Seizgard 200mg Tablet, Epilepsy/Seizures,
Seizgard 200mg Tablet, Epilepsy/Seizures,
Sertawar Cream,Treatment of Fungal skin infectionsTreatment of Fungal infections,
Sercos Cream,Treatment of Fungal skin infectionsTreatment of Fungal infections,
Solotrate 30mg Tablet SR,Prevention of Angina (heart-related chest pain),
Sertavin Cream,Treatment of Fungal skin infectionsTreatment of Fungal infections,
Sertiva Tablet,Treatment of Neuropathic pain,
Supranerv-P Tablet SR,Treatment of Neuropathic pain,
StayHappi Diclofenac+Paracetamol 50mg/325mg Tablet, Pain relief,
S-Amopress 5mg Tablet,Treatment of Hypertension (high blood pressure)Prevention of Angina (heart-related chest pain)Prevention of Heart attackPrevention of Stroke,
Steno Cream,Treatment of Fungal skin infectionsTreatment of Fungal infections,
Scodia SR 500 Tablet,Treatment of Type 2 diabetes mellitus,
Scabcare Lotion, Scabies,
Scabcare Lotion, Scabies,
Sernext 25 Tablet,Treatment of DepressionTreatment of Post traumatic stress disorderTreatment of Obsessive-compulsive disorderTreatment of Panic disorderTreatment of Premenstrual dysphoric disorderTreatment of AnxietyTreatment of Premenstrual syndrome (PMS),
Tabi Tablet, Prostate cancer,
Taxim-O 200 Tablet,Treatment of Bacterial infections,
T-Bact 2% Ointment,Treatment of Bacterial skin infections,
Thrombophob Ointment,Treatment of Thrombophlebitis,
Toba Eye Drop,Treatment of Bacterial eye infections,
Tryptomer 10mg Tablet,Treatment of Depression Neuropathic painTreatment of Migraine,
Telma 40 Tablet,Treatment of Hypertension (high blood pressure) Prevention of heart attack and strokeTreatment of Heart failure,
Tretin 0.025% Cream,Treatment of Acne Acute promyelocytic leukaemia,
Tabi Tablet, Prostate cancer,
Trenaxa 500 Tablet,Treatment of Bleeding,
Terbinaforce-Plus NF Cream,Treatment of Skin infections,
Thrombophob Gel,Treatment of Thrombophlebitis,
Telma H Tablet,Treatment of Hypertension (high blood pressure),
Telma-AM Tablet,Treatment of Hypertension (high blood pressure),
Trajenta 5mg Tablet,Treatment of Type 2 diabetes mellitus,
Telmikind 40 Tablet,Treatment of Hypertension (high blood pressure) Prevention of heart attack and strokeTreatment of Heart failure,
TusQ-DX Liquid,Treatment of Dry cough,
Tear Drops,Treatment of Dry eyes,
Telmikind-AM Tablet,Treatment of Hypertension (high blood pressure),
Temoside 100 Capsule, Brain tumor,
Tobastar Eye/Ear Drops, Bacterial eye / ear infectionsTreatment of Bacterial eye infections,
Tenovate Cream,Treatment of Allergic skin conditions,
Taxim 1gm Injection,Treatment of Bacterial infections,
Tobacin Eye/Ear Drops, Bacterial eye / ear infectionsTreatment of Bacterial eye infections,
Trental 400 Tablet PR, Peripheral vascular disease Intermittent claudication,
Teczine Tablet,Treatment of Allergic conditions,
Telekast-L Tablet,Treatment of Sneezing and runny nose due to allergiesTreatment of Hay feverTreatment of Allergic skin conditions,
Toba F Eye Drop,Treatment of Bacterial eye infections,
Terbinaforce Tablet, Fungal infections,
Tretin 0.05% Cream,Treatment of Acne Acute promyelocytic leukaemia,
Trapic MF Tablet,Treatment of Heavy menstrual bleedingTreatment of Menstrual pain,
Tazloc 40 Tablet,Treatment of Hypertension (high blood pressure) Prevention of heart attack and strokeTreatment of Heart failure,
Telma 20 Tablet,Treatment of Hypertension (high blood pressure) Prevention of heart attack and strokeTreatment of Heart failure,
Telmikind-H Tablet,Treatment of Hypertension (high blood pressure),
Terifrac Injection, Osteoporosis,
Telvas 3D Tablet, Hypertension (high blood pressure),
Tryptomer 25mg Tablet,Treatment of Depression Neuropathic painTreatment of Migraine,
Thyronorm 50mcg Tablet,Treatment of Hypothyroidism,
Tonact-TG Tablet,Treatment of High cholesterolPrevention of Heart attack,
Tyrodin Cream, Melasma,
Tess Oral Paste,Treatment of Mouth ulcers,
Tolvat 15 Tablet,Treatment of Low levels of sodium in the blood,
Trenaxa MF Tablet,Treatment of Heavy menstrual bleedingTreatment of Menstrual pain,
Tegrital 200 Tablet, Epilepsy/Seizures Trigeminal neuralgia Diabetic nerve pain,
T-98 Paediatric Drops, Pain reliefTreatment of Fever,
Tide Plus 10 Tablet,Treatment of Edema,
Tonact 10 Tablet, High cholesterolPrevention of Heart attack,
Triglynase 2 Tablet SR,Treatment of Type 2 diabetes mellitus,
Terbinaforce Cream, Fungal skin infections,
Torex Cough Syrup, Cough,
Testoviron Depot 250 Injection,Treatment of Male hypogonadism,
Temoside 250 Capsule, Brain tumor,
Tugain 5% Solution,Treatment of Hair loss,
Taxim-O Drops,Treatment of Bacterial infections,
Topaz 25 Tablet, Epilepsy/SeizuresPrevention of Migraine Lennox–Gastaut syndrome,
Tacroz Forte Ointment,Treatment of Atopic dermatitis,
Trenaxa Injection 5ml,Treatment of Bleeding,
Triluma Cream, Melasma,
Thiamin Injection, Nutritional deficiencies,
Texakind-MF Tablet,Treatment of Heavy menstrual bleedingTreatment of Menstrual pain,
Tofe Tablet, Rheumatoid arthritis,
Targocid 400mg Injection, Severe bacterial infections,
Trapic 500mg Tablet,Treatment of Bleeding,
Telma-CT 40/6.25 Tablet, Hypertension (high blood pressure),
Telvas H 40/12.5 Tablet,Treatment of Hypertension (high blood pressure),
Tazzle 10 Tablet,Treatment of Erectile dysfunctionTreatment of Pulmonary arterial hypertension (PAH),
Telmikind-AMH Tablet, Hypertension (high blood pressure),
Telma-AM H 40 Tablet, Hypertension (high blood pressure),
Trinerve LC Tablet,Treatment of Nutritional deficiencies,
Tamdura Capsule PR,Treatment of Benign prostatic hyperplasia,
Tazar 4.5g Injection, Bacterial infections,
Topisal 6% Ointment,Treatment of EczemaTreatment of Psoriasis,
Tazloc-AM Tablet,Treatment of Hypertension (high blood pressure),
Tiniba 500 Tablet, Bacterial infections Parasitic infections,
Tenovate-M Cream,Treatment of Skin infections,
Tadaflo 5 Tablet,Treatment of Erectile dysfunction,
Teczine 10 Tablet,Treatment of Allergic conditions,
Testosterone Undecanoate 40mg Capsule,Treatment of Male hypogonadism,
Tizan 2 Tablet, Muscle relaxation,
Tolperitas-D Tablet, Pain due to muscle spasm,
T-Bact 2% Ointment,Treatment of Bacterial skin infections,
TusQ-DX SF Syrup,Treatment of Dry cough,
Tobastar F Eye Drop,Treatment of Bacterial eye infections,
Trinicalm Plus Tablet, Schizophrenia,
Tamodex 20mg Tablet, Breast cancer,
Tonact 40 Tablet, High cholesterolPrevention of Heart attack,
Tricaine Mps Gel Cardamom Sugar Free,Treatment of AcidityTreatment of Stomach ulcersTreatment of Bloating,
Tide 10 Tablet,Treatment of Hypertension (high blood pressure)Treatment of Edema,
Thyronorm 75mcg Tablet,Treatment of Hypothyroidism,
Tacroz Ointment,Treatment of Atopic dermatitis,
Tolperitas 150 Tablet, Muscle relaxation,
Tresiba 100IU/ml Flextouch,Treatment of Diabetes,
Turbocort Oromucosal Paste,Treatment of Mouth ulcers,
Topamac 25mg Tablet, Epilepsy/SeizuresPrevention of Migraine Lennox–Gastaut syndrome,
Tazloc Trio 40 Tablet, Hypertension (high blood pressure),
Telmikind-CT 40 Tablet, Hypertension (high blood pressure),
Torglip M 50/500 Tablet,Treatment of Type 2 diabetes mellitus,
Taxim-O DT 100 Tablet,Treatment of Bacterial infections,
Tazloc-Beta 25 Tablet PR,Treatment of Hypertension (high blood pressure),
Texakind 500mg Tablet,Treatment of Bleeding,
Trajenta Duo 2.5mg/500mg Tablet,Treatment of Type 2 diabetes mellitus,
Telvas-CT 40 Tablet, Hypertension (high blood pressure),
Tretiva 20 Capsule,Treatment of Acne,
Tinnex Capsule, Tinnitus (ringing in the ears)Treatment of Abdominal pain,
Tiova Inhaler,Treatment of Chronic obstructive pulmonary disease (COPD),
Taxim-O CV 200 Tablet,Treatment of Bacterial infections,
T-Minic Syrup Orange,Treatment of Common cold,
Tenovate Ointment,Treatment of Allergic skin conditions,
Terbinaforce 500 Tablet, Fungal infections,
Toujeo 300 U/mL Solostar, Diabetes,
Tazloc-Beta 50 Tablet PR,Treatment of Hypertension (high blood pressure),
Tricort 40 Injection,Treatment of Rheumatoid arthritisTreatment of Osteoarthritis,
Tazomac 4.5gm Injection, Bacterial infections,
Tolpa D Tablet, Pain relief,
Thyronorm 12.5mcg Tablet,Treatment of Hypothyroidism,
Telma-LN 40 Tablet,Treatment of Hypertension (high blood pressure),
Tazloc-CT 40 Tablet, Hypertension (high blood pressure),
Tripride 2 Tablet SR,Treatment of Type 2 diabetes mellitus,
Telma-CT 40/12.5 Tablet, Hypertension (high blood pressure),
Tidilan 10 Tablet,Treatment of Premature LaborTreatment of Peripheral vascular disease,
Telmikind-Trio 6.25 Tablet, Hypertension (high blood pressure),
Telvas Beta 50 Tablet ER,Treatment of Hypertension (high blood pressure),
Telmikind Beta 50 Tablet ER,Treatment of Hypertension (high blood pressure),
Tazzle 5 Tablet,Treatment of Erectile dysfunction,
Tonact-ASP 75 Capsule,Treatment of Prevention of heart attack and stroke,
Tranostat Tablet,Treatment of Bleeding,
Taxim-O 400 Tablet,Treatment of Bacterial infections,
Theo-Asthalin Tablet,Treatment of Asthma,
Telmikind Beta 40mg/25mg Tablet ER,Treatment of Hypertension (high blood pressure),
Tonact 20 Tablet, High cholesterolPrevention of Heart attack,
Telma-Beta 25 Tablet ER,Treatment of Hypertension (high blood pressure),
Topcef 200 Tablet DT,Treatment of Bacterial infections,
Trigabantin 100 Tablet, Neuropathic pain,
Telista 40 Tablet,Treatment of Hypertension (high blood pressure) Prevention of heart attack and strokeTreatment of Heart failure,
Telvas Beta 25 Tablet ER,Treatment of Hypertension (high blood pressure),
Topifort-NX Topical Suspension,Treatment of Skin infections,
Tenvir Tablet,Treatment of Chronic hepatitis B virus (HBV) infection,
Topcid 40 Tablet,Treatment of Gastroesophageal reflux disease (Acid reflux)Treatment of Peptic ulcer diseaseTreatment of Heartburn,
Telmikind 20 Tablet,Treatment of Hypertension (high blood pressure) Prevention of heart attack and strokeTreatment of Heart failure,
Trapic E Tablet, Heavy menstrual bleeding,
Triolmezest 40 Tablet, Hypertension (high blood pressure),
Telma-Beta 50 Tablet ER,Treatment of Hypertension (high blood pressure),
Tadacip 20 Tablet,Treatment of Erectile dysfunctionTreatment of Pulmonary arterial hypertension (PAH),
Tresiba 100 Units/ml Penfill,Treatment of Diabetes,
Typbar TCV Vaccine,Prevention of Typhoid fever,
Topisal 6% Lotion,Treatment of EczemaTreatment of Psoriasis,
Tinnicar Capsule, Tinnitus (ringing in the ears)Treatment of Abdominal pain,
Tusq-D Cough Lozenges Orange, Dry cough,
Thyronorm 62.5mcg Tablet,Treatment of Hypothyroidism,
Tadact 10 Tablet,Treatment of Erectile dysfunctionTreatment of Pulmonary arterial hypertension (PAH),
T-Minic Oral Drops Orange,Treatment of Common cold,
Telma 40 Tablet,Treatment of Hypertension (high blood pressure) Prevention of heart attack and strokeTreatment of Heart failure,
Telsar 40 Tablet,Treatment of Hypertension (high blood pressure) Prevention of heart attack and strokeTreatment of Heart failure,
Tellzy 40 Tablet,Treatment of Hypertension (high blood pressure) Prevention of heart attack and strokeTreatment of Heart failure,
Telekast 10 Tablet,Prevention of Asthma,
Topisal 3% Lotion,Treatment of EczemaTreatment of Psoriasis,
Tropicacyl Plus Eye Drops, Eye examination,
Trigan D Tablet,Treatment of Abdominal pain,
Tazloc 20 Tablet,Treatment of Hypertension (high blood pressure) Prevention of heart attack and strokeTreatment of Heart failure,
Teniva-M Tablet ER,Treatment of Type 2 diabetes mellitus,
Tobaflam Eye Drop,Treatment of Eye infection with inflammation,
Travatan Ophthalmic Solution,Treatment of GlaucomaTreatment of Ocular hypertension,
Telma 80 Tablet,Treatment of Hypertension (high blood pressure) Prevention of heart attack and strokeTreatment of Heart failure,
Thyrox 12.5 Tablet,Treatment of Hypothyroidism,
Topaz 50 Tablet, Epilepsy/SeizuresPrevention of Migraine Lennox–Gastaut syndrome,
Tenlimac Tablet,Treatment of Type 2 diabetes mellitus,
Topinate Cream,Treatment of Allergic skin conditions,
Triglynase 1 Tablet SR,Treatment of Type 2 diabetes mellitus,
Triglimiprex 2 Tablet SR,Treatment of Type 2 diabetes mellitus,
Topirol 25 Tablet, Epilepsy/SeizuresPrevention of Migraine Lennox–Gastaut syndrome,
Teczine Syrup,Treatment of Allergic conditions,
Taxim 500mg Injection,Treatment of Bacterial infections,
Tretiva 10 Capsule,Treatment of Acne,
Topisal 3% Ointment,Treatment of EczemaTreatment of Psoriasis,
Tusq-X Plus Expectorant,Treatment of Cough with mucus,
Telekast-L Kid Syrup,Treatment of Sneezing and runny nose due to allergiesTreatment of Hay feverTreatment of Allergic skin conditions,
Tazloc-H Tablet,Treatment of Hypertension (high blood pressure),
Tapease NS Nasal Spray, Moderate to severe pain,
Thyronorm 37.5mcg Tablet,Treatment of Hypothyroidism,
Tazret Gel, Psoriasis Acne,
Temsan 40 Tablet,Treatment of Hypertension (high blood pressure) Prevention of heart attack and strokeTreatment of Heart failure,
Terbest Cream, Fungal skin infections,
Telsartan 40 Tablet,Treatment of Hypertension (high blood pressure) Prevention of heart attack and strokeTreatment of Heart failure,
Tropan 5 Tablet,Treatment of Overactive bladder (OAB) symptoms,
Telekast A Tablet PR,Treatment and prevention of Chronic obstructive pulmonary disease (COPD)Treatment of Sneezing and runny nose due to allergies,
Tear Drops Gel,Treatment of Dry eyes,
Tricium PTH Injection, Osteoporosis,
Tears Naturale Forte Ophthalmic Solution,Treatment of Dry eyes,
Torplat 90 Tablet, Prevention of heart attack and stroke,
Telvas-LN 40 Tablet,Treatment of Hypertension (high blood pressure),
Triquilar Kit, Contraception,
Telma 80-H Tablet,Treatment of Hypertension (high blood pressure),
Tide 5 Tablet,Treatment of Hypertension (high blood pressure)Treatment of Edema,
Tossex DMR Syrup Kiwi Sugar Free,Treatment of Dry cough,
Tolifast 150 Tablet, Muscle relaxation,
Tidilan Retard Tablet SR,Treatment of Premature LaborTreatment of Peripheral vascular disease,
Teczine M Tablet,Treatment of Sneezing and runny nose due to allergiesTreatment of Hay feverTreatment of Allergic skin conditions,
Tegrital CR 200 Divitabs, Epilepsy/Seizures Trigeminal neuralgia Diabetic nerve pain,
Tolagin 4 Tablet,Treatment of Muscular pain,
Torglip 50 Tablet,Treatment of Type 2 diabetes mellitus,
Tonact-TG 20 Tablet,Treatment of High cholesterolPrevention of Heart attack,
Tavera M Tablet,Treatment of Abdominal pain,
Torsid 10 Tablet,Treatment of Hypertension (high blood pressure)Treatment of Edema,
Topp 40 Tablet,Treatment of HeartburnTreatment of Gastroesophageal reflux disease (Acid reflux)Treatment of Peptic ulcer diseaseTreatment of Zollinger-Ellison syndrome,
Tropan 2.5 Tablet,Treatment of Overactive bladder (OAB) symptoms,
Tolkem-D 150mg/50mg Tablet, Pain due to muscle spasm,
Tenepride M  500 Tablet SR,Treatment of Type 2 diabetes mellitus,
Trazine-H Tablet, Schizophrenia,
Terbest Tablet, Fungal infections,
Torfix 400 Tablet,Treatment of Hepatic encephalopathyTreatment of Infectious diarrhea,
Tafnat Tablet, Chronic hepatitis B virus (HBV) infection,
Terbicip Cream, Fungal skin infections,
Tolperitas-SR 450 Tablet, Muscle relaxation,
Tranlok E 500mg/250mg Tablet, Heavy menstrual bleeding,
Tolifast D Tablet, Pain due to muscle spasm,
Telplus Tablet,Treatment of Hypertension (high blood pressure),
Tidomet Plus Tablet,Treatment of Parkinson's disease,
Tobox Eye Drop,Treatment of Bacterial eye infections,
Thyronorm 125mcg Tablet,Treatment of Hypothyroidism,
Tenoric 50 Tablet, Hypertension (high blood pressure),
Tugain 10% Solution,Treatment of Hair loss,
Trulicity 1.5mg Pre-Filled Pen,Treatment of Type 2 diabetes mellitus,
Ticavic 90 Tablet, Prevention of heart attack and stroke,
Trunex MS Aqueous Gel,Treatment of Acne Acute promyelocytic leukaemia,
Tenglyn M 500 Tablet SR,Treatment of Type 2 diabetes mellitus,
TD Pill Tablet,Treatment of Premature ejaculation,
Tacroz Forte Ointment,Treatment of Atopic dermatitis,
Tobamist Respules,Treatment and prevention of Lung infections in patients with cystic fibrosis,
Telista CL Tablet,Treatment of Hypertension (high blood pressure),
Tenovate GN Cream,Treatment of Bacterial skin infections,
Tuspel Plus Expectorant Strawberry, Cough,
Tolmove 150mg Tablet, Muscle relaxation,
Tribet 2 Tablet ER,Treatment of Type 2 diabetes mellitus,
Telista-CH 40 Tablet, Hypertension (high blood pressure),
Telma 80-AM Tablet,Treatment of Hypertension (high blood pressure),
Timolet Eye Drop, Glaucoma Ocular hypertension,
Trigabantin 300 Tablet, Neuropathic pain,
Tellzy-AM Tablet,Treatment of Hypertension (high blood pressure),
Trimop Forte Tablet, Vitiligo Psoriasis,
Telista-AM Tablet,Treatment of Hypertension (high blood pressure),
Tadact 20 Tablet,Treatment of Erectile dysfunctionTreatment of Pulmonary arterial hypertension (PAH),
Ticaspan Tablet, Prevention of heart attack and stroke,
T-98 Paediatric Suspension, Pain reliefTreatment of Fever,
Tsart 40 Tablet,Treatment of Hypertension (high blood pressure) Prevention of heart attack and strokeTreatment of Heart failure,
Tibrolin Tablet, Pain relief,
Tranostat-MF Tablet,Treatment of Heavy menstrual bleedingTreatment of Menstrual pain,
Telmikind-H 80 Tablet,Treatment of Hypertension (high blood pressure),
Telpres CT 40/6.25 Tablet, Hypertension (high blood pressure),
Trapic 650 Tablet,Treatment of Bleeding,
Triplixam 4mg/1.25mg/5mg Tablet, Hypertension (high blood pressure),
Torleva 500 Tablet,Treatment of Epilepsy/Seizures,
Tellzy-CH 40 Tablet, Hypertension (high blood pressure),
Tacmod Forte Ointment,Treatment of Atopic dermatitis,
Tacroz Forte XL Ointment,Treatment of Atopic dermatitis,
Tenepride 20 Tablet,Treatment of Type 2 diabetes mellitus,
Tamlocept 0.4 Capsule PR,Treatment of Benign prostatic hyperplasia,
Tinnitod 20mg Capsule, Tinnitus (ringing in the ears)Treatment of Abdominal pain,
Toff DC Syrup,Treatment of Dry cough,
Takfa Forte Ointment,Treatment of Atopic dermatitis,
Tiniba 300 Tablet, Bacterial infections Parasitic infections,
Tazzle 20 Tablet,Treatment of Erectile dysfunctionTreatment of Pulmonary arterial hypertension (PAH),
Tinzit Tablet, Cognitive enhancer,
Travacom Eye Drop,Treatment of GlaucomaTreatment of Ocular hypertension,
Topamac 50mg Tablet, Epilepsy/SeizuresPrevention of Migraine Lennox–Gastaut syndrome,
Takfresh Eye Drop,Treatment of Dry eyes,
Telista MT 50 Tablet SR,Treatment of Hypertension (high blood pressure),
Tolkem Tablet, Muscle relaxation,
Telmavas 40 Tablet,Treatment of Hypertension (high blood pressure) Prevention of heart attack and strokeTreatment of Heart failure,
Teneliglip 20 Tablet,Treatment of Type 2 diabetes mellitus,
Tenefit-M Tablet SR,Treatment of Type 2 diabetes mellitus,
Tenglyn Tablet,Treatment of Type 2 diabetes mellitus,
Trimacsart Tablet, Hypertension (high blood pressure),
Terol LA 2 Capsule ER,Treatment of Overactive bladder (OAB) symptoms,
Telsar Beta 25 Tablet ER,Treatment of Hypertension (high blood pressure),
Telmiride 40 Tablet,Treatment of Hypertension (high blood pressure) Prevention of heart attack and strokeTreatment of Heart failure,
Triopil 2 Tablet SR,Treatment of Type 2 diabetes mellitus,
Tiova Rotacap,Treatment of Chronic obstructive pulmonary disease (COPD),
Telpres CT 40/12.5 Tablet, Hypertension (high blood pressure),
Toplap Gel, Local anesthesia (Numb tissues in a specific area),
Tugain 2% Solution,Treatment of Hair loss,
Ticstop Tablet,Treatment of chorea (a movement disorder) associated with Huntington's disease,
Telmed 40 Tablet,Treatment of Hypertension (high blood pressure) Prevention of heart attack and strokeTreatment of Heart failure,
Tamlocept-D Capsule PR,Treatment of Benign prostatic hyperplasia,
Thyronorm 88mcg Tablet,Treatment of Hypothyroidism,
Tronin 0.05% Cream,Treatment of Acne Acute promyelocytic leukaemia,
Triben B Cream,Treatment of Fungal skin infections,
Tecum 0.1% Ointment,Treatment of Atopic dermatitis,
Tenefit 20 Tablet,Treatment of Type 2 diabetes mellitus,
Tegrital 100 Chewable Tablet, Epilepsy/Seizures Trigeminal neuralgia Diabetic nerve pain,
Tricort Tablet,Treatment of Rheumatoid arthritisTreatment of Osteoarthritis,
Trivedon MR Tablet,Treatment of Angina (heart-related chest pain),
Telista-H Tablet,Treatment of Hypertension (high blood pressure),
Thromboscar Gel, Burns,
Tretin-Iso 20 Capsule,Treatment of Acne,
T-98 DS Suspension, Pain reliefTreatment of Fever,
Telmiduce 40mg Tablet,Treatment of Hypertension (high blood pressure) Prevention of heart attack and strokeTreatment of Heart failure,
Topisal 3% Lotion,Treatment of EczemaTreatment of Psoriasis,
Torex Junior Syrup,Treatment of Dry cough,
Triglynase 2 Forte Tablet SR,Treatment of Type 2 diabetes mellitus,
Terbest Cream, Fungal skin infections,
Triben- B Lotion,Treatment of Fungal skin infections,
Torsid 5 Tablet,Treatment of Hypertension (high blood pressure)Treatment of Edema,
Telsartan-AM Tablet,Treatment of Hypertension (high blood pressure),
Telvas 3D 80 Tablet, Hypertension (high blood pressure),
Toff DC Tablet,Treatment of Dry cough,
Telsar Beta 50 Tablet ER,Treatment of Hypertension (high blood pressure),
Temsan-H Tablet,Treatment of Hypertension (high blood pressure),
Tah 40 Tablet, Hypertension (high blood pressure),
Tebokan Forte Tablet, Pain relief,
Tenacid MF Tablet,Treatment of Heavy menstrual bleedingTreatment of Menstrual pain,
Tripride 1 Tablet SR,Treatment of Type 2 diabetes mellitus,
Ticagat Tablet, Prevention of heart attack and stroke,
Triolmezest Tablet, Hypertension (high blood pressure),
Trazonil 50 Tablet, Depression,
Tyza M Gel,Treatment of Fungal skin infections,
Thyronorm 150mcg Tablet,Treatment of Hypothyroidism,
Tazloc Trio 80 Tablet, Hypertension (high blood pressure),
Talimus Ointment,Treatment of Atopic dermatitis,
Trioflam Tablet, Pain relief,
Tadaza 10mg/30mg Tablet,Treatment of Premature ejaculation,
Thalix 50 Capsule, Multiple myeloma Lepra reaction,
Tazloc-CT 6.25 Tablet, Hypertension (high blood pressure),
Triplent 10mg Tablet,Treatment of Depression Neuropathic painTreatment of Migraine,
Trfy 250 Tablet, Fungal infections,
Thichoren AC 4 Tablet,Treatment of Pain due to muscle spasm,
Tsart Trio 12.5 Tablet, Hypertension (high blood pressure),
Tyza Cream, Fungal skin infections,
Telma 20 Tablet,Treatment of Hypertension (high blood pressure) Prevention of heart attack and strokeTreatment of Heart failure,
Tazret Forte Cream, Psoriasis Acne,
Taximax 1500 mg Injection,Treatment of Bacterial infections,
Tritelsar 40 Tablet, Hypertension (high blood pressure),
Telmikind CT 40mg/6.25mg Tablet, Hypertension (high blood pressure),
Terbest 500 Tablet, Fungal infections,
Trinicalm Forte Tablet, Schizophrenia,
Triben Plus Cream,Treatment of Skin infections,
Tegrital CR 300 Divitabs, Epilepsy/Seizures Trigeminal neuralgia Diabetic nerve pain,
Tocin Eye Drop,Treatment of Bacterial eye infections,
Topcid 20 Tablet,Treatment of Gastroesophageal reflux disease (Acid reflux)Treatment of Peptic ulcer diseaseTreatment of Heartburn,
Tsart Trio 6.25 Tablet, Hypertension (high blood pressure),
Tetglob 500IU Injection,Prevention of Tetanus,
Telsar A Tablet,Treatment of Hypertension (high blood pressure),
Tiare 90mg Tablet, Prevention of heart attack and stroke,
Tasulin 0.4 Tablet PR,Treatment of Benign prostatic hyperplasia,
Tamodex 10mg Tablet, Breast cancer,
Telmiduce AM 40mg/5mg Tablet,Treatment of Hypertension (high blood pressure),
Topnac P Tablet, Pain relief,
Takfa Ointment,Treatment of Atopic dermatitis,
Trajenta Duo 2.5mg/1000mg Tablet,Treatment of Type 2 diabetes mellitus,
Telrose Tablet, High blood pressure with high cholesterol,
Tusq-D Cough Lozenges Sugar Free, Dry cough,
Taxim-O Forte Dry Syrup,Treatment of Bacterial infections,
Tenepla Tablet,Treatment of Type 2 diabetes mellitus,
Tibrolin D  Tablet, Pain relief,
Testoviron Depot 100 Injection,Treatment of Male hypogonadism,
Thioford AP Tablet,Treatment of Muscular pain,
Trimegavog 2 Tablet SR,Treatment of Type 2 diabetes mellitus,
Torglip M 50/1000 Tablet,Treatment of Type 2 diabetes mellitus,
Telvas H 80/12.5 Tablet,Treatment of Hypertension (high blood pressure),
Telmikind 80 Tablet,Treatment of Hypertension (high blood pressure) Prevention of heart attack and strokeTreatment of Heart failure,
Tribet 1 Tablet ER,Treatment of Type 2 diabetes mellitus,
Thalix 100 Capsule, Multiple myeloma Lepra reaction,
Trivoglitor 2 Tablet SR,Treatment of Type 2 diabetes mellitus,
Telmed AM Tablet,Treatment of Hypertension (high blood pressure),
Thyrox 125 Tablet,Treatment of Hypothyroidism,
Triglimiprex 1 Tablet SR,Treatment of Type 2 diabetes mellitus,
Telista MT 25 Tablet SR,Treatment of Hypertension (high blood pressure),
Twinkle Cream,Treatment of Melasma,
Topirol 50 Tablet, Epilepsy/SeizuresPrevention of Migraine Lennox–Gastaut syndrome,
Torvate Chrono 500 Tablet CR, Epilepsy,
Tbis 0.1% Ointment,Treatment of Atopic dermatitis,
T Glip-M 500 Tablet ER,Treatment of Type 2 diabetes mellitus,
Telekast-L Kid Tablet,Treatment of Sneezing and runny nose due to allergiesTreatment of Hay feverTreatment of Allergic skin conditions,
Telpres 40 Tablet,Treatment of Hypertension (high blood pressure) Prevention of heart attack and strokeTreatment of Heart failure,
Tovaxo Eye Drop BAK Free,Treatment of GlaucomaTreatment of Ocular hypertension,
Triptolol 10mg/40mg Tablet, Migraine,
Tropicacyl Eye Drop, Eye examination Uveitis,
Taxim-O CV Dry Syrup,Treatment of Bacterial infections,
Tyrodin Tablet,Treatment of Bleeding,
Torsinex Plus Tablet,Treatment of Edema,
Telsar H Tablet,Treatment of Hypertension (high blood pressure),
Turbovas-F Tablet,Treatment of High cholesterolPrevention of Heart attack,
Tenvir-EM Tablet, HIV infection,
Telma-CT 80/12.5 Tablet, Hypertension (high blood pressure),
Tiate Transhaler,Treatment of Chronic obstructive pulmonary disease (COPD),
Tamflo DFZ Capsule PR,Treatment of Kidney stone,
Tenohep AF Tablet, Chronic hepatitis B virus (HBV) infection,
Tenoric 25 Tablet, Hypertension (high blood pressure),
Tantum Oral rinse, Pain relief,
Thrize DS Tablet, Pain relief,
Topinate Gel,Treatment of Allergic skin conditions,
Tonact EZ Tablet, High cholesterol,
Tranlok-M Tablet,Treatment of Heavy menstrual bleedingTreatment of Menstrual pain,
Tigemac 90 Tablet, Prevention of heart attack and stroke,
Telkonol AM 40mg/5mg Tablet,Treatment of Hypertension (high blood pressure),
Telmiride AM Tablet,Treatment of Hypertension (high blood pressure),
Tolkem SR 450 Tablet, Muscle relaxation,
Terbitotal Tablet, Fungal infections,
Trivoglitor Forte 2 Tablet SR,Treatment of Type 2 diabetes mellitus,
Telsartan Trio Tablet, Hypertension (high blood pressure),
Targocid 200mg Injection, Severe bacterial infections,
Tropan XL 5 Tablet,Treatment of Overactive bladder (OAB) symptoms,
Toplap Gel, Local anesthesia (Numb tissues in a specific area),
Tazloc-CT 80 Tablet, Hypertension (high blood pressure),
Teneblu Tablet,Treatment of Type 2 diabetes mellitus,
Tosti Oral Gel,Treatment of Rheumatoid arthritisTreatment of Osteoarthritis,
Taxim 250mg Injection,Treatment of Bacterial infections,
Terabet-GM Skin Cream,Treatment of Skin infections,
Telista 20 Tablet,Treatment of Hypertension (high blood pressure) Prevention of heart attack and strokeTreatment of Heart failure,
Telsartan-H Tablet,Treatment of Hypertension (high blood pressure),
Trazonil 25 Tablet, Depression,
Tynept Tablet, Depression,
Telma-AM H 80 Tablet, Hypertension (high blood pressure),
Triohale Inhaler, Chronic obstructive pulmonary disease (COPD),
Telma-AM Tablet,Treatment of Hypertension (high blood pressure),
Triglycomet Tablet SR,Treatment of Type 2 diabetes mellitus,
Telvas-AM 80/5 Tablet,Treatment of Hypertension (high blood pressure),
Thrize Tablet, Pain relief,
Thrize Plus Tablet, Pain relief,
Tronin MS Gel,Treatment of Acne Acute promyelocytic leukaemia,
Telmed Beta 50 Tablet,Treatment of Hypertension (high blood pressure),
Tacroz Ointment,Treatment of Atopic dermatitis,
Telvas-CT 80 Tablet, Hypertension (high blood pressure),
Trulicity 0.75mg Pre-Filled Pen,Treatment of Type 2 diabetes mellitus,
Telpres LN 40 Tablet,Treatment of Hypertension (high blood pressure),
T-Stat 500 Tablet,Treatment of Bleeding,
Tacvido Forte Cream,Treatment of Atopic dermatitis,
Tretin-Iso 10 Capsule,Treatment of Acne,
Theo-Asthalin Forte Tablet,Treatment of Asthma,
Topp D Capsule,Treatment of Gastroesophageal reflux disease (Acid reflux)Treatment of Peptic ulcer disease,
Trfy Cream, Fungal skin infections,
Triactin 4 Tablet,Treatment of Muscular pain,
Tenepla M 500mg/20mg Tablet SR,Treatment of Type 2 diabetes mellitus,
Tazloc 80 Tablet,Treatment of Hypertension (high blood pressure) Prevention of heart attack and strokeTreatment of Heart failure,
Thyrox 150 Tablet,Treatment of Hypothyroidism,
Telma-NB Tablet, Hypertension (high blood pressure),
Topnac-TH Tablet,Treatment of Pain due to muscle spasm,
Triolmighty 40 Tablet, Hypertension (high blood pressure),
Tryptomer G 100 mg/10 mg Tablet, Neuropathic pain,
Tazloc-AM 80 Tablet,Treatment of Hypertension (high blood pressure),
Tinfal Plus Solution, Hair loss,
TG Goal 145 Tablet,Treatment of High cholesterolPrevention of Heart attack,
Triolmezest CH 40 Tablet, Hypertension (high blood pressure),
Takchlor-C Eye Ointment,Treatment of Bacterial eye infections,
Tamsin 0.4mg Tablet PR,Treatment of Benign prostatic hyperplasia,
Telsartan 20 Tablet,Treatment of Hypertension (high blood pressure) Prevention of heart attack and strokeTreatment of Heart failure,
Tenormin 50 Tablet,Treatment of Hypertension (high blood pressure)Treatment of Angina (heart-related chest pain)Treatment of ArrhythmiaPrevention of Heart attack,
Telday 40 Tablet,Treatment of Hypertension (high blood pressure) Prevention of heart attack and strokeTreatment of Heart failure,
Tolaz DT 5 Tablet,Treatment of SchizophreniaTreatment of Mania,
Tyrodin -FSR Tablet,Treatment of Bleeding,
Tocin-F Eye Drop,Treatment of Bacterial eye infections,
Telkonol  40mg Tablet,Treatment of Hypertension (high blood pressure) Prevention of heart attack and strokeTreatment of Heart failure,
Torbulk Powder,Treatment of Constipation,
Thyrox 88 Tablet,Treatment of Hypothyroidism,
Telsar 20 Tablet,Treatment of Hypertension (high blood pressure) Prevention of heart attack and strokeTreatment of Heart failure,
Tendolife Capsule, Arthralgia (joint pain),
Tegrital 400 Tablet, Epilepsy/Seizures Trigeminal neuralgia Diabetic nerve pain,
Torget 10 Tablet,Treatment of Hypertension (high blood pressure)Treatment of Edema,
Tretiva 5 Capsule,Treatment of Acne,
Tel-Revelol 40/50 Tablet ER,Treatment of Hypertension (high blood pressure),
Typbar Vaccine,Prevention of Typhoid fever,
Tegrital CR 400 Divitabs, Epilepsy/Seizures Trigeminal neuralgia Diabetic nerve pain,
TOR 10 Tablet,Treatment of Hypertension (high blood pressure)Treatment of Edema,
Tellzy-MT 50 Tablet ER,Treatment of Hypertension (high blood pressure),
Tranostat Injection,Treatment of Bleeding,
Tentide AF 25mg Tablet, Chronic hepatitis B virus (HBV) infection,
Tadaflo 20mg Tablet,Treatment of Erectile dysfunctionTreatment of Pulmonary arterial hypertension (PAH),
Topcort Cream,Treatment of Skin conditions with inflammation & itching,
Tellzy-MT 25 Tablet ER,Treatment of Hypertension (high blood pressure),
Thyronorm 112mcg Tablet,Treatment of Hypothyroidism,
Telmed Beta 25 Tablet ER,Treatment of Hypertension (high blood pressure),
Torkast-FX Tablet,Treatment of Sneezing and runny nose due to allergies,
Terbinaforce-M Cream,Treatment of Fungal skin infections,
Telma-CT 80/6.25 Tablet, Hypertension (high blood pressure),
Telmavas-AM Tablet,Treatment of Hypertension (high blood pressure),
Torfix Tablet,Treatment of Infectious diarrhea,
Telmiride Amh Tablet, Hypertension (high blood pressure),
Trioday Tablet,Treatment of HIV infection,
Torvason 10 Tablet, High cholesterolPrevention of Heart attack,
Telista-D Tablet SR, Hypertension (high blood pressure),
Theo Tears 0.18% Eye Drop,Treatment of Dry eyes,
Trazine-S Tablet, Schizophrenia,
Tellzy-H Tablet,Treatment of Hypertension (high blood pressure),
Tidilan 20 Tablet,Treatment of Premature LaborTreatment of Peripheral vascular disease,
Telmiget 40mg Tablet,Treatment of Hypertension (high blood pressure) Prevention of heart attack and strokeTreatment of Heart failure,
Texid Tablet,Treatment of Bleeding,
Tamsin D Tablet PR,Treatment of Benign prostatic hyperplasia,
Tobaren Eye/Ear Drops, Bacterial eye / ear infectionsTreatment of Bacterial eye infections,
Tenolol 50 Tablet,Treatment of Hypertension (high blood pressure)Treatment of Angina (heart-related chest pain)Treatment of ArrhythmiaPrevention of Heart attack,
Thiox OD 8 Capsule SR,Treatment of Pain due to muscle spasm,
Telpres CT 80 Tablet, Hypertension (high blood pressure),
Telvas CT LS Tablet, Hypertension (high blood pressure),
Trump D Syrup,Treatment of Dry cough,
Telma-D Tablet SR, Hypertension (high blood pressure),
Tocin Eye Ointment,Treatment of Bacterial eye infections,
Tolagin 8 Tablet,Treatment of Muscular pain,
Teczine CP Tablet,Treatment of Allergic conditions,
Teneliglip-M 500 Tablet PR,Treatment of Type 2 diabetes mellitus,
Teniva-M Forte Tablet ER,Treatment of Type 2 diabetes mellitus,
Trofame XR Capsule,Treatment of Overactive bladder (OAB) symptoms,
Tolsama 15 Tablet,Treatment of Low levels of sodium in the blood,
TRAVO-Z Eye Drop,Treatment of GlaucomaTreatment of Ocular hypertension,
Tiomate Transhaler, Chronic obstructive pulmonary disease (COPD),
Telpres-MT 50 Tablet PR,Treatment of Hypertension (high blood pressure),
Troyace SP Tablet, Pain relief,
Taloprex 10 Tablet,Treatment of DepressionTreatment of Anxiety disorderTreatment of Panic disorder,
Tenormin 25 Tablet,Treatment of Hypertension (high blood pressure)Treatment of Angina (heart-related chest pain)Treatment of ArrhythmiaPrevention of Heart attack,
Tide 20 Tablet,Treatment of Hypertension (high blood pressure)Treatment of Edema,
Torvate 500 Tablet CR, Epilepsy/SeizuresPrevention of Migraine Bipolar disorder,
Trazalon 50 Tablet, Depression,
Thyrox 62.5mcg Tablet,Treatment of Hypothyroidism,
Tenohep Tablet,Treatment of Chronic hepatitis B virus (HBV) infection,
Torsinex 10 Tablet,Treatment of Hypertension (high blood pressure)Treatment of Edema,
Tripin OM 40 Tablet, Hypertension (high blood pressure),
Tranlok 500 Tablet,Treatment of Bleeding,
Teleact 40 Tablet,Treatment of Hypertension (high blood pressure) Prevention of heart attack and strokeTreatment of Heart failure,
Tenefit-M Forte Tablet SR,Treatment of Type 2 diabetes mellitus,
Topisal 6% Lotion,Treatment of EczemaTreatment of Psoriasis,
Timolet OD BKC free Eye Drop, Glaucoma Ocular hypertension,
Tolmove 450mg Tablet SR, Muscle relaxation,
Telmaxx 25 Tablet ER,Treatment of Hypertension (high blood pressure),
Tenolol 25 Tablet,Treatment of Hypertension (high blood pressure)Treatment of Angina (heart-related chest pain)Treatment of ArrhythmiaPrevention of Heart attack,
Tricinod 10/12.5 Tablet, Hypertension (high blood pressure),
Tacroz Forte Solution,Treatment of Atopic dermatitis,
Telsartan-CT 40 Tablet, Hypertension (high blood pressure),
Tolvasca 15 Tablet,Treatment of Low levels of sodium in the blood,
Tacvido Forte Oral Gel,Treatment of Oral lichen planus,
Torvate Chrono 300 Tablet CR, Epilepsy,
Tacroren 1 Capsule, Prevention of organ rejection in transplant patients,
Topaz 100 Tablet, Epilepsy/SeizuresPrevention of Migraine Lennox–Gastaut syndrome,
Tsart-AM Tablet,Treatment of Hypertension (high blood pressure),
Temsan-AM Tablet,Treatment of Hypertension (high blood pressure),
Thrombotroy QPS Solution,Prevention of Blood clots,
Tyza Dusting Powder, Fungal skin infections,
Teniva 20 Tablet,Treatment of Type 2 diabetes mellitus,
Terbinaforce Dusting Powder, Fungal skin infections,
Tenlison-M 500 Tablet ER,Treatment of Type 2 diabetes mellitus,
Tetan 40 Tablet,Treatment of Hypertension (high blood pressure) Prevention of heart attack and strokeTreatment of Heart failure,
Triben AD Anti-Dandruff Lotion,Treatment of Fungal skin infectionsTreatment of Dandruff,
Tellzy 20 Tablet,Treatment of Hypertension (high blood pressure) Prevention of heart attack and strokeTreatment of Heart failure,
Tretiva 30 Capsule,Treatment of Acne,
Tryptomer 50mg Tablet,Treatment of Depression Neuropathic painTreatment of Migraine,
Telmiduce H 40mg/12.5mg Tablet,Treatment of Hypertension (high blood pressure),
Traxol S 1000 mg/500 mg Injection, Bacterial infections,
Tacrotor 0.1% Ointment,Treatment of Atopic dermatitis,
Tenebite-M 20/500 Tablet SR,Treatment of Type 2 diabetes mellitus,
Telista-CH 40/6.25 Tablet, Hypertension (high blood pressure),
Teneblu-M Tablet PR,Treatment of Type 2 diabetes mellitus,
Toldin ER 600 Tablet, Pain relief,
Telmed H Tablet,Treatment of Hypertension (high blood pressure),
Tears Naturale II Lubricant Eye Drops,Treatment of Dry eyes,
Takfa 1 Capsule, Prevention of organ rejection in transplant patients,
Temsan 20 Tablet,Treatment of Hypertension (high blood pressure) Prevention of heart attack and strokeTreatment of Heart failure,
TGR Tablet, High cholesterol,
Theolate 250mg/250mg Tablet, Heavy menstrual bleeding,
Tenali M 500 Tablet ER,Treatment of Type 2 diabetes mellitus,
Torfix 550 Tablet,Treatment of Hepatic encephalopathyTreatment of Infectious diarrhea,
Tazloc-H 80 Tablet,Treatment of Hypertension (high blood pressure),
Tenglyn M 1000 Tablet SR,Treatment of Type 2 diabetes mellitus,
Tgkem 50mg Injection, Severe bacterial infections,
Telmaxx 50 Tablet ER,Treatment of Hypertension (high blood pressure),
Tricaine Alma Gel Mango Sugar Free, Heartburn,
Tretwin Cream,Treatment of Acne Acute promyelocytic leukaemia,
Transfer 4000 Injection,Treatment of Anemia due to chronic kidney diseaseTreatment of Anemia due to cancer chemotherapy,
Telzox 40 Tablet,Treatment of Hypertension (high blood pressure) Prevention of heart attack and strokeTreatment of Heart failure,
Texid-MF Tablet,Treatment of Heavy menstrual bleedingTreatment of Menstrual pain,
Tresmox CV 500mg/125mg Tablet,Treatment of Bacterial infections,
Trivogo 2 Tablet SR,Treatment of Type 2 diabetes mellitus,
Ticarnic  3.1 Injection, Bacterial infections,
Terbitotal 500 Tablet, Fungal infections,
Twinblok Trio Tablet ER, Hypertension (high blood pressure),
Tumsup Drop,Treatment of Abdominal pain,
Triexer 2 Tablet ER,Treatment of Type 2 diabetes mellitus,
Tolaz DT 10 Tablet,Treatment of SchizophreniaTreatment of Mania,
T-Film 20mg Disintegrating Strip,Treatment of Erectile dysfunctionTreatment of Pulmonary arterial hypertension (PAH),
Texifen 250mg Tablet, Fungal infections,
Temsan-CT 40 Tablet, Hypertension (high blood pressure),
Tugain 5% Gel,Treatment of Hair loss,
Tachyra 100 Tablet,Treatment of Arrhythmia,
Talecalm Plus Tablet, Schizophrenia,
Trajenta Duo 2.5mg/850mg Tablet,Treatment of Type 2 diabetes mellitus,
Tecum 0.03% Ointment,Treatment of Atopic dermatitis,
Trexjoy Gel,Treatment of Psoriasis,
Tamgress 0.4 Tablet MR,Treatment of Benign prostatic hyperplasia,
Telekast 4 Chewable Tablet,Treatment of Sneezing and runny nose due to allergies,
Tacrotor 0.03% Ointment,Treatment of Atopic dermatitis,
Tonact 5 Tablet, High cholesterolPrevention of Heart attack,
Trimegavog 1 Tablet SR,Treatment of Type 2 diabetes mellitus,
Tacrograf 1 Capsule, Prevention of organ rejection in transplant patients,
Tolaz LA 405mg/vial Convenience Kit, SchizophreniaTreatment of Mania,
Torq SR 2 Capsule,Treatment of Overactive bladder (OAB) symptoms,
Tiate 18mcg Transcaps,Treatment of Chronic obstructive pulmonary disease (COPD),
Tryptomer G 300mg/10mg Tablet, Neuropathic pain,
Telmiride LN 10mg/40mg Tablet,Treatment of Hypertension (high blood pressure),
Telmikind CT 80mg/12.5mg Tablet, Hypertension (high blood pressure),
Tsart-M 40/50 Tablet ER,Treatment of Hypertension (high blood pressure),
Tresivac Vaccine, Prevention of Measles Prevention of Rubella Prevention of Mumps,
Tolpazen Tablet, Pain relief,
Telmed CT Tablet, Hypertension (high blood pressure),
Tetanus Vaccine Adsorbed 0.5ml,Prevention of Tetanus,
Tovaxo-T Eye Drop,Treatment of GlaucomaTreatment of Ocular hypertension,
Topnac 100mg Tablet, Pain relief,
Torget 5 Tablet,Treatment of Hypertension (high blood pressure)Treatment of Edema,
Tiban M 20/500mg Tablet ER,Treatment of Type 2 diabetes mellitus,
Trivoglitor 1 Tablet SR,Treatment of Type 2 diabetes mellitus,
Tobacin 80mg Injection,Treatment of Bacterial eye infections,
Tigatel 20 Tablet,Treatment of Hypertension (high blood pressure) Prevention of heart attack and strokeTreatment of Heart failure,
Tricinod 10/6.25 Tablet, Hypertension (high blood pressure),
Tadasure 10 Orally Disintegrating Strip,Treatment of Erectile dysfunctionTreatment of Pulmonary arterial hypertension (PAH),
Tendrone 1% Cream,Treatment of Eczema Severe allergic reactionsTreatment of Allergic conditionsTreatment of CancerTreatment of Skin disordersTreatment of Eye disorders,
Trulimax 500mg Tablet,Treatment of Bacterial infections,
Triolmighty 20 Tablet, Hypertension (high blood pressure),
Tacrocord 1mg Capsule, Prevention of organ rejection in transplant patients,
Tamgress-D Capsule PR,Treatment of Benign prostatic hyperplasia,
Thioact D 4 Capsule, Pain due to muscle spasm,
Torcilin 10 Tablet,Treatment of Hypertension (high blood pressure)Prevention of Angina (heart-related chest pain)Prevention of Heart attackPrevention of Stroke,
Tyza Cream, Fungal skin infections,
Tiomate Transcaps, Chronic obstructive pulmonary disease (COPD),
Troxip-OD Tablet PR, Stomach ulcers,
Telekast-Plus Tablet,Treatment of Asthma,
Tenoclor 50 Tablet, Hypertension (high blood pressure),
Thioril 10 Tablet, Schizophrenia,
Turbovas Gold 10 Capsule, Heart attack,
Torleva XR 500 Tablet,Treatment of Epilepsy/Seizures,
Trimium Transhaler, Chronic obstructive pulmonary disease (COPD),
Telmiduce 20mg Tablet,Treatment of Hypertension (high blood pressure) Prevention of heart attack and strokeTreatment of Heart failure,
Temsan-AM 5 Tablet,Treatment of Hypertension (high blood pressure),
Topinate Ointment,Treatment of Allergic skin conditions,
Telplus Trio 40mg/10mg/6.25mg Tablet, Hypertension (high blood pressure),
Triopil 1 Tablet SR,Treatment of Type 2 diabetes mellitus,
Tugain 5% Foam,Treatment of Hair loss,
Trancodol DT 5 Tablet, Schizophrenia,
Tebina Tablet, Fungal infections,
Triolmezest CH 20 Tablet, Hypertension (high blood pressure),
Tolvamac 15mg Tablet,Treatment of Low levels of sodium in the blood,
Telmikaa AMH Tablet, Hypertension (high blood pressure),
Telmed-AH Tablet, Hypertension (high blood pressure),
Thank OD Forte Tablet,Treatment of Piles,
Terbigen 250 Tablet, Fungal infections,
Topnac 200mg Tablet SR, Pain relief,
Tozam Tablet, Hypertension (high blood pressure),
Terphylate Syrup,Treatment of Cough with mucus,
Trueceprol OD Tablet SR, Osteoarthritis Rheumatoid arthritis,
Tegrital Suspension, Epilepsy/Seizures Trigeminal neuralgia Diabetic nerve pain,
Testoki Tablet,Treatment of Male hypogonadism,
Trend XR 500 Tablet,Treatment of Epilepsy/SeizuresTreatment of Bipolar disorderPrevention of Migraine,
Trivon Tablet, Depression,
Targit 40 Tablet,Treatment of Hypertension (high blood pressure) Prevention of heart attack and strokeTreatment of Heart failure,
Texifen Cream, Fungal skin infections,
Trazonil 100 Tablet, Depression,
Tolperitas-DSR Tablet, Pain due to muscle spasm,
Tonact D 10 Tablet, High cholesterol,
Teleact AM Tablet,Treatment of Hypertension (high blood pressure),
Tiban Tablet,Treatment of Type 2 diabetes mellitus,
Totalax NF Syrup, Constipation,
Trustiva Tablet, HIV infection,
Tezcort Cream,Treatment of Allergic skin conditions,
Tidomet LS Tablet,Treatment of Parkinson's disease,
Telmed 20 Tablet,Treatment of Hypertension (high blood pressure) Prevention of heart attack and strokeTreatment of Heart failure,
Tryptinol 25 Tablet,Treatment of Depression Neuropathic painTreatment of Migraine,
Tolmex 150mg Tablet, Muscle relaxation,
Terbicip Spray, Fungal skin infections,
Talsil Forte Suspension, Acidity Stomach ulcers,
Tromide Plus Eye Drop, Eye examination,
Tamsukem D 0.4mg/0.5mg Tablet,Treatment of Benign prostatic hyperplasia,
Triactin 8 Tablet,Treatment of Muscular pain,
Triobimet 1mg/500mg/15mg Tablet ER,Treatment of Type 2 diabetes mellitus,
Tolfree 150 Tablet, Muscle relaxation,
Telkonol M 40mg/25mg Tablet,Treatment of Hypertension (high blood pressure),
Tarry Shine Lotion,Treatment of Dandruff,
T-Muce Ointment,Treatment of Bacterial skin infections,
Trivastal LA Tablet SR, Parkinson's disease,
Tolvat 30 Tablet,Treatment of Low levels of sodium in the blood,
Tropin Paediatric Eye Drop,Treatment of Myopia,
Topamac 100mg Tablet, Epilepsy/SeizuresPrevention of Migraine Lennox–Gastaut syndrome,
Ticin Cream,Treatment of Bacterial infections,
Thycad 100mg Capsule, Multiple myeloma Lepra reaction,
Travosun Eye Drop,Treatment of GlaucomaTreatment of Ocular hypertension,
Trilopace Tablet, Hypertension (high blood pressure),
Trigem 2 Tablet SR,Treatment of Type 2 diabetes mellitus,
Tenali Tablet,Treatment of Type 2 diabetes mellitus,
Tiaprex 25 Tablet, Schizophrenia Mania,
Trineurosol HP 1000mcg Injection,Treatment of Nutritional deficiencies,
Tropac Eye Drop, Eye examination Uveitis,
Tsart 40 CT Tablet, Hypertension (high blood pressure),
Tadovas 20mg Tablet,Treatment of Erectile dysfunctionTreatment of Pulmonary arterial hypertension (PAH),
Torsid 20 Tablet,Treatment of Hypertension (high blood pressure)Treatment of Edema,
Tryptomer 75mg Tablet,Treatment of Depression Neuropathic painTreatment of Migraine,
Tsart-H Tablet,Treatment of Hypertension (high blood pressure),
Tasulin-D Tablet ER,Treatment of Benign prostatic hyperplasia,
Tilstigmin Tablet, Myasthenia gravis Paralytic ileus Post-operative urinary retention Reversal of effect of skeletal muscle relaxant  after surgery,
Tinilact-CL Softgels, Syndromic treatment of vaginal discharge,
Troxip Tablet, Stomach ulcers,
Telsar-LN 10 Tablet,Treatment of Hypertension (high blood pressure),
Telminorm AM 40/5 Tablet,Treatment of Hypertension (high blood pressure),
Trivoglitor Forte 1 Tablet SR,Treatment of Type 2 diabetes mellitus,
Tetan-AM Tablet,Treatment of Hypertension (high blood pressure),
Timol P Eye Drop, Glaucoma Ocular hypertension,
Tachyra 200 Tablet,Treatment of Arrhythmia,
Thioril 25 Tablet, Schizophrenia,
Torsid Plus 20/50 Tablet,Treatment of Edema,
Telista Trio CL 6.25 Tablet, Hypertension (high blood pressure),
Telsite 40mg Tablet,Treatment of Hypertension (high blood pressure) Prevention of heart attack and strokeTreatment of Heart failure,
Terozesta 2mg Tablet,Treatment of pelvic pain associated with Endometriosis,
Temsan 80 Tablet,Treatment of Hypertension (high blood pressure) Prevention of heart attack and strokeTreatment of Heart failure,
Torq SR 4 Capsule,Treatment of Overactive bladder (OAB) symptoms,
Torvate 300 Tablet CR, Epilepsy/SeizuresPrevention of Migraine Bipolar disorder,
Tozaar 50 Tablet,Treatment of Hypertension (high blood pressure)Treatment of Heart failure Prevention of heart attack and stroke,
Trancodol LA Injection, Schizophrenia,
Telista-CH 80 Tablet, Hypertension (high blood pressure),
Trimacontin 35 Tablet,Treatment of Angina (heart-related chest pain),
Trinerve NT Tablet,Treatment of Neuropathic pain,
Tebina Cream, Fungal skin infections,
Topex-DX Cough Syrup,Treatment of Dry cough,
T-Vobit VX2 Tablet SR,Treatment of Type 2 diabetes mellitus,
Tacvido Forte Ointment,Treatment of Atopic dermatitis,
TOR 20 Tablet,Treatment of Hypertension (high blood pressure)Treatment of Edema,
Tfil 10mg Tablet,Treatment of Erectile dysfunctionTreatment of Pulmonary arterial hypertension (PAH),
Topinate Solution,Treatment of Allergic skin conditions,
Torvate 200 Tablet CR, Epilepsy/SeizuresPrevention of Migraine Bipolar disorder,
Tenepla M 1000mg/20mg Tablet SR,Treatment of Type 2 diabetes mellitus,
Thioquest ET 4 Tablet,Treatment of Pain due to muscle spasm,
Teli 20 Tablet,Treatment of Hypertension (high blood pressure) Prevention of heart attack and strokeTreatment of Heart failure,
Tagon 20 Tablet,Treatment of Type 2 diabetes mellitus,
Terbicort-Total Cream, Dermatitis Fungal skin infections,
Tampil D 0.4mg/0.5mg Capsule PR,Treatment of Benign prostatic hyperplasia,
Twincal 10 Tablet,Treatment of Hypertension (high blood pressure)Prevention of Angina (heart-related chest pain)Prevention of Heart attackPrevention of Stroke,
Tiomist CFC Free 9mcg Inhaler,Treatment of Chronic obstructive pulmonary disease (COPD),
Tellzy Ach 40/5/6.25 Tablet, Hypertension (high blood pressure),
Tenolol 12.5 Tablet,Treatment of Hypertension (high blood pressure)Treatment of Angina (heart-related chest pain)Treatment of ArrhythmiaPrevention of Heart attack,
Telmital 40 Tablet,Treatment of Hypertension (high blood pressure) Prevention of heart attack and strokeTreatment of Heart failure,
Trimop Tablet, Vitiligo Psoriasis,
Trioptal 300 Tablet, Epilepsy/Seizures,
Tynept OD Tablet ER, Depression,
Torvigress 20 Tablet,Treatment of Hypertension (high blood pressure)Treatment of Edema,
Tuffclav LB Tablet,Treatment of Bacterial infections,
Travopure Eye Drop,Treatment of GlaucomaTreatment of Ocular hypertension,
Tricodex Syrup,Treatment of Cough,
Telista 80 Tablet,Treatment of Hypertension (high blood pressure) Prevention of heart attack and strokeTreatment of Heart failure,
Thyronorm 137mcg Tablet,Treatment of Hypothyroidism,
Trilosar 6.25 Tablet, Hypertension (high blood pressure),
Telmiride 20mg Tablet,Treatment of Hypertension (high blood pressure) Prevention of heart attack and strokeTreatment of Heart failure,
Teli CL  40 Tablet,Treatment of Hypertension (high blood pressure),
Trueceprol Capsule, Osteoarthritis Rheumatoid arthritis,
Temsan-80 H  Tablet,Treatment of Hypertension (high blood pressure),
Telekast 5 Chewable Tablet,Prevention of AsthmaTreatment of Sneezing and runny nose due to allergies,
Tufacne 20 Capsule,Treatment of Acne,
Tebina 500 Tablet, Fungal infections,
Tam Dart Tablet,Treatment of Benign prostatic hyperplasia,
Triolsar 40 Tablet, Hypertension (high blood pressure),
Telday 20 Tablet,Treatment of Hypertension (high blood pressure) Prevention of heart attack and strokeTreatment of Heart failure,
Torvason 20mg Tablet, High cholesterolPrevention of Heart attack,
Tenginow Tablet,Treatment of Type 2 diabetes mellitus,
Triluma RD Cream, Melasma,
Torleva 250 Tablet,Treatment of Epilepsy/Seizures,
Teleact D Tablet,Treatment of Hypertension (high blood pressure),
Tancet L Tablet,Treatment of Allergic conditions,
Tacromus 1 Capsule, Prevention of organ rejection in transplant patients,
Thyrox 200 Tablet,Treatment of Hypothyroidism,
Telvas-LN 80 Tablet,Treatment of Hypertension (high blood pressure),
Tusq-D Cough Lozenges Honey lemon, Dry cough,
Tamcontin 0.4 Tablet CR,Treatment of Benign prostatic hyperplasia,
Telsar 80 Tablet,Treatment of Hypertension (high blood pressure) Prevention of heart attack and strokeTreatment of Heart failure,
Tolaz LA 300mg/vial Convenience Kit, SchizophreniaTreatment of Mania,
Trimacontin 60 Tablet CR,Treatment of Angina (heart-related chest pain),
Tirofuse Injection,Prevention of Heart attack,
Ten20 Tablet,Treatment of Type 2 diabetes mellitus,
Tretiva 25 Capsule,Treatment of Acne,
Terefin Cream, Fungal skin infections,
Trigaine Solution, Hair loss,
Ticus 90 Tablet, Prevention of heart attack and stroke,
Tufacne 10 Capsule,Treatment of Acne,
Tellzy-CH 80 Tablet, Hypertension (high blood pressure),
Torplat 60 Tablet, Prevention of heart attack and stroke,
Tenof EM Tablet, HIV infection,
Tritelsar 80 Tablet, Hypertension (high blood pressure),
Torcilin-T Tablet,Treatment of Hypertension (high blood pressure),
Trend XR 250 Tablet,Treatment of Epilepsy/SeizuresTreatment of Bipolar disorderPrevention of Migraine,
Tossex XP Expectorant Mango,Treatment of Cough with mucus,
Teleact Trio Tablet, Hypertension (high blood pressure),
Terbiderm Cream, Fungal skin infections,
Tacmod Lotion,Treatment of Atopic dermatitis,
Tampil 0.4 Capsule PR,Treatment of Benign prostatic hyperplasia,
Trump A Syrup,Treatment of Cough with mucus,
Tri-Olmetor 40 Tablet, Hypertension (high blood pressure),
Tolby-DS Soft Gelatin Capsule, Pain relief,
Tidomet Forte Tablet,Treatment of Parkinson's disease,
Telmisat 40 Tablet,Treatment of Hypertension (high blood pressure) Prevention of heart attack and strokeTreatment of Heart failure,
Tegliptin-M 500mg Tablet SR,Treatment of Type 2 diabetes mellitus,
Torcoxia BCD 90 Tablet, Pain relief,
Thichoren AC 100mg/8mg Tablet,Treatment of Pain due to muscle spasm,
Takfa 0.5 Capsule, Prevention of organ rejection in transplant patients,
Topsor S Lotion,Treatment of EczemaTreatment of Psoriasis,
Telsite AM Tablet,Treatment of Hypertension (high blood pressure),
Torget 20 Tablet,Treatment of Hypertension (high blood pressure)Treatment of Edema,
Tacrograf 2 Capsule, Prevention of organ rejection in transplant patients,
Tacrograf 0.5 Capsule, Prevention of organ rejection in transplant patients,
Tariflox 200mg Tablet,Treatment of Bacterial infections,
Tide 100 Tablet,Treatment of Hypertension (high blood pressure)Treatment of Edema,
Takfresh Fusion Eye Drop,Treatment of Dry eyes,
Trizulu Tablet,Treatment of Muscular pain,
Tenoclor 25 Tablet, Hypertension (high blood pressure),
Teleact CT 40 Tablet, Hypertension (high blood pressure),
Torvigress 100 Tablet,Treatment of Hypertension (high blood pressure)Treatment of Edema,
Tubervac Vaccine,Prevention of Tuberculosis (TB),
Telpres-AMH Tablet, Hypertension (high blood pressure),
T-Mart R Tablet, High blood pressure with high cholesterol,
Tugain 10% Foam,Treatment of Hair loss,
Thyronex 100 Tablet,Treatment of Hypothyroidism,
T-Muce Ointment,Treatment of Bacterial skin infections,
Trizid SR Tablet,Treatment of Angina (heart-related chest pain),
Trivoglicad 2 Tablet SR,Treatment of Type 2 diabetes mellitus,
Torvel 10 Tablet,Treatment of Hypertension (high blood pressure)Treatment of Edema,
Tfil 5mg Tablet,Treatment of Erectile dysfunction,
Typbar-PFS Vaccine,Prevention of Typhoid fever,
Toxifite Tablet, Fatty liver disease,
Thio-Seradic Tablet,Treatment of Muscular pain,
Thycad 50mg Capsule, Multiple myeloma Lepra reaction,
Targit-H 40/12.5mg Tablet,Treatment of Hypertension (high blood pressure),
Telista-H 80 Tablet,Treatment of Hypertension (high blood pressure),
Topirol 100 Tablet, Epilepsy/SeizuresPrevention of Migraine Lennox–Gastaut syndrome,
Tribetrol 1 Tablet SR,Treatment of Type 2 diabetes mellitus,
Tetan-H Tablet,Treatment of Hypertension (high blood pressure),
Telsartan-AM 80 Tablet,Treatment of Hypertension (high blood pressure),
Thioceclo 4 Tablet,Treatment of Pain due to muscle spasm,
Telsartan-H 80 Tablet,Treatment of Hypertension (high blood pressure),
Telmikaa MT 25 Tablet ER,Treatment of Hypertension (high blood pressure),
Timebond Dry Syrup,Treatment of Bacterial infections,
Tretiva 40 Capsule,Treatment of Acne,
Tufderm Cream,Treatment of Allergic skin conditions,
Terbinator 250 Tablet, Fungal infections,
Telekast-T Tablet CR,Treatment and prevention of Asthma,
Telpres H 40 Tablet,Treatment of Hypertension (high blood pressure),
Trigulin 2 Tablet SR,Treatment of Type 2 diabetes mellitus,
Tritelsar 80 HS Tablet, Hypertension (high blood pressure),
Trebor 0.025% Cream,Treatment of Acne Acute promyelocytic leukaemia,
Telcure 40mg Tablet,Treatment of Hypertension (high blood pressure) Prevention of heart attack and strokeTreatment of Heart failure,
Tenolol-AM 25 Tablet,Treatment of Hypertension (high blood pressure),
Telmijub 40 Tablet,Treatment of Hypertension (high blood pressure) Prevention of heart attack and strokeTreatment of Heart failure,
Triglimicure 2mg/500mg/15mg Tablet SR,Treatment of Type 2 diabetes mellitus,
Telmikaa MT 50mg Tablet,Treatment of Hypertension (high blood pressure),
Tuloplast 2 Transdermal Patch,Treatment and prevention of Chronic obstructive pulmonary disease (COPD),
Telkonol  20 Tablet,Treatment of Hypertension (high blood pressure) Prevention of heart attack and strokeTreatment of Heart failure,
Torvate Chrono 200 Tablet CR, Epilepsy,
Teneliglip-M 1000mg/20mg Tablet,Treatment of Type 2 diabetes mellitus,
Tbis Lotion,Treatment of Atopic dermatitis,
Tendrone Cream,Treatment of Eczema Severe allergic reactionsTreatment of Allergic conditionsTreatment of CancerTreatment of Skin disordersTreatment of Eye disorders,
Torleva 750 Tablet,Treatment of Epilepsy/Seizures,
Torleva XR 750 Tablet,Treatment of Epilepsy/Seizures,
Trancodol DT 10 Tablet, Schizophrenia,
Triolsar 20 Tablet, Hypertension (high blood pressure),
Tenoric 100 Tablet, Hypertension (high blood pressure),
Telsite H 40mg Tablet,Treatment of Hypertension (high blood pressure),
Telmikaa 40 Tablet,Treatment of Hypertension (high blood pressure) Prevention of heart attack and strokeTreatment of Heart failure,
Terbest Dusting Powder, Fungal skin infections,
Tolol AM 50 Tablet PR,Treatment of Hypertension (high blood pressure),
Tacromus 2mg Capsule, Prevention of organ rejection in transplant patients,
Telzox-H 40mg/12.5mg Tablet,Treatment of Hypertension (high blood pressure),
Trebor Cream,Treatment of Acne Acute promyelocytic leukaemia,
Tacvido Forte Solution,Treatment of Atopic dermatitis,
Telday 80 Tablet,Treatment of Hypertension (high blood pressure) Prevention of heart attack and strokeTreatment of Heart failure,
Triben CN Cream,Treatment of Fungal skin infections,
Torvigress 40 Tablet,Treatment of Hypertension (high blood pressure)Treatment of Edema,
Tacvido Ointment,Treatment of Atopic dermatitis,
Tolu 2mg Tablet XR,Treatment of Overactive bladder (OAB) symptoms,
Tellzy-AH Tablet, Hypertension (high blood pressure),
Telmital-A Tablet,Treatment of Hypertension (high blood pressure),
Toltam Capsule, Benign prostatic hyperplasia,
Torleva Syrup,Treatment of Epilepsy/Seizures,
Tegliptin Tablet,Treatment of Type 2 diabetes mellitus,
Tegliptin Tablet,Treatment of Type 2 diabetes mellitus,
Trivedon 20 Tablet,Treatment of Angina (heart-related chest pain),
Targit-AM 40mg/5mg Tablet,Treatment of Hypertension (high blood pressure),
Tacvido Ointment,Treatment of Atopic dermatitis,
Tolaz LA 210mg/vial Convenience Kit, SchizophreniaTreatment of Mania,
Talecalm 5mg Tablet,Treatment of Schizophrenia Short term anxiety,
Terbest Dusting Powder, Fungal skin infections,
Tolu 2mg Tablet XR,Treatment of Overactive bladder (OAB) symptoms,
Thioquest 4mg Fast Acting Capsule, Muscle relaxation,
Tronin 0.05% Cream,Treatment of Acne Acute promyelocytic leukaemia,
Tacsant 0.5mg Capsule, Prevention of organ rejection in transplant patients,
Torleva Syrup,Treatment of Epilepsy/Seizures,
Temsan 80 CT Tablet, Hypertension (high blood pressure),
Trioderm-OC Cream,Treatment of Skin infections,
Tacrograf 0.25 Capsule, Prevention of organ rejection in transplant patients,
Tobrasone Eye Drop,Treatment of Bacterial eye infections,
Trancodol DT 1.5 Tablet, Schizophrenia,
Tinytret 20mg Tablet,Treatment of Acne,
Tamica 40 Tablet,Treatment of Hypertension (high blood pressure) Prevention of heart attack and strokeTreatment of Heart failure,
Telma-R 5 Tablet, Hypertension (high blood pressure),
Telmital-CT Tablet, Hypertension (high blood pressure),
Tri-Azulix DS 2 Tablet SR,Treatment of Type 2 diabetes mellitus,
Tlm 40mg Tablet,Treatment of Hypertension (high blood pressure) Prevention of heart attack and strokeTreatment of Heart failure,
Teli 40 Tablet,Treatment of Hypertension (high blood pressure) Prevention of heart attack and strokeTreatment of Heart failure,
Trigaine Forte Lotion,Treatment of Hair loss,
TG-Tor F 160 Tablet,Treatment of High cholesterolPrevention of Heart attack,
Trigem 1 Tablet,Treatment of Type 2 diabetes mellitus,
Traxido 500mg Tablet SR,Treatment of Bleeding,
Triben Lotion,Treatment of Fungal skin infections,
Timolen 0.5% Eye Drop, Glaucoma Ocular hypertension,
Tenligress-M 500 Tablet SR,Treatment of Type 2 diabetes mellitus,
Tolol -XR 12.5 Tablet,Treatment of Hypertension (high blood pressure)Treatment of Angina (heart-related chest pain)Treatment of ArrhythmiaPrevention of Heart attackPrevention of Migraine,
Tri-Olmetor 20 Tablet, Hypertension (high blood pressure),
Terapress 2 Tablet, Hypertension (high blood pressure),
Traxin Junior 15mg/5ml/0.5mg/5ml/50mg/5ml Syrup,Treatment of Cough with mucus,
Tricaine S Suspension Mango Sugar Free,Treatment of AcidityTreatment of HeartburnTreatment of Stomach ulcers,
Teli-H Tablet,Treatment of Hypertension (high blood pressure),
Tacrovera Solution,Treatment of Atopic dermatitis,
Trioptal 600 Tablet, Epilepsy/Seizures,
Teevir Tablet, HIV infection,
Takfa 2 Capsule, Prevention of organ rejection in transplant patients,
Teldawn Beta 40mg/50mg Tablet,Treatment of Hypertension (high blood pressure),
Telmikaa AM Tablet,Treatment of Hypertension (high blood pressure),
Tenumet 500mg/20mg Tablet ER,Treatment of Type 2 diabetes mellitus,
Tenof Tablet,Treatment of Chronic hepatitis B virus (HBV) infectionTreatment of HIV infection,
Telmiprime 40mg Tablet,Treatment of Hypertension (high blood pressure) Prevention of heart attack and strokeTreatment of Heart failure,
Telsar 80 H Tablet,Treatment of Hypertension (high blood pressure),
Terbocet 250 Tablet, Fungal infections,
Thioquest DP 4 Capsule,Treatment of Muscular pain,
Tiban M 20/1000mg  Tablet ER,Treatment of Type 2 diabetes mellitus,
Tenomac 25mg Tablet,Treatment of Hypertension (high blood pressure)Treatment of Angina (heart-related chest pain)Treatment of ArrhythmiaPrevention of Heart attack,
Terbimax-F Cream,Treatment of Skin infections,
Tenali M 1000mg/20mg Tablet ER,Treatment of Type 2 diabetes mellitus,
Telicad 3D Tablet, Hypertension (high blood pressure),
Torsinex 20 Tablet,Treatment of Hypertension (high blood pressure)Treatment of Edema,
Tetan Beta 50 Tablet ER,Treatment of Hypertension (high blood pressure),
Terapress 1 Tablet, Hypertension (high blood pressure),
Telmisat H Tablet,Treatment of Hypertension (high blood pressure),
Triglynase 1 Forte Tablet SR,Treatment of Type 2 diabetes mellitus,
Track D 80mg/250mg/250mg Tablet, Menstrual pain,
Trineurosol HV Injection, Vitamin & mineral deficiency,
Telmiwock  40mg Tablet,Treatment of Hypertension (high blood pressure) Prevention of heart attack and strokeTreatment of Heart failure,
TG-Tor EZ Tablet, High cholesterol,
Telmisat CT 40 Tablet, Hypertension (high blood pressure),
Tonact Plus Tablet ER, High cholesterol,
Tonact Plus Tablet ER, High cholesterol,
Tozaar-H Tablet,Treatment of Hypertension (high blood pressure),
Tolol AM 25mg Tablet,Treatment of Hypertension (high blood pressure),
Tetan CT 12.5 Tablet, Hypertension (high blood pressure),
Triformin 5mg/500mg/15mg Tablet,Treatment of Type 2 diabetes mellitus,
Tendrone 1% Lotion,Treatment of Eczema Severe allergic reactionsTreatment of Allergic conditionsTreatment of CancerTreatment of Skin disordersTreatment of Eye disorders,
Telmed 80 Tablet,Treatment of Hypertension (high blood pressure) Prevention of heart attack and strokeTreatment of Heart failure,
Telzox 20 Tablet,Treatment of Hypertension (high blood pressure) Prevention of heart attack and strokeTreatment of Heart failure,
Trioptal 150 Tablet, Epilepsy/Seizures,
Triamaderm Ointment, Skin conditions with inflammation & itchingTreatment of Rheumatoid arthritisTreatment of Osteoarthritis,
Torleva XR 1000 Tablet,Treatment of Epilepsy/Seizures,
Tenolol-AM 50 Tablet,Treatment of Hypertension (high blood pressure),
Trikorium Cream,Treatment of Skin infections,
Teravir Tablet,Treatment of Chronic hepatitis B virus (HBV) infectionTreatment of HIV infection,
Telmijub CH 40 Tablet, Hypertension (high blood pressure),
Trimetaday V 2 Tablet SR,Treatment of Type 2 diabetes mellitus,
Tramic-MF Tablet,Treatment of Heavy menstrual bleedingTreatment of Menstrual pain,
Telsite 20mg Tablet,Treatment of Hypertension (high blood pressure) Prevention of heart attack and strokeTreatment of Heart failure,
Tantum Gel, Pain relief,
T-Him Depot Injection,Treatment of Male hypogonadism,
Tellzy 80-H Tablet,Treatment of Hypertension (high blood pressure),
Telmikaa CT Tablet, Hypertension (high blood pressure),
Telmikaa CT Tablet, Hypertension (high blood pressure),
Tretinec A 0.025% Cream,Treatment of Acne Acute promyelocytic leukaemia,
Telfirst 40 Tablet,Treatment of Hypertension (high blood pressure) Prevention of heart attack and strokeTreatment of Heart failure,
Twinblok  10 Tablet,Treatment of Hypertension (high blood pressure)Prevention of Angina (heart-related chest pain)Prevention of Heart attackPrevention of Stroke,
Tiomist Respicap,Treatment of Chronic obstructive pulmonary disease (COPD),
Trinogab-M Tablet,Treatment of Neuropathic pain,
Trioptal Suspension, Epilepsy/Seizures,
Tacromus 0.5 Capsule, Prevention of organ rejection in transplant patients,
Thioquest 8mg Fast Acting Capsule, Muscle relaxation,
Tearmist Eye Drop, Dry eyes,
Targit 20 Tablet,Treatment of Hypertension (high blood pressure) Prevention of heart attack and strokeTreatment of Heart failure,
Tcris Cream, Fungal nail infections,
Terbison Cream, Fungal skin infections,
Ticabest Tablet, Prevention of heart attack and stroke,
Telmed H 80 Tablet,Treatment of Hypertension (high blood pressure),
Telong 40mg Tablet,Treatment of Hypertension (high blood pressure) Prevention of heart attack and strokeTreatment of Heart failure,
Thiofer AC4 Tablet,Treatment of Pain due to muscle spasm,
Twinrix Adult Injection, Prevention of Hepatitis A infection Prevention of Hepatitis B infection,
Telmijub AM 40 Tablet,Treatment of Hypertension (high blood pressure),
Tenamit-M Tablet ER,Treatment of Type 2 diabetes mellitus,
Telday 80 AM Tablet,Treatment of Hypertension (high blood pressure),
Torbulk Powder,Treatment of Constipation,
Telma-R 2.5 Tablet, Hypertension (high blood pressure),
Telmed-AH 80 Tablet, Hypertension (high blood pressure),
Trelax Tablet,Treatment of Heavy menstrual bleedingTreatment of Menstrual pain,
Telmijub Beta 25 Tablet ER,Treatment of Hypertension (high blood pressure),
Triolvance 20 Tablet, Hypertension (high blood pressure),
Trigulin 1 Tablet SR,Treatment of Type 2 diabetes mellitus,
Torget 40 Tablet,Treatment of Hypertension (high blood pressure)Treatment of Edema,
Telmikaa H Tablet,Treatment of Hypertension (high blood pressure),
Tolaz DT 2.5 Tablet,Treatment of SchizophreniaTreatment of Mania,
Telsar CH 80mg/12.5mg Tablet, Hypertension (high blood pressure),
Tulac 10gm Syrup,Treatment of ConstipationTreatment of Hepatic encephalopathy,
TG-Tor 5 Tablet, High cholesterolPrevention of Heart attack,
Trimetride 2 Tablet PR,Treatment of Type 2 diabetes mellitus,
Twincal 20 Tablet,Treatment of Hypertension (high blood pressure)Prevention of Angina (heart-related chest pain)Prevention of Heart attackPrevention of Stroke,
Tigatel-CH 80mg/12.5mg Tablet, Hypertension (high blood pressure),
Twincal 5 Tablet,Treatment of Hypertension (high blood pressure)Prevention of Angina (heart-related chest pain)Prevention of Heart attackPrevention of Stroke,
Tribetrol 1 Forte Tablet SR,Treatment of Type 2 diabetes mellitus,
Telday 80 H Tablet,Treatment of Hypertension (high blood pressure),
Trioptal 450 Tablet, Epilepsy/Seizures,
Takfenac Eye Drop, Post-operative eye pain and inflammation,
Torleva 1000 Tablet,Treatment of Epilepsy/Seizures,
Tacloran 1 Capsule, Prevention of organ rejection in transplant patients,
Timanol 0.5% Eye Drop, Glaucoma Ocular hypertension,
Triolvance 40 Tablet, Hypertension (high blood pressure),
Thicomus-AC 4 Tablet,Treatment of Pain due to muscle spasm,
Telpil 40mg Tablet,Treatment of Hypertension (high blood pressure) Prevention of heart attack and strokeTreatment of Heart failure,
Tel-Cad-AM 40 Tablet,Treatment of Hypertension (high blood pressure),
Triben Dusting Powder,Treatment of Fungal skin infections,
Trigli 2 Tablet SR,Treatment of Type 2 diabetes mellitus,
Thalitero Capsule, Multiple myeloma Lepra reaction,
Telzox M 40mg/50mg Tablet ER,Treatment of Hypertension (high blood pressure),
Thioquest DP8 Capsule,Treatment of Muscular pain,
Tretoact 25 Capsule, Psoriasis,
Tebina 125mg Tablet DT, Fungal infections,
Telpres H 80 Tablet,Treatment of Hypertension (high blood pressure),
Tadasure 20 Disintegrating Strip,Treatment of Erectile dysfunctionTreatment of Pulmonary arterial hypertension (PAH),
Tel-Cad 20 Tablet,Treatment of Hypertension (high blood pressure) Prevention of heart attack and strokeTreatment of Heart failure,
Tacstead  1.0 Capsule, Prevention of organ rejection in transplant patients,
Tetanus 40IU Vaccine,Prevention of Tetanus,
Topaz 200 Tablet, Epilepsy/SeizuresPrevention of Migraine Lennox–Gastaut syndrome,
Terbicort Cream,Treatment of Fungal skin infections,
Tenoric-LD 50/6.25 Tablet, Hypertension (high blood pressure),
Tadgo 10mg Disintegrating Strip,Treatment of Erectile dysfunctionTreatment of Pulmonary arterial hypertension (PAH),
Twinblok M 50 Tablet ER, Hypertension (high blood pressure),
Terbimax-F Lotion,Treatment of Skin infections,
Tricodruf Anti-Dandruff Lotion,Treatment of Dandruff,
Tenlison-M 1000mg/20mg Tablet,Treatment of Type 2 diabetes mellitus,
Tolar Eye Drop, Post-operative eye pain and inflammation,
Tamica-H 40 Tablet,Treatment of Hypertension (high blood pressure),
Telmipharm 40 Tablet,Treatment of Hypertension (high blood pressure) Prevention of heart attack and strokeTreatment of Heart failure,
Troid 5mg Tablet, Vitiligo Psoriasis,
Tercin WHP Powder,Treatment of Bacterial skin infections,
Telkonol 80H Tablet,Treatment of Hypertension (high blood pressure),
Translol -XL 50 Tablet,Treatment of Hypertension (high blood pressure)Treatment of Angina (heart-related chest pain)Treatment of ArrhythmiaPrevention of Heart attackPrevention of Migraine,
Topmycin Gel,Treatment of AcneTreatment of Bacterial infections,
Tenuvia Tablet,Treatment of Type 2 diabetes mellitus,
Tenlitab M 500mg/20mg Tablet,Treatment of Type 2 diabetes mellitus,
Terbiskin-M Cream,Treatment of Fungal skin infections,
Tinitraz 200 Capsule,Treatment of Fungal infections,
Tazpure-LN 80 Tablet,Treatment of Hypertension (high blood pressure),
Twintel 40 Tablet,Treatment of Hypertension (high blood pressure),
Triben Dusting Powder,Treatment of Fungal skin infections,
Trilen Tablet, Vitiligo Psoriasis,
Terostil 20mg Tablet,Treatment of Type 2 diabetes mellitus,
Tafsure Tablet,Treatment of Chronic hepatitis B virus (HBV) infection,
Terfin Cream, Fungal skin infections,
Triolsar 20 HS Tablet, Hypertension (high blood pressure),
Telmisar 40mg Tablet,Treatment of Hypertension (high blood pressure) Prevention of heart attack and strokeTreatment of Heart failure,
Targit 80 Tablet,Treatment of Hypertension (high blood pressure) Prevention of heart attack and strokeTreatment of Heart failure,
Thioquest D 4 Capsule, Pain due to muscle spasm,
T 1 Eye Drop,Treatment of GlaucomaTreatment of Ocular hypertension,
T Plus Eye Drop,Treatment of Dry eyes,
Terbiface Cream, Fungal skin infections,
Temsi-AM 40 Tablet,Treatment of Hypertension (high blood pressure),
Trancodol 20mg Tablet DT, Schizophrenia,
Trimetride 1 Tablet PR,Treatment of Type 2 diabetes mellitus,
Telcros H Tablet,Treatment of Hypertension (high blood pressure),
Tetanus Toxoid Vaccine Adsorbed,Prevention of Tetanus,
Telelak MT 40mg/50mg Tablet,Treatment of Hypertension (high blood pressure),
Telmijub 20 Tablet,Treatment of Hypertension (high blood pressure) Prevention of heart attack and strokeTreatment of Heart failure,
Tretinec A 0.05% Cream,Treatment of Acne Acute promyelocytic leukaemia,
Tcris Cream, Fungal nail infections,
Tincher-OZ Ointment, Wound infection,
Telmikaa 20 Tablet,Treatment of Hypertension (high blood pressure) Prevention of heart attack and strokeTreatment of Heart failure,
Tenlip-M Forte Tablet SR,Treatment of Type 2 diabetes mellitus,
Tenepan-M 500 Tablet ER,Treatment of Type 2 diabetes mellitus,
Teglipt M 500mg/20mg Tablet,Treatment of Type 2 diabetes mellitus,
Trabec 1mg Solution for Infusion, Soft tissue sarcoma,
TenDC Tablet,Treatment of Type 2 diabetes mellitus,
Trifect Syrup, Pain reliefTreatment of Fever,
Travoprostin-T Ophthalmic Solution,Treatment of GlaucomaTreatment of Ocular hypertension,
Thyrotas 12.5 Tablet,Treatment of Hypothyroidism,
Thyrotas 12.5 Tablet,Treatment of Hypothyroidism,
Tenarica Tablet,Treatment of Chronic hepatitis B virus (HBV) infectionTreatment of HIV infection,
Taxalic Ointment,Treatment of EczemaTreatment of Psoriasis,
Triexer 1 Kit,Treatment of Type 2 diabetes mellitus,
Terbicrat Cream, Fungal skin infections,
Twinblok  5mg Tablet,Treatment of Hypertension (high blood pressure)Prevention of Angina (heart-related chest pain)Prevention of Heart attackPrevention of Stroke,
Tolol -XR 100 Tablet,Treatment of Hypertension (high blood pressure)Treatment of Angina (heart-related chest pain)Treatment of ArrhythmiaPrevention of Heart attackPrevention of Migraine,
Terbifast 1% Cream, Fungal skin infections,
Tenzulix M 500 Tablet ER,Treatment of Type 2 diabetes mellitus,
Teleact 80 Tablet,Treatment of Hypertension (high blood pressure) Prevention of heart attack and strokeTreatment of Heart failure,
Topaine 25mg Tablet, Epilepsy/SeizuresPrevention of Migraine Lennox–Gastaut syndrome,
Telsite 80mg Tablet,Treatment of Hypertension (high blood pressure) Prevention of heart attack and strokeTreatment of Heart failure,
Topcos 500 Tablet, Fungal infections,
Tenzulix Tablet,Treatment of Type 2 diabetes mellitus,
Tetan 80 Tablet,Treatment of Hypertension (high blood pressure) Prevention of heart attack and strokeTreatment of Heart failure,
Thalitel 40 Tablet, Hypertension (high blood pressure),
Theowind 400mg Tablet,Treatment and prevention of Chronic obstructive pulmonary disease (COPD),
Terfin Dusting Powder, Fungal skin infections,
Telmijub AM 80mg Tablet,Treatment of Hypertension (high blood pressure),
Tazopen 4000 mg/500 mg Injection, Bacterial infections,
Tcris Cream, Fungal nail infections,
Termonix Cream,Treatment of Melasma,
Terbee Cream, Fungal skin infections,
Thalitel 80 Tablet, Hypertension (high blood pressure),
Tenepace Tablet,Treatment of Type 2 diabetes mellitus,
Torsilong 5 Tablet,Treatment of Hypertension (high blood pressure)Treatment of Edema,
Tripride 1 LV Tablet SR,Treatment of Type 2 diabetes mellitus,
Tablura 40 Tablet, Schizophrenia,
Tadgo 20mg Disintegrating Strip,Treatment of Erectile dysfunctionTreatment of Pulmonary arterial hypertension (PAH),
Thyrotas 25 Tablet,Treatment of Hypothyroidism,
Telday CH 80 Tablet, Hypertension (high blood pressure),
Telmijub CH 80mg Tablet, Hypertension (high blood pressure),
Udiliv 300 Tablet,Treatment of Primary biliary cirrhosisTreatment of Gallbladder stones,
Urispas Tablet,Treatment of Muscle spasms of the urinary tract,
Urimax D Tablet MR,Treatment of Benign prostatic hyperplasia,
Urimax 0.4 Capsule MR,Treatment of Benign prostatic hyperplasia,
Ursocol 300 Tablet,Treatment of Primary biliary cirrhosisTreatment of Gallbladder stones,
Udiliv 150mg Tablet,Treatment of Primary biliary cirrhosisTreatment of Gallbladder stones,
Unwanted 21 Days Tablet, Contraception,
Udapa 10 Tablet,Treatment of Type 2 diabetes mellitus,
Urikind Tablet,Treatment of Muscle spasms of the urinary tract,
Uribid Tablet,Treatment of Bacterial infections of urinary tract,
Urotone Tablet,Treatment of Urinary retention,
Ugesic Sublingual tablet, Pain relief,
Ulgel-A Oral Suspension,Treatment of AcidityTreatment of HeartburnTreatment of Stomach ulcers,
Ulgel Oral Suspension Saunf Sugar Free, Acidity Stomach ulcers Bloating,
Ubicar Tablet,Treatment of Nutritional deficiencies,
Unicontin-E 400 Tablet CR,Treatment of Chronic obstructive pulmonary disease (COPD),
Uphold Tablet,Treatment of Premature ejaculation,
Urikind-K Solution,Treatment of Kidney stone,
Ursocol SR 450 Tablet,Treatment of Primary biliary cirrhosisTreatment of Gallbladder stones,
Ultrabrite Cream,Treatment of Melasma,
Unistar 75 Capsule,Treatment of Prevention of heart attack and stroke,
Urifast Capsule,Treatment of Bacterial infections of urinary tract,
Ursocol 150 Tablet,Treatment of Primary biliary cirrhosisTreatment of Gallbladder stones,
Ulpan-DSR Capsule,Treatment of Gastroesophageal reflux disease (Acid reflux)Treatment of Peptic ulcer disease,
Ultitar CS Lotion, Psoriasis,
Ursetor 300 Tablet,Treatment of Primary biliary cirrhosisTreatment of Gallbladder stones,
Ursokem 300 Tablet,Treatment of Primary biliary cirrhosisTreatment of Gallbladder stones,
Ursomax 300 Tablet,Treatment of Primary biliary cirrhosisTreatment of Gallbladder stones,
Urimax F Capsule MR,Treatment of Benign prostatic hyperplasia,
Urimax DX Tablet MR,Treatment of Benign prostatic hyperplasia,
Udiliv 450mg Tablet,Treatment of Primary biliary cirrhosisTreatment of Gallbladder stones,
Usibon 300 Tablet,Treatment of Primary biliary cirrhosisTreatment of Gallbladder stones,
Urivoid Tablet,Treatment of Urinary retention,
Uprise-D3 6L Injection 1ml,Treatment of Vitamin D deficiencyTreatment of Osteoporosis,
Ultra Gel Eye Drop,Treatment of Dry eyes,
Urdohep 300 Tablet,Treatment of Primary biliary cirrhosisTreatment of Gallbladder stones,
Urivron Tablet,Treatment of Bacterial infections of urinary tract,
Urimax 0.2 Capsule MR,Treatment of Benign prostatic hyperplasia,
Uritin-D Tablet MR,Treatment of Benign prostatic hyperplasia,
Udcament Oral Suspension,Treatment of Primary biliary cirrhosisTreatment of Gallbladder stones,
Uripro 0.4 Capsule PR,Treatment of Benign prostatic hyperplasia,
Ursocad 300 Tablet,Treatment of Primary biliary cirrhosisTreatment of Gallbladder stones,
Uriliser MB6 Oral Solution Lemon Sugar Free,Treatment and prevention of Kidney stone,
Uticept Tablet,Treatment of Muscle spasms of the urinary tract,
Udihep Forte Tablet,Treatment of Primary biliary cirrhosisTreatment of Gallbladder stones,
UDP-AT Tablet,Treatment of Hypertension (high blood pressure),
Ulpan-D Tablet,Treatment of Gastroesophageal reflux disease (Acid reflux)Treatment of Peptic ulcer disease,
Uvox Tablet, Depression Obsessive-compulsive disorder,
Urosol Syrup,Treatment of GoutTreatment of Kidney stone,
Urinif 100mg Tablet SR,Treatment of Bacterial infections of urinary tract,
Udiliv 600 Tablet,Treatment of Primary biliary cirrhosisTreatment of Gallbladder stones,
Ultiderm Lotion, Skin conditions with inflammation & itching,
Uniprogestin 500mg Injection,Prevention of Premature Labor,
Urivel Tablet,Treatment of Muscle spasms of the urinary tract,
Ulgel Oral Suspension Saunf, Acidity Stomach ulcers Bloating,
Uritin 0.4mg Tablet,Treatment of Benign prostatic hyperplasia,
Ursodil 300mg Tablet,Treatment of Primary biliary cirrhosisTreatment of Gallbladder stones,
Udihep Tablet,Treatment of Primary biliary cirrhosisTreatment of Gallbladder stones,
Ulpan Tablet,Treatment of HeartburnTreatment of Gastroesophageal reflux disease (Acid reflux)Treatment of Peptic ulcer diseaseTreatment of Zollinger-Ellison syndrome,
Udgrace 300mg Tablet,Treatment of Primary biliary cirrhosisTreatment of Gallbladder stones,
Unicarbazan Forte Tablet, Parasitic infections,
Udimarin Tablet,Treatment of Primary biliary cirrhosisTreatment of Gallbladder stones,
Uvox 100 Tablet, Depression Obsessive-compulsive disorder,
Unistar 20/150 Capsule,Treatment of Prevention of heart attack and stroke,
Uvox CR 150 Tablet, Depression Obsessive-compulsive disorder,
Ulitas 5 Tablet, Uterine fibroids,
Unicontin-E 600 Tablet CR,Treatment of Chronic obstructive pulmonary disease (COPD),
Ursetor 150 Tablet,Treatment of Primary biliary cirrhosisTreatment of Gallbladder stones,
Urofit Oral Solution,Treatment and prevention of Kidney stone,
Udinol 300mg Tablet,Treatment of Primary biliary cirrhosisTreatment of Gallbladder stones,
Usibon 150 Tablet,Treatment of Primary biliary cirrhosisTreatment of Gallbladder stones,
U-B Fair Cream, Melasma,
U Tryp 100000IU Injection,Treatment of Severe sepsisTreatment of Pancreatitis,
Ubil Tablet,Treatment of Allergic conditions,
Uthral 500mg Tablet,Treatment of Bacterial infections,
Ursetor SR 450 Tablet,Treatment of Primary biliary cirrhosisTreatment of Gallbladder stones,
Unistar Gold 10/75 Capsule, Heart attack,
Ultigel,Treatment of Mouth ulcers,
Unistar 150 Capsule,Treatment of Prevention of heart attack and stroke,
Urdohep 150 Tablet,Treatment of Primary biliary cirrhosisTreatment of Gallbladder stones,
Ursocol SR 600 Tablet,Treatment of Primary biliary cirrhosisTreatment of Gallbladder stones,
Unicalcin 100IU Injection, Post menopausal osteoporosis Paget's disease Hypercalcemia,
Urifree Tablet,Treatment of Muscle spasms of the urinary tract,
Urdiogem 300 Tablet,Treatment of Primary biliary cirrhosisTreatment of Gallbladder stones,
Ulgel Tablet Saunf, Acidity Stomach ulcers Bloating,
Unistar 5/75 Capsule,Treatment of Prevention of heart attack and stroke,
Utamide Tablet, Prostate cancer,
Ultravex S6 Ointment, Eczema Psoriasis,
Uvdyne Mouth Wash, Pain relief,
Uvox CR 100mg Tablet, Depression Obsessive-compulsive disorder,
Uprise-D3 6L Injection 1ml,Treatment of Vitamin D deficiencyTreatment of Osteoporosis,
Ulgel Oral Suspension Elaichi Sugar Free, Acidity Stomach ulcers Bloating,
Urisurge-D Capsule PR,Treatment of Benign prostatic hyperplasia,
Ulgel Tablet, Acidity Stomach ulcers Bloating,
Ultitar CS Ointment, Psoriasis,
Urinet 200mg Tablet,Treatment of Muscle spasms of the urinary tract,
Usal LS Drops,Acute Sore throatTreatment of Cough with mucus,
Ursodil -SR Tablet,Treatment of Primary biliary cirrhosisTreatment of Gallbladder stones,
Unigef 250mg Tablet, Non-small cell lung cancer,
Ubexa 80 Tablet,Treatment of Gout,
Ultravex Cream, Skin conditions with inflammation & itching,
Urgiso Tablet,Treatment of Overactive bladder (OAB) symptoms,
Utreva Vaginal gel, Hormone replacement therapyTreatment of Female infertility,
Ursomax 450 SR Tablet,Treatment of Primary biliary cirrhosisTreatment of Gallbladder stones,
Ultravex S3 Ointment, Eczema Psoriasis,
Udimarin Forte SR Tablet,Treatment of Primary biliary cirrhosisTreatment of Gallbladder stones,
Urofit Oral Solution,Treatment and prevention of Kidney stone,
Ursocad 150 Tablet,Treatment of Primary biliary cirrhosisTreatment of Gallbladder stones,
Udcoliv 300 Tablet,Treatment of Primary biliary cirrhosisTreatment of Gallbladder stones,
Urikem Syrup, Kidney stone,
Udinorm 300mg Tablet,Treatment of Primary biliary cirrhosisTreatment of Gallbladder stones,
Urisurge Tablet PR,Treatment of Benign prostatic hyperplasia,
Urijon 300mg Tablet,Treatment of Primary biliary cirrhosisTreatment of Gallbladder stones,
Uniair FX Tablet,Treatment of Sneezing and runny nose due to allergies,
Udzire 100mg Tablet,Treatment of Erectile dysfunction,
Ubiphene Tablet, Female infertility,
Udicol 150mg Tablet,Treatment of Primary biliary cirrhosisTreatment of Gallbladder stones,
Ubiphene 50 Tablet, Female infertility,
Ultituss Oral Suspension,Treatment of Dry cough,
Utrogestan 200mg Soft Gelatin Capsule, Hormone replacement therapyTreatment of Female infertility,
Uterone SR 300 Tablet, Hormone replacement therapyTreatment of Female infertility,
Ubicar Cream,Treatment of Varicose veinsTreatment of PilesTreatment of Lymphedema,
Uniwalk Capsule, Osteoarthritis,
UGR Free Softgel Capsule,Treatment of Erectile dysfunction,
Ultigest -SR 200 Tablet, Hormone replacement therapyTreatment of Female infertility,
Udigold 300 Tablet,Treatment of Primary biliary cirrhosisTreatment of Gallbladder stones,
Ubiphene 100 Tablet, Female infertility,
Ubiphene 100 Tablet, Female infertility,
Uterone 100 Injection, Hormone replacement therapyTreatment of Female infertility,
Ultican 200mg Capsule,Treatment of Fungal infections,
Ulphix D Capsule,Treatment of Gastroesophageal reflux disease (Acid reflux)Treatment of Peptic ulcer disease,
Urigal 200 Tablet,Treatment of Muscle spasms of the urinary tract,
Ultigest-SR 300 Tablet, Hormone replacement therapyTreatment of Female infertility,
Ultichem-SP Tablet, Pain relief,
Vertin 16 Tablet,Treatment of Meniere's disease,
Vigore 100 Red Tablet,Treatment of Erectile dysfunction,
Vasograin Tablet, Migraine,
Voveran SR 100 Tablet, Pain relief,
VSL 3 Capsule,Treatment of Ulcerative colitisTreatment of Irritable bowel syndrome,
Vertin 8mg Tablet,Treatment of Meniere's disease,
Veloz D Capsule SR,Treatment of Gastroesophageal reflux disease (Acid reflux)Treatment of Peptic ulcer disease,
Vomikind -MD 4 Tablet,Treatment of NauseaTreatment of Vomiting,
Vymada 50mg Tablet,Treatment of Heart failure,
Vitcofol Injection,Treatment of Nutritional deficiencies,
Veltam 0.4 Tablet MR,Treatment of Benign prostatic hyperplasia,
Vigamox Ophthalmic Solution,Treatment of Bacterial eye infections,
Viagra 50mg Tablet,Treatment of Erectile dysfunction,
Veltam Plus Tablet MR,Treatment of Benign prostatic hyperplasia,
Vertigon Tablet,Treatment of Motion sicknessTreatment of VertigoTreatment of Meniere's disease,
Vomikind Syrup,Treatment of Nausea Vomiting,
Vigore Lido Spray, Local anesthesia (Numb tissues in a specific area),
Veloz 20 Tablet,Treatment of Gastroesophageal reflux disease (Acid reflux)Treatment of Peptic ulcer diseaseTreatment of Zollinger-Ellison syndrome,
Vitamin A Chewable Tablet,Treatment of Vitamin A deficiency,
Ventidox-M Tablet SR,Treatment and prevention of Asthma,
Voveran 50 GE Tablet, Pain relief,
Valcivir 1000 Tablet, Herpes labialis Genital herpes infection Herpes zoster,
Vertistar -MD 16 Tablet,Treatment of Meniere's disease,
Voveran AQ Injection, Pain relief,
Vildamac M 50/500 Tablet,Treatment of Type 2 diabetes mellitus,
Vigore 50 Red Tablet,Treatment of Erectile dysfunction,
Vozet Tablet,Treatment of Allergic conditions,
Volibo 0.3 Tablet,Treatment of Type 2 diabetes mellitus,
Vertin 24 Tablet,Treatment of Meniere's disease,
Veldrop Lubricant Eye Drop,Treatment of Dry eyes,
Voveran-D Tablet DT, Pain relief,
Vertizac Tablet,Treatment of Vertigo,
Vymada 100mg Tablet,Treatment of Heart failure,
Valbet Cream, Skin infections,
Vitcofol-C Combipack Injection, Nutritional deficiencies,
Valprol -CR 500 Tablet, Epilepsy,
Voveran SR 75 Tablet, Pain relief,
Viscodyne  Syrup Sugar Free, Cough,
Venusmin 300 Tablet,Treatment of Varicose veinsTreatment of PilesTreatment of Lymphedema,
Verifica-M 500mg/50mg Tablet,Treatment of Type 2 diabetes mellitus,
Vernace Tablet, Carnitine deficiency,
Vomilast -OD Tablet,Treatment of Nausea and vomiting in pregnancy,
Valparin 200 Oral Solution Delicious Pineapple, Epilepsy/SeizuresPrevention of Migraine Bipolar disorder,
VaxiFlu 4 Vaccine,Prevention of Influenza (flu),
Victoza Solution for Injection,Treatment of Type 2 diabetes mellitus,
Veloz L Capsule SR,Treatment of Gastroesophageal reflux disease (Acid reflux)Treatment of Intestinal ulcersTreatment of Irritable bowel syndrome,
Vomistop Tablet,Treatment of IndigestionTreatment of NauseaTreatment of Vomiting,
Valcivir 500 Tablet, Herpes labialis Genital herpes infection Herpes zoster,
Veloz IT Capsule PR, Gastroesophageal reflux disease (Acid reflux) Peptic ulcer disease,
Veltam-S Combipack, Benign prostatic hyperplasia,
Vepan 500mg Tablet,Treatment of Bacterial infections,
Vylda-M 500 Tablet,Treatment of Type 2 diabetes mellitus,
Vertistar - MD 8 Tablet,Treatment of Meniere's disease,
Veltam-F Tablet MR,Treatment of Benign prostatic hyperplasia,
Valprol -CR 300 Tablet, Epilepsy,
Vetory SP Tablet, Pain relief,
Veniz XR 75 Capsule, Depression Anxiety disorder,
Vomiford -MD Tablet,Treatment of NauseaTreatment of Vomiting,
Vertigen Tablet,Treatment of Vertigo,
Ventidox-Bro Tablet, Chronic obstructive pulmonary disease (COPD),
Vertiford 16mg Tablet,Treatment of Meniere's disease,
Virson Ophthalmic Gel, Cytomegalovirus Infection,
Vinglyn M 500 Tablet,Treatment of Type 2 diabetes mellitus,
Visanne Tablet,Treatment of pelvic pain associated with Endometriosis,
Venusmin 900 Tablet,Treatment of Varicose veinsTreatment of PilesTreatment of Lymphedema,
Voveran Plus Tablet, Pain relief,
Ventab Dxt 50 Tablet ER, Depression,
Vildamac 50 Tablet,Treatment of Type 2 diabetes mellitus,
Vegaz OD Tablet PR, Ulcerative colitis Crohn’s disease,
Vitamin C Injection, Vitamin C deficiency,
Volix 0.3mg Tablet,Treatment of Type 2 diabetes mellitus,
Vertin OD 48mg Tablet SR,Treatment of Meniere's disease,
Veldrop Gel,Treatment of Dry eyes,
Vigadexa Ophthalmic Solution,Treatment of Bacterial eye infections,
Vanlid 250mg Capsule, Clostridium difficile associated diarrhea,
Verbet 16 Tablet,Treatment of Meniere's disease,
Visbiome Capsule,Treatment of Ulcerative colitisTreatment of Irritable bowel syndrome,
Vasoglor 90 Tablet, Prevention of heart attack and stroke,
Vigoquin-LP Eye Drop,Treatment of Eye infection with inflammation,
Voage 10mg Tablet,Treatment of Type 2 diabetes mellitus,
Veltam 0.2 Tablet MR,Treatment of Benign prostatic hyperplasia,
Vitcofol S 100mg Injection,Treatment of Iron deficiency anemia,
Viropil Tablet, HIV infection,
Valgan Tablet,Treatment of Cytomegalovirus Infection,
Vertigon Forte Tablet,Treatment of Motion sicknessTreatment of VertigoTreatment of Meniere's disease,
Valprol-CR 200 Tablet, Epilepsy,
Vomikind-Fast Strip,Treatment of NauseaTreatment of Vomiting,
Venlor-XR 37.5 Capsule, Depression Anxiety disorder,
Vertiron Tablet,Treatment of Motion sicknessTreatment of VertigoTreatment of Meniere's disease,
Vogs-GM 2 Tablet SR,Treatment of Type 2 diabetes mellitus,
Vetory P Tablet, Pain relief,
Vasfree 100 Capsule, Pain relief,
Varimax 20 Tablet,Treatment of Erectile dysfunction,
Viscodyne-D Syrup,Treatment of Dry cough,
Vomikind Injection,Treatment of Nausea Vomiting,
Ventryl-D Syrup,Treatment of Dry cough,
Vertidom Tablet, Vertigo,
Vorier 200mg Tablet, Severe fungal infections,
Veniz XR 37.5 Capsule, Depression Anxiety disorder,
Venlor-XR 75 Capsule, Depression Anxiety disorder,
Ventab DXT 25 Tablet ER, Depression,
Vermact 12 Tablet DT,Treatment of Parasitic infections,
Volibo 0.2 Tablet,Treatment of Type 2 diabetes mellitus,
Vasocon Injection, Severe allergic reactions Cardiac arrest,
Voglimac GM 2 Tablet SR,Treatment of Type 2 diabetes mellitus,
Valtoval 1g Tablet, Herpes labialis Genital herpes infection Herpes zoster,
Vymada 200mg Tablet,Treatment of Heart failure,
Voritrol 200 Tablet, Severe fungal infections,
Volibo M 0.3 Tablet,Treatment of Type 2 diabetes mellitus,
Voglimet-GM Tablet SR,Treatment of Type 2 diabetes mellitus,
Valera Tablet,Treatment of Type 2 diabetes mellitus,
Vildamac M 50/1000 Tablet,Treatment of Type 2 diabetes mellitus,
Vigora Spray, Local anesthesia (Numb tissues in a specific area),
Vilnip M 500 Tablet,Treatment of Type 2 diabetes mellitus,
Veenat 400 Tablet,Treatment of Cancer,
Vilpower-M 500 Tablet,Treatment of Type 2 diabetes mellitus,
Vinicor XL 25 Tablet PR,Treatment of Hypertension (high blood pressure)Treatment of Angina (heart-related chest pain)Treatment of ArrhythmiaPrevention of Heart attackPrevention of Migraine,
Volapride-Plus Capsule SR,Treatment of Gastroesophageal reflux disease (Acid reflux),
Variped Vaccine,Prevention of Chickenpox,
Vinicor XL 50 Tablet,Treatment of Hypertension (high blood pressure)Treatment of Angina (heart-related chest pain)Treatment of ArrhythmiaPrevention of Heart attackPrevention of Migraine,
Vertin OD 24mg Tablet SR,Treatment of Meniere's disease,
Viraday Tablet, HIV infection,
Valzaar 40 Tablet, Hypertension (high blood pressure) Heart failure Prevention of heart attack and stroke,
Vitilex 150mg Tablet, Worm infections Skin disorders,
Volix Trio 2 Tablet ER,Treatment of Type 2 diabetes mellitus,
Valdiff-M 500 Tablet,Treatment of Type 2 diabetes mellitus,
Vildapride 50 Tablet,Treatment of Type 2 diabetes mellitus,
Viscodyne-LS Plus Expectorant,Treatment of Cough with mucus,
Ventryl Expectorant, Cough with mucus,
Varimax 10 Tablet,Treatment of Erectile dysfunction,
Viboliv Tablet, Alcoholic fatty liver disease,
Vinglyn Tablet,Treatment of Type 2 diabetes mellitus,
Vogli Trio 0.3 Tablet SR,Treatment of Type 2 diabetes mellitus,
Virovir 500 Tablet, Herpes labialis Herpes Simplex Virus Infections Shingles Genital herpes infection,
Valanext 1000mg Tablet, Herpes labialis Genital herpes infection Herpes zoster,
Vozole Eye Drop,Treatment of Fungal infections of eye Severe fungal infections,
Vinicor-AM 50/5 Tablet PR,Treatment of Hypertension (high blood pressure),
Vintor 4000 Injection,Treatment of Anemia due to chronic kidney diseaseTreatment of Anemia due to cancer chemotherapy,
Verifica Tablet,Treatment of Type 2 diabetes mellitus,
Voglinorm GM Forte 2 Tablet SR,Treatment of Type 2 diabetes mellitus,
Ventocore DL Tablet SR, Asthma,
Voritek 200 Tablet, Severe fungal infections,
VesiBeta 25 Tablet ER,Treatment of Overactive bladder (OAB) symptoms,
Venpres 40mg Tablet,Treatment of Hypertension (high blood pressure) Prevention of heart attack and strokeTreatment of Heart failure,
Volix M 0.3 Tablet,Treatment of Type 2 diabetes mellitus,
Vintor 10000IU Injection,Treatment of Anemia due to chronic kidney diseaseTreatment of Anemia due to cancer chemotherapy,
Vogli-GM 2 Tablet,Treatment of Type 2 diabetes mellitus,
Velfu Tablet PR,Treatment of Benign prostatic hyperplasia,
Vitaresp FX Suspension,Treatment of Hay feverTreatment of Allergic skin conditionsTreatment of Sneezing and runny nose due to allergies,
Volix 0.2mg Tablet,Treatment of Type 2 diabetes mellitus,
Vertistar -MD 24 Tablet,Treatment of Meniere's disease,
Ventab XL 75 Tablet PR, Depression Anxiety disorder,
VesiBeta 50 Tablet ER,Treatment of Overactive bladder (OAB) symptoms,
Vilact M 500 Tablet,Treatment of Type 2 diabetes mellitus,
Vertiford 8mg Tablet,Treatment of Meniere's disease,
Vogliboz-GM2 Tablet,Treatment of Type 2 diabetes mellitus,
Venpres-AM Tablet,Treatment of Hypertension (high blood pressure),
Vogli-Rapid 0.3/1.0 Tablet,Treatment of Type 2 diabetes mellitus,
Vibite M 500 Tablet,Treatment of Type 2 diabetes mellitus,
Valkem-OD 500 Tablet SR,Treatment of Epilepsy/SeizuresTreatment of Bipolar disorderPrevention of Migraine,
Valamac 1000mg Tablet, Herpes labialis Genital herpes infection Herpes zoster,
Vitaresp FX 180 Tablet,Treatment of Sneezing and runny nose due to allergies,
Volibo M 0.2 Tablet,Treatment of Type 2 diabetes mellitus,
Voglistar -MD 0.3 Tablet,Treatment of Type 2 diabetes mellitus,
Vominorm 10mg Tablet,Treatment of NauseaTreatment of VomitingTreatment of IndigestionTreatment of Heartburn,
Vilatin-M 50/500 Tablet,Treatment of Type 2 diabetes mellitus,
V D3 Sachet,Treatment of Vitamin D deficiencyTreatment of Osteoporosis,
Vaxirab N 2.5IU Injection, Prevention of Rabies,
Vildaphage-M Tablet,Treatment of Type 2 diabetes mellitus,
Viviloref Tablet,Treatment of Nutritional deficiencies,
Vogs-GM 2/0.3 Tablet SR,Treatment of Type 2 diabetes mellitus,
Vanking 500mg Injection, Severe bacterial infections,
Valent 40 Tablet, Hypertension (high blood pressure) Heart failure Prevention of heart attack and stroke,
Valprid CR 500 Tablet, Epilepsy,
Voxate Tablet,Treatment of Muscle spasms of the urinary tract,
Voglitor MF 0.3 Tablet,Treatment of Type 2 diabetes mellitus,
Voglinorm-GM2 Tablet SR,Treatment of Type 2 diabetes mellitus,
Vidaglo-M 50/500 Tablet,Treatment of Type 2 diabetes mellitus,
Vogli Trio 0.2 Tablet SR,Treatment of Type 2 diabetes mellitus,
Vinicor-AM 25/5 Tablet Tablet PR,Treatment of Hypertension (high blood pressure),
Voglitor MF 0.2 Tablet,Treatment of Type 2 diabetes mellitus,
Varivax Vaccine,Prevention of Chickenpox,
Voglimac GM 1 Tablet SR,Treatment of Type 2 diabetes mellitus,
Vinicor-D 50 Tablet, Hypertension (high blood pressure),
Vogli-M  0.3 Tablet,Treatment of Type 2 diabetes mellitus,
Veniz XR 150 Capsule, Depression Anxiety disorder,
Vobose 0.3 Tablet,Treatment of Type 2 diabetes mellitus,
Verifica-M 1000mg/50mg Tablet,Treatment of Type 2 diabetes mellitus,
Vilano 20 Tablet, Depression,
Ventab XL 37.5 Tablet, Depression Anxiety disorder,
Viveta Cream, Local anesthesia (Numb tissues in a specific area),
Vominos 25mg Tablet, Motion sickness Vertigo,
Vitilex 50mg Tablet,Treatment of Parasitic Worm infectionsTreatment of Skin disorders,
Vysov 50mg Tablet,Treatment of Type 2 diabetes mellitus,
Vinlep 300 Tablet, Epilepsy/Seizures,
Venpres-H 40mg/12.5mg Tablet,Treatment of Hypertension (high blood pressure),
Vesigard 7.5 Tablet PR,Treatment of Overactive bladder (OAB) symptoms,
Vogli 0.2 Tablet MD,Treatment of Type 2 diabetes mellitus,
Veltride Tablet, Benign prostatic hyperplasia,
Vildanat-M 500mg/50mg Tablet,Treatment of Type 2 diabetes mellitus,
Venusmin 150 Tablet,Treatment of Varicose veinsTreatment of PilesTreatment of Lymphedema,
Vildanex M 500mg/50mg Tablet,Treatment of Type 2 diabetes mellitus,
Voglibite-GM 2 Tablet SR,Treatment of Type 2 diabetes mellitus,
Valance Oral Solution,Treatment of Epilepsy/SeizuresTreatment of Bipolar disorderPrevention of Migraine,
Valkem-OD 250 Tablet SR,Treatment of Epilepsy/SeizuresTreatment of Bipolar disorderPrevention of Migraine,
Venlite OD 50 Tablet ER, Depression,
Veloz M Capsule SR, Gastroesophageal reflux disease (Acid reflux) Peptic ulcer disease,
Vogli-GM 1 Tablet SR,Treatment of Type 2 diabetes mellitus,
Vitanova-D3 6L Injection,Treatment of Vitamin D deficiencyTreatment of Osteoporosis,
Vysov-M 500mg/50mg Tablet,Treatment of Type 2 diabetes mellitus,
Vilpower 50 Tablet,Treatment of Type 2 diabetes mellitus,
Valprid CR 300 Tablet, Epilepsy,
Volix M 0.2 Tablet,Treatment of Type 2 diabetes mellitus,
Valamac 500mg Tablet, Herpes labialis Genital herpes infection Herpes zoster,
Valent 80 Tablet, Hypertension (high blood pressure) Heart failure Prevention of heart attack and stroke,
Vogs-M 0.3 Tablet SR,Treatment of Type 2 diabetes mellitus,
Vibanuron Tablet,Treatment of Neuropathic pain,
Vildaphage Tablet,Treatment of Type 2 diabetes mellitus,
Vintel-CtC Tablet, Hypertension (high blood pressure),
Vingraf 1 Capsule, Prevention of organ rejection in transplant patients,
Valtec CR 500 Tablet, Epilepsy,
Vinglyn M 1000 Tablet,Treatment of Type 2 diabetes mellitus,
Verbet 8 Tablet,Treatment of Meniere's disease,
Vogli-GM 2 Forte Tablet SR,Treatment of Type 2 diabetes mellitus,
Vozuca Activ 0.3 Tablet,Treatment of Type 2 diabetes mellitus,
Venla -XR 75 capsule, Depression Anxiety disorder,
Voglinorm GM 2/0.3 Tablet SR,Treatment of Type 2 diabetes mellitus,
Vomikind Injection,Treatment of Nausea Vomiting,
Ventab DXT 100 Tablet ER, Depression,
Venlift OD 75 Capsule PR, Depression Anxiety disorder,
Venlor-XR 150 Capsule, Depression Anxiety disorder,
Venphylin-M Tablet SR,Treatment and prevention of Chronic obstructive pulmonary disease (COPD)Treatment of Sneezing and runny nose due to allergies,
Vobose 0.2 Tablet,Treatment of Type 2 diabetes mellitus,
Vobit M 0.3 Tablet SR,Treatment of Type 2 diabetes mellitus,
Vilazine 20 Tablet, Depression,
Vinicor-D 25 Tablet ER, Hypertension (high blood pressure),
Vorifast 200 Tablet, Severe fungal infections,
Vasosure Tablet,Treatment of Pulmonary arterial hypertension (PAH),
Ventocore AX 75mg/5mg/10mg Tablet,Treatment of Respiratory tract disorders associated with viscid mucus,
VitBuz Softgel Capsule,Treatment of Nutritional deficiencies,
V 2 Plus Tablet, Pain relief,
Voglimac 0.3 Tablet,Treatment of Type 2 diabetes mellitus,
Voglinorm-GM1 Tablet SR,Treatment of Type 2 diabetes mellitus,
Vigoquin-T Eye Drop,Treatment of Bacterial eye infections,
Vogli-Rapid 0.3/0.5 Tablet,Treatment of Type 2 diabetes mellitus,
Virovir 250 Tablet, Herpes labialis Herpes Simplex Virus Infections Shingles Genital herpes infection,
Viatran 1000mg/500mg Injection,Treatment of Bacterial infections,
Vetory MX Tablet,Treatment of Muscular pain,
Viscodyne-LS Expectorant,Treatment of Cough with mucus,
Vinicor-AM 25/2.5 Tablet PR,Treatment of Hypertension (high blood pressure),
Vysov-M 50mg/1000mg Tablet,Treatment of Type 2 diabetes mellitus,
Valtoval 500 Tablet, Herpes labialis Genital herpes infection Herpes zoster,
Vertipress 16 Tablet,Treatment of Meniere's disease,
Voxamin 50 Tablet, Depression Obsessive-compulsive disorder,
Venlift OD 37.5 Capsule PR, Depression Anxiety disorder,
Vasovin - XL 2.5 Capsule,Treatment of Angina (heart-related chest pain),
Valprol -CR 750 Tablet, Epilepsy,
Vigoquin-KT Eye Drop,Treatment of Bacterial eye infections,
Vogli-M  0.2 Tablet,Treatment of Type 2 diabetes mellitus,
Vogo-M 0.3 Tablet,Treatment of Type 2 diabetes mellitus,
Valtec CR 300 Tablet, Epilepsy,
Vobose M 0.3 Tablet SR,Treatment of Type 2 diabetes mellitus,
Valanix 1000mg Tablet, Herpes labialis Genital herpes infection Herpes zoster,
Vilnip M 1000 Tablet,Treatment of Type 2 diabetes mellitus,
Voxidep 25 Tablet, Depression Obsessive-compulsive disorder,
Vertin MDS Orally Disintegrating Strip,Treatment of Meniere's disease,
Voxamin 100 Tablet, Depression Obsessive-compulsive disorder,
Valz 20 Tablet, Depression,
Vilodon 20 Tablet, Depression,
Valgress -CR 500 Tablet, Epilepsy,
Valanext 500mg Tablet, Herpes labialis Genital herpes infection Herpes zoster,
Voxylid 600mg Tablet,Treatment of Severe bacterial infections,
Vinlep Suspension Delicious Lemon Plum, Epilepsy/Seizures,
Voriways Tablet, Severe fungal infections,
Voglimac MF 0.3 Tablet SR,Treatment of Type 2 diabetes mellitus,
Vertirest 16mg Tablet,Treatment of Meniere's disease,
Valzaar 160 Tablet, Hypertension (high blood pressure) Heart failure Prevention of heart attack and stroke,
Vpl 5mg Injection,Treatment of Hypertension (high blood pressure)Treatment of Angina (heart-related chest pain)Treatment of Arrhythmia,
Valprol -CR 400 Tablet, Epilepsy,
Veenat 100 Capsule,Treatment of Cancer,
Valest 1 Tablet, Hormone replacement therapy,
Vidaglo Tablet,Treatment of Type 2 diabetes mellitus,
Valembic 40mg Tablet, Hypertension (high blood pressure) Heart failure Prevention of heart attack and stroke,
Voxidep 50 Tablet, Depression Obsessive-compulsive disorder,
Ventirex-A Tablet, Chronic obstructive pulmonary disease (COPD),
Ventab XL 150 Tablet, Depression Anxiety disorder,
Voglistar-Plus 0.3 Tablet,Treatment of Type 2 diabetes mellitus,
Verbet 24 Tablet,Treatment of Meniere's disease,
Voglibite-GM 1 Tablet SR,Treatment of Type 2 diabetes mellitus,
Velol 50mg Tablet XL,Treatment of Hypertension (high blood pressure)Treatment of Angina (heart-related chest pain)Treatment of ArrhythmiaPrevention of Heart attackPrevention of Migraine,
Valgress-CR 300 Tablet, Epilepsy,
Vilpower-M 1000 Tablet,Treatment of Type 2 diabetes mellitus,
Voraze 200mg Tablet, Severe fungal infections,
Vilact M 1000 Tablet,Treatment of Type 2 diabetes mellitus,
Voxidep 100mg Tablet, Depression Obsessive-compulsive disorder,
Valrate CR 300 Tablet, Epilepsy,
Vitator SP Tablet,Treatment of Edema,
Valrate CR 500 Tablet, Epilepsy,
Vactyph Vaccine,Prevention of Typhoid fever,
Vesilife 5mg Tablet,Treatment of Overactive bladder (OAB) symptoms,
Valent 160 Tablet, Hypertension (high blood pressure) Heart failure Prevention of heart attack and stroke,
Valembic 80mg Tablet, Hypertension (high blood pressure) Heart failure Prevention of heart attack and stroke,
Valzaar 80 Tablet, Hypertension (high blood pressure) Heart failure Prevention of heart attack and stroke,
Vinlep 600 Tablet, Epilepsy/Seizures,
Valdiff-M 1000 Tablet,Treatment of Type 2 diabetes mellitus,
Virolfi 450mg Tablet,Treatment of Cytomegalovirus Infection,
Venosuf Capsule,Treatment of PilesTreatment of Varicose veins,
Vintel 40AM Tablet,Treatment of Hypertension (high blood pressure),
Varenya Cream,Treatment of Skin disorders,
Vintel 40 Tablet,Treatment of Hypertension (high blood pressure) Prevention of heart attack and strokeTreatment of Heart failure,
Vermact 12 Tablet DT,Treatment of Parasitic infections,
Vilamid 20 Tablet, Depression,
Vendep-D 50 Tablet ER, Depression,
Valkem OD  750mg Tablet,Treatment of Epilepsy/SeizuresTreatment of Bipolar disorderPrevention of Migraine,
Valzaar-H 160 Tablet, Hypertension (high blood pressure),
Voglibite 0.3 Tablet MD,Treatment of Type 2 diabetes mellitus,
Vogo-M 0.2  Tablet,Treatment of Type 2 diabetes mellitus,
Versitol Retard 200 Tablet PR, Epilepsy/Seizures Trigeminal neuralgia Diabetic nerve pain,
Vesifa 5mg Tablet,Treatment of Overactive bladder (OAB) symptoms,
Valros-F Tablet,Treatment of High cholesterolPrevention of Heart attack,
Valgress-CR 200 Tablet, Epilepsy,
Vokanamet 50mg/500mg Tablet,Treatment of Type 2 diabetes mellitus,
Vozuca-M 0.3 Activ Tablet SR,Treatment of Type 2 diabetes mellitus,
Versitol Retard 300 Tablet PR, Epilepsy/Seizures Trigeminal neuralgia Diabetic nerve pain,
Venla -XR 150 Capsule, Depression Anxiety disorder,
Vaniza HC Gel, Skin infections,
Vidinorm Ophthalmic Solution,Treatment of Ocular hypertensionTreatment of Glaucoma,
Valprol -CR 600 Tablet, Epilepsy,
Vilano 40 Tablet, Depression,
Vildanat M 1000mg/50mg Tablet,Treatment of Type 2 diabetes mellitus,
Votrient 200mg Tablet, Kidney cancer Soft tissue sarcoma,
Vinlep 450 Tablet, Epilepsy/Seizures,
Voglibite-M 0.3 Tablet SR,Treatment of Type 2 diabetes mellitus,
Vinpocare 5 Tablet, Alzheimer's disease Stroke Dementia in Parkinson's disease Age related memory loss Head injury,
Vozuca Activ 0.2 Tablet,Treatment of Type 2 diabetes mellitus,
Velin-M 500 Tablet,Treatment of Type 2 diabetes mellitus,
Vilatin Tablet,Treatment of Type 2 diabetes mellitus,
Voglimac 0.2 Tablet,Treatment of Type 2 diabetes mellitus,
Voglitor MF Forte 0.3 Tablet,Treatment of Type 2 diabetes mellitus,
Volix Trio Forte 1 Tablet ER,Treatment of Type 2 diabetes mellitus,
Valent-H Tablet, Hypertension (high blood pressure),
Viclob N Cream,Treatment of Bacterial skin infections,
Voglistar-Plus 0.2 Tablet,Treatment of Type 2 diabetes mellitus,
Voglibite 0.2 Tablet,Treatment of Type 2 diabetes mellitus,
Vobose M 0.2 Tablet SR,Treatment of Type 2 diabetes mellitus,
Vidglit-M Tablet SR,Treatment of Type 2 diabetes mellitus,
Venphylin Plus Syrup, Cough with mucus,
Vingraf 2mg Capsule, Prevention of organ rejection in transplant patients,
Vivian 1.16% Gel, Pain relief,
Vogloyd 3D 2.2 Tablet PR,Treatment of Type 2 diabetes mellitus,
Valance 500 Oral Solution Colourless,Treatment of Epilepsy/SeizuresTreatment of Bipolar disorderPrevention of Migraine,
Voglibite-M 0.2 Tablet SR,Treatment of Type 2 diabetes mellitus,
Voglitab-M 0.3 Tablet SR,Treatment of Type 2 diabetes mellitus,
Vylda-M 850 Tablet,Treatment of Type 2 diabetes mellitus,
Vibite M 1000 Tablet,Treatment of Type 2 diabetes mellitus,
Versitol Retard 400 Tablet PR, Epilepsy/Seizures Trigeminal neuralgia Diabetic nerve pain,
Vilodon 40mg Tablet, Depression,
Volga R 0.5mg/0.3mg Tablet,Treatment of Type 2 diabetes mellitus,
Vilazine 40 Tablet, Depression,
Vil-G Tablet,Treatment of Type 2 diabetes mellitus,
Valz 40 Tablet, Depression,
Venlift OD 150 Capsule PR, Depression Anxiety disorder,
Vonavir Tablet, HIV infection,
Vinodine Antiseptic Germicidal Spray,Treatment and prevention of Wound infection,
Voxinix CR 100 Tablet, Depression Obsessive-compulsive disorder,
Vitaresp FX 30 Oral Suspension Mango,Treatment of Sneezing and runny nose due to allergies,
Volitra-Enzo Tablet, Pain relief,
V Druf Lotion,Treatment of Fungal skin infectionsTreatment of Dandruff,
Vibraset PNT 75mg/10mg/1500mcg Tablet,Treatment of Neuropathic pain,
Vozuca-M Activ Tablet SR,Treatment of Type 2 diabetes mellitus,
Valanix 500 Tablet, Herpes labialis Genital herpes infection Herpes zoster,
Voxinix 100 Tablet, Depression Obsessive-compulsive disorder,
Valrate CR 200 Tablet, Epilepsy,
Vilarest 20 Tablet, Depression,
Vidglit-M Forte Tablet PR,Treatment of Type 2 diabetes mellitus,
Voxee 100 Tablet SR, Depression Obsessive-compulsive disorder,
Vintel-CT Tablet, Hypertension (high blood pressure),
Vinicor XL 100 Tablet,Treatment of Hypertension (high blood pressure)Treatment of Angina (heart-related chest pain)Treatment of ArrhythmiaPrevention of Heart attackPrevention of Migraine,
Vertipress 24 Tablet,Treatment of Meniere's disease,
Vincan Injection,Treatment of Fungal infections,
Vilamid 40 Tablet, Depression,
Voglitab MD 0.3 Tablet,Treatment of Type 2 diabetes mellitus,
Vingraf 0.25 Capsule, Prevention of organ rejection in transplant patients,
Vito Gold D3 Oral Solution,Treatment of Vitamin D deficiencyTreatment of Osteoporosis,
Venlanz 2.5 Tablet MD,Treatment of SchizophreniaTreatment of Mania,
Vilmax-M 1000 Tablet,Treatment of Type 2 diabetes mellitus,
Voglikem 0.2 Tablet MD,Treatment of Type 2 diabetes mellitus,
Voglitab-M 0.2 Tablet SR,Treatment of Type 2 diabetes mellitus,
Vorto Gel, Pain relief,
Vasozine 0.05% Eye Drop, Eye Irritation,
Voglitab 0.2 Tablet,Treatment of Type 2 diabetes mellitus,
Vasnerv-P Tablet, Pain relief,
Vidglit Tablet,Treatment of Type 2 diabetes mellitus,
Valepsy 500 Tablet,Treatment of Epilepsy/Seizures,
Vogligress 0.2mg Tablet,Treatment of Type 2 diabetes mellitus,
Vactyph Vaccine,Prevention of Typhoid fever,
Vysov-M 850mg/50mg Tablet,Treatment of Type 2 diabetes mellitus,
Vilarest 40 Tablet, Depression,
Voglikem-M 0.2 Forte Tablet SR,Treatment of Type 2 diabetes mellitus,
Vomega-HD Soft Gelatin Capsule, Nutritional deficiencies,
Vomega-HD Soft Gelatin Capsule, Nutritional deficiencies,
Vesnac Tablet,Treatment of Paracetamol toxicity,
Vasnerv Tablet, Pain relief,
Vingose Met 0.3/500mg Tablet,Treatment of Type 2 diabetes mellitus,
Vomicare Oral Solution,Treatment of Nausea Vomiting,
Vomicare Oral Solution,Treatment of Nausea Vomiting,
Vabitus-LS Syrup,Treatment of Cough with mucus,
Wysolone 10 Tablet DT,Treatment of Severe allergic reactionsTreatment of Allergic conditionsTreatment of Rheumatic disorderTreatment of Skin disordersTreatment of Eye disordersTreatment of Nephrotic syndrome,
Wikoryl DS Syrup Orange, Common cold,
Wysolone 5 Tablet DT,Treatment of Severe allergic reactionsTreatment of Allergic conditionsTreatment of Rheumatic disorderTreatment of Skin disordersTreatment of Eye disordersTreatment of Nephrotic syndrome,
Walamycin Suspension,Treatment of Severe bacterial infections,
Wysolone 20 Tablet DT,Treatment of Severe allergic reactionsTreatment of Allergic conditionsTreatment of Rheumatic disorderTreatment of Skin disordersTreatment of Eye disordersTreatment of Nephrotic syndrome,
Winolap Eye Drop,Treatment of Allergic conditions,
Wikoryl AF Syrup,Treatment of Common cold,
Welminic Syrup Gluten Free,Treatment of Common cold,
Warf 5 Tablet,Prevention of Blood clots,
Wikoryl 325 Tablet DT,Treatment of Common cold,
Wikoryl AF Drops,Treatment of Common cold,
Winolap DS Eye Drop,Treatment of Allergic conditions,
Wikoryl Oral Suspension American Ice Cream,Treatment of Common cold,
Wokadine 10% Ointment,Treatment and prevention of Wound infection,
Willgo CR Tablet, Pain relief,
Welminic Oral Drops,Treatment of Common cold,
Walamycin  DS 25mg Suspension,Treatment of Severe bacterial infections,
Warf 2 Tablet,Prevention of Blood clots,
Winolap 5 Tablet,Treatment of Allergic conditions,
Wat-R Eye Drop,Treatment of Dry eyes,
Welminic-P Syrup,Treatment of Common cold,
Wingesic Plus Tablet,Treatment of Pain due to muscle spasm,
Wepox 10000IU Injection,Treatment of Anemia due to chronic kidney diseaseTreatment of Anemia due to cancer chemotherapy,
Welminic DX Syrup,Treatment of Dry cough,
Wormin 100mg Tablet,Treatment of Parasitic Worm infections,
Wakfree Tablet, Osteoarthritis,
Wincold Z Tablet,Treatment of Common cold,
Wax-Off Kid Ear Drop, Softening of earwax,
Wokadine Germicide Gargle 2% with Menthol,Treatment of Mouth infectionTreatment of Sore throatTreatment of Dry mouthTreatment and prevention of Wound infection,
Welset Cold Tablet,Treatment of Common cold,
Wokride-D Capsule SR,Treatment of Gastroesophageal reflux disease (Acid reflux)Treatment of Peptic ulcer disease,
Wosulin-R 40IU/ml Injection, Diabetes,
Womenox Injection,Treatment and prevention of Blood clots,
Walaphage -SR 500 Tablet,Treatment of Type 2 diabetes mellitus,
Winbp MT 50 Tablet, Hypertension (high blood pressure),
Walaphage 500 Tablet,Treatment of Type 2 diabetes mellitus,
Wokadine 10% Solution,Treatment and prevention of Wound infection,
Windose Tablet,Treatment of Influenza (flu),
Walaphage G 2 Tablet PR,Treatment of Type 2 diabetes mellitus,
Welset 650 Tablet, Pain reliefTreatment of Fever,
Wegamycin A Gel,Treatment of Acne,
Wytrol Capsule, Nutritional deficiencies,
Wokadine Gargle,Treatment and prevention of Wound infection,
Writex-Gold Soft Gelatin Capsule, Nutritional deficiencies,
Walaphage-G-1 Tablet PR,Treatment of Type 2 diabetes mellitus,
Wepox Injection,Treatment of Anemia due to chronic kidney diseaseTreatment of Anemia due to cancer chemotherapy,
Wetica-DS Eye Drop,Treatment of Dry eyes,
Wet-Comod Eye Drop,Treatment and prevention of Wound infection,
Wetica Eye Drop,Treatment of Dry eyes,
Wokadine 5% Dusting Powder,Treatment and prevention of Wound infection,
Wosulin 30/70 40IU/ml Injection, Diabetes,
Wokadine 5% Ointment,Treatment and prevention of Wound infection,
Winbp-Trio 20 Tablet, Hypertension (high blood pressure),
Weltelmi Trio 40mg/5mg/12.5mg Tablet, Hypertension (high blood pressure),
Winbp 40 Tablet, Hypertension (high blood pressure) Heart failure Prevention of heart attack and stroke,
Walaphage -SR 1000 Tablet,Treatment of Type 2 diabetes mellitus,
Winbp 20 H Tablet, Hypertension (high blood pressure),
Weltelmi-AM 40 Tablet,Treatment of Hypertension (high blood pressure),
Wokadine 5% Solution,Treatment and prevention of Wound infection,
Winbp CT 20/6.25 Tablet, Hypertension (high blood pressure),
Wincit M 5mg/10mg Tablet,Treatment of Sneezing and runny nose due to allergiesTreatment of Hay feverTreatment of Allergic skin conditions,
Welooz-IG Husk Powder,Treatment of Constipation,
Wocaine 2% Gel, Local anesthesia (Numb tissues in a specific area),
Winbp CT 40/12.5 Tablet, Hypertension (high blood pressure),
Waypra-D Capsule SR,Treatment of Gastroesophageal reflux disease (Acid reflux)Treatment of Peptic ulcer disease,
Womazol Tablet, Breast cancer,
Weltelmi MT 40mg/50mg Tablet,Treatment of Hypertension (high blood pressure),
Wokadine 7.5% Surgical Scrub,Treatment and prevention of Wound infection,
Wosulin 50/50 Injection 40IU/ml, Diabetes,
Wepox Safe 5000IU Injection,Treatment of Anemia due to chronic kidney diseaseTreatment of Anemia due to cancer chemotherapy,
Wokadine M Cream,Treatment of Wound infection,
Xgeva Solution for Injection, Osteoporosis,
Xbira 250mg Tablet, Prostate cancer,
Xeloda 500mg Tablet, Breast cancer Cancer of colon and rectum,
Xylocaine 2% Jelly, Local anesthesia (Numb tissues in a specific area),
Xyzal 5mg Tablet,Treatment of Allergic conditions,
Xarelto 10mg Tablet,Treatment and prevention of Blood clots,
Xykaa MR 4 Tablet, Pain due to muscle spasm,
Xone 1000mg Injection,Treatment of Bacterial infections,
Xyzal Syrup,Treatment of Allergic conditions,
Xarelto 20mg Tablet,Treatment and prevention of Blood clots,
Xyzal M Tablet,Treatment of Sneezing and runny nose due to allergiesTreatment of Hay feverTreatment of Allergic skin conditions,
Xafinact 50 Tablet, Parkinson's disease,
Xylocaine 2% Injection, Local anesthesia (Numb tissues in a specific area),
Xylocaine Viscous Solution, Local anesthesia (Numb tissues in a specific area),
Xtor 10 Tablet, High cholesterolPrevention of Heart attack,
Xarelto 15mg Tablet,Treatment and prevention of Blood clots,
Xygrel 90 Tablet, Prevention of heart attack and stroke,
Xylocaine Spray, Local anesthesia (Numb tissues in a specific area),
Xenadom 500 Tablet,Prevention of Migraine,
Xylocaine 5% Ointment, Local anesthesia (Numb tissues in a specific area),
Xalatan Eye Drop, Glaucoma Ocular hypertension,
Xarelto 2.5mg Tablet,Treatment and prevention of Blood clots,
Xlha Eye Drop,Treatment of Dry eyes,
Xtralite Mild Cream, Melasma,
Xoclave 625 Tablet,Treatment of Bacterial infections,
Xtralite Cream, Melasma,
Xyzal M Suspension,Treatment of Sneezing and runny nose due to allergiesTreatment of Hay feverTreatment of Allergic skin conditions,
Xigduo XR 10mg/1000mg Tablet,Treatment of Type 2 diabetes mellitus,
Xtor-F Tablet,Treatment of High cholesterolPrevention of Heart attack,
Xymoheal D Tablet, Pain relief,
Xet CR 12.5 Tablet,Treatment of DepressionTreatment of Panic disorderTreatment of Anxiety disorder,
Xpect-B Expectorant Mango Payari Black Currant, Cough,
Xamic 500 Tablet,Treatment of Bleeding,
Xstan-H Tablet,Treatment of Hypertension (high blood pressure),
Xone O 200mg/200mg Tablet, Bacterial infections,
Xtor 40 Tablet, High cholesterolPrevention of Heart attack,
Xenadom 250 Tablet,Prevention of Migraine,
XPect-PD Syrup Strawberry, Cough,
Xpect-D Syrup,Treatment of Dry cough,
XTPara Proglet Tablet SR, Pain relief Fever,
Xpect-LS Expectorant,Treatment of Cough with mucus,
Xigduo XR 10mg/500mg Tablet,Treatment of Type 2 diabetes mellitus,
Xtor 20 Tablet, High cholesterolPrevention of Heart attack,
Xyzal 10mg Tablet,Treatment of Allergic conditions,
Xarelto 20mg Tablet,Treatment and prevention of Blood clots,
Xykaa MR 8 Tablet, Pain due to muscle spasm,
Ximeceff 200 Tablet DT,Treatment of Bacterial infections,
Xoxe-CV Tablet,Treatment of Bacterial infections,
Xprab Vaccine, Prevention of Rabies,
Xtane Tablet, Breast cancer,
XL Mont 5mg/10mg Tablet,Treatment of Sneezing and runny nose due to allergiesTreatment of Hay feverTreatment of Allergic skin conditions,
Xigduo 5mg/1000mg Tablet IR,Treatment of Type 2 diabetes mellitus,
Xonift  100mg Tablet SR,Treatment of Bacterial infections of urinary tract,
Xoxe 500 Tablet,Treatment of Bacterial infections,
Xafinact 100 Tablet, Parkinson's disease,
Xalacom Eye Drop,Treatment of GlaucomaTreatment of Ocular hypertension,
Xultophy Injection,Treatment of Type 2 diabetes mellitus,
Xbaren 300 Tablet SR, Epilepsy/Seizures,
Xstan-AMH Tablet, Hypertension (high blood pressure),
Xet CR 25 Tablet,Treatment of DepressionTreatment of Panic disorderTreatment of Anxiety disorder,
Xamic MF Tablet,Treatment of Heavy menstrual bleedingTreatment of Menstrual pain,
Xanilax SR 200 Tablet,Treatment of AsthmaTreatment of BronchitisTreatment of Chronic obstructive pulmonary disease (COPD),
Xymoheal Forte Tablet, Pain reliefTreatment of Swelling,
Xoxe 250mg Tablet,Treatment of Bacterial infections,
Xinep Eye Drop,Treatment of Post-operative eye pain and inflammation,
Xbaren 150 Tablet SR, Epilepsy/Seizures,
Xmet-SR Tablet,Treatment of Type 2 diabetes mellitus,
Xet 10 Tablet,Treatment of DepressionTreatment of Panic disorderTreatment of Anxiety disorder,
Xtor 5 Tablet, High cholesterolPrevention of Heart attack,
Xpect-B Expectorant Mixed Fruit Sugar Free, Cough,
Xmet 500 Tablet,Treatment of Type 2 diabetes mellitus,
Xtin Plus Tablet, Hair loss,
Xoclave 375 Tablet,Treatment of Bacterial infections,
Xet 20 Tablet,Treatment of DepressionTreatment of Panic disorderTreatment of Anxiety disorder,
Xerofung 200 Capsule,Treatment of Fungal infections,
Xilia-M 1 Tablet PR,Treatment of Type 2 diabetes mellitus,
Xilia-MP 2 Tablet,Treatment of Type 2 diabetes mellitus,
Xmet-Trio 500/0.2/1 Tablet ER,Treatment of Type 2 diabetes mellitus,
Xynova Gel, Local anesthesia (Numb tissues in a specific area),
Xilia-M 2 Tablet PR,Treatment of Type 2 diabetes mellitus,
Xmet 250 Tablet,Treatment of Type 2 diabetes mellitus,
Xbaren 450 Tablet SR, Epilepsy/Seizures,
Xstan 20mg Tablet,Treatment of Hypertension (high blood pressure) Prevention of heart attack and strokeTreatment of Heart failure,
Xecute 200mg Tablet,Treatment of Bacterial infections,
Xicaine Injection, Local anesthesia (Numb tissues in a specific area),
X-Mont LC Tablet,Treatment of Sneezing and runny nose due to allergiesTreatment of Hay feverTreatment of Allergic skin conditions,
Xilia-Trio 2 Tablet SR,Treatment of Type 2 diabetes mellitus,
Xerofung 100 Capsule,Treatment of Fungal infections,
Xirtam H Tablet, Hypertension (high blood pressure),
Xet CR 37.5 Tablet,Treatment of DepressionTreatment of Panic disorderTreatment of Anxiety disorder,
Xmet-SR 1g Tablet,Treatment of Type 2 diabetes mellitus,
Xbaren 600mg Tablet, Epilepsy/Seizures,
Xentas 0.5mg Tablet, Schizophrenia Depression Bipolar disorder,
Xevor 5mg Tablet,Treatment of Allergic conditions,
XREL Tablet, Pain relief,
Xaldinac Tablet,Treatment of Pain due to muscle spasm,
Xtpara Tablet SR, Pain relief Fever,
Xylone Adult Nasal Spray, Nasal congestion (blocked nose),
Xarelto 15mg Tablet,Treatment and prevention of Blood clots,
Xylovis Oral Topical Solution, Local anesthesia (Numb tissues in a specific area),
Xarelto 20mg Tablet,Treatment and prevention of Blood clots,
Xilia-M1 Forte Tablet,Treatment of Type 2 diabetes mellitus,
Xirtam AM Tablet, Hypertension (high blood pressure),
Xcaber Lotion, Scabies,
Xrate Cough Expectorant Sugar Free, Cough,
Xrate Cough Expectorant Sugar Free, Cough,
Yasmin Tablet, Contraception,
Yamini Tablet, Contraception,
Yees-D Capsule SR,Treatment of Gastroesophageal reflux disease (Acid reflux)Treatment of Functional dyspepsia,
YAZ Tablet, Contraception,
Yuliprist Tablet, Uterine fibroids,
Yamini LS Kit, Contraception,
Yaw 2.5 Tablet,Treatment of Erectile dysfunction,
Ycyst M Tablet,Treatment of Type 2 diabetes mellitus,
Yaw 5 Tablet,Treatment of Erectile dysfunction,
Yogatel 40 Tablet,Treatment of Hypertension (high blood pressure) Prevention of heart attack and strokeTreatment of Heart failure,
Yogamet-GM 2 Tablet PR,Treatment of Type 2 diabetes mellitus,
Zerodol-SP Tablet, Pain relief,
Zerodol-P Tablet, Pain relief,
Zifi 200 Tablet,Treatment of Bacterial infections,
Zerodol-MR Tablet,Treatment of Pain due to muscle spasm,
Zedex Cough Syrup,Treatment of Dry cough,
Zerodol TH 4 Tablet,Treatment of Pain due to muscle spasm,
Zerodol Tablet, Pain relief,
Zenflox-OZ Tablet,Treatment of Bacterial & parasitic infections,
Zonegran Tablet, Epilepsy/Seizures,
Zyloric Tablet,Treatment of Gout,
Zytee RB Gel,Treatment of Mouth ulcers,
Zifi CV 200 Tablet,Treatment of Bacterial infections,
Zocef 500 Tablet,Treatment of Bacterial infections,
Zenflox-UTI Tablet,Treatment of Urinary tract infections (UTIs),
Zerodol Spas Tablet,Treatment of Abdominal pain,
Zentel Oral Suspension,Treatment of Parasitic infections,
Zole-F Ointment,Treatment of Fungal skin infections,
Zocef-CV 500 Tablet,Treatment of Bacterial infections,
Zostum 1.5gm Injection,Treatment of Bacterial infections,
Zentel Chewable Tablet,Treatment of Parasitic infections,
Zanocin 200 Tablet,Treatment of Bacterial infections,
Zifi 100 Dry Syrup,Treatment of Bacterial infections,
Zerodol -CR Tablet, Pain relief,
Zenflox 200 Tablet,Treatment of Bacterial infections,
Zenflox Eye/Ear Drop, Bacterial eye / ear infectionsTreatment of Bacterial infections,
Zedott 100mg Capsule,Treatment of Diarrhea,
Zady 500 Tablet,Treatment of Bacterial infections,
Zocon 150 Tablet,Treatment of Fungal infections,
Zofer MD 4 Tablet,Treatment of NauseaTreatment of Vomiting,
Zostum-O 200mg Tablet,Treatment of Bacterial infections,
Zoryl-M 1 Tablet PR,Treatment of Type 2 diabetes mellitus,
Zycolchin Tablet,Treatment of Gout,
Zedocef 200 Tablet,Treatment of Bacterial infections,
Zoxan Eye Ointment, Bacterial eye infections,
Zanocin OZ Tablet,Treatment of Bacterial & parasitic infections,
Zoderm E Cream, Fungal skin infections,
Zerodol TH 8 Tablet,Treatment of Pain due to muscle spasm,
Zofer 4mg Tablet,Treatment of NauseaTreatment of Vomiting,
ZyrCold Syrup,Treatment of Cough,
Zocon AS Tablet, Syndromic treatment of vaginal discharge,
Zocon 200 Tablet,Treatment of Fungal infections,
Zifi 100 DT Tablet,Treatment of Bacterial infections,
Zoryl-M 2 Tablet PR,Treatment of Type 2 diabetes mellitus,
Zifi 50 Dry Syrup,Treatment of Bacterial infections,
Zydip-C Lotion,Treatment of Fungal skin infections,
Zocef 250 Tablet,Treatment of Bacterial infections,
Zeet Syrup,Treatment of Cough,
Zoster 800 Tablet, Herpes Simplex Virus Infections Chickenpox Herpes labialis Shingles Genital herpes infection,
Zathrin 500 Tablet,Treatment of Bacterial infections,
Zydip Lotion, Skin conditions with inflammation & itchingTreatment of Asthma,
Zorbax 500mg Tablet, Fungal infections,
Zyloric 300 Tablet,Treatment of Gout,
Zimig 250mg Tablet, Fungal infections,
Zytanix 5 Tablet,Treatment of Hypertension (high blood pressure)Treatment of Edema,
Zosert 50 Tablet,Treatment of DepressionTreatment of Post traumatic stress disorderTreatment of Obsessive-compulsive disorderTreatment of Panic disorderTreatment of Premenstrual dysphoric disorderTreatment of AnxietyTreatment of Premenstrual syndrome (PMS),
Zyrtec Syrup,Treatment of Allergic conditions,
Zedocef CV 200 Tablet,Treatment of Respiratory tract infection,
Zipod 200mg Tablet,Treatment of Bacterial infections,
Zerograin 10 Tablet,Prevention of Migraine,
Zovirax 400 Tablet, Herpes Simplex Virus Infections Chickenpox Herpes labialis Shingles Genital herpes infection,
Zadonase Tablet,Treatment of Sneezing and runny nose due to allergies,
Zoxan Eye/Ear Drops,Treatment of Bacterial eye / ear infectionsTreatment of Bacterial infections,
Zempred 8 Tablet,Treatment of Rheumatic disorderTreatment of Systemic lupus erythematosus (SLE)Treatment of Allergic conditionsTreatment of Eye disordersTreatment of Skin disorders,
Zerodol-PG 200/75 Tablet SR,Treatment of Neuropathic pain,
Zinase-D Tablet, Pain relief,
Zavamet 500 Tablet,Treatment of Type 2 diabetes mellitus,
Zerotuss XP Syrup,Treatment of Cough with mucus,
Zerotuss Oral Suspension,Treatment of Dry cough,
Zeptol CR 200 Tablet, Epilepsy/Seizures Trigeminal neuralgia Diabetic nerve pain,
Zady 250 Tablet,Treatment of Bacterial infections,
Zenoxa 300 Tablet, Epilepsy/Seizures,
Zita-Met Plus 20mg/500mg Tablet ER,Treatment of Type 2 diabetes mellitus,
Zocon 1% Dusting Powder,Treatment of Fungal skin infections,
Zytanix 2.5 Tablet,Treatment of Hypertension (high blood pressure)Treatment of Edema,
Zylopred Opthalmic Suspension,Treatment of Bacterial eye infections,
Zaha Eye Ointment,Treatment of Bacterial eye infections,
ZyrCold Tablet,Treatment of Cough,
Zoxan Eye Ointment, Bacterial eye infections,
Zevert MD 16 Tablet,Treatment of Meniere's disease,
Zedex Plus Cough Syrup Sugar Free,Treatment of Dry cough,
Zosert 25 Tablet,Treatment of DepressionTreatment of Post traumatic stress disorderTreatment of Obsessive-compulsive disorderTreatment of Panic disorderTreatment of Premenstrual dysphoric disorderTreatment of AnxietyTreatment of Premenstrual syndrome (PMS),
Zanocin 100 Liquid,Treatment of Bacterial infections,
Zoxan-D Eye/Ear Drops,Treatment of Bacterial eye / ear infectionsTreatment of Eye infection with inflammation,
Zocon 400 Tablet,Treatment of Fungal infections,
Zoline-Plus Eye Drops,Treatment of Allergic eye disease,
Zefu 500 Tablet,Treatment of Bacterial infections,
Zoster Cream, Herpes labialis,
Zifi Lbx Neo Tablet, Bacterial infections,
Zanocin OD 400mg Tablet ER,Treatment of Bacterial infections,
Zymoflam D Tablet, Pain relief,
Zovirax Suspension, Herpes Simplex Virus Infections Chickenpox Herpes labialis Shingles Genital herpes infection,
Zerodol-S Tablet, Pain relief,
Zoxan 500 Tablet,Treatment of Bacterial infections,
Zocef-CV 250 Tablet,Treatment of Bacterial infections,
Zoryl M2 Forte Tablet PR,Treatment of Type 2 diabetes mellitus,
Zyrtec Tablet,Treatment of Allergic conditions,
Zoryl 1 Tablet,Treatment of Type 2 diabetes mellitus,
Zovirax 800 Tablet, Herpes Simplex Virus Infections Chickenpox Herpes labialis Shingles Genital herpes infection,
Zayo 50 Tablet,Treatment of Heart failure,
Zerograin-Plus New Tablet,Prevention of Migraine,
Zole Skin Ointment,Treatment of Fungal skin infections,
Zincoderm-GM Neo Cream,Treatment of Skin infections,
Zedott Baby Sachet,Treatment of Diarrhea,
Zedex-SF Dry Cough Syrup Sugar Free,Treatment of Dry cough,
Zix-MR Tablet,Treatment of Pain due to muscle spasm,
Zomelis 50mg Tablet,Treatment of Type 2 diabetes mellitus,
Zathrin 250 Tablet,Treatment of Bacterial infections,
Zocon 50 DT Tablet,Treatment of Fungal infections,
Zempred 4 Tablet,Treatment of Rheumatic disorderTreatment of Systemic lupus erythematosus (SLE)Treatment of Allergic conditionsTreatment of Eye disordersTreatment of Skin disorders,
Zocon-T Kit,Treatment of Fungal infections of vagina,
Zifi Drop,Treatment of Bacterial infections,
Zucapride-M 500 Tablet SR,Treatment of Type 2 diabetes mellitus,
Zoldonat 4mg Injection, Osteoporosis Hypercalcemia,
Zefu 250 Tablet,Treatment of Bacterial infections,
Zita Plus Tablet,Treatment of Type 2 diabetes mellitus,
Ziten-M 500mg/20mg Tablet ER,Treatment of Type 2 diabetes mellitus,
Zyncet Tablet,Treatment of Allergic conditions,
Zedex-P Syrup, Common cold,
Zyrtec Drops,Treatment of Allergic conditions,
Zempred 16 Tablet,Treatment of Rheumatic disorderTreatment of Systemic lupus erythematosus (SLE)Treatment of Allergic conditionsTreatment of Eye disordersTreatment of Skin disorders,
Zeptol CR 300 Tablet, Epilepsy/Seizures Trigeminal neuralgia Diabetic nerve pain,
Zinepra 10 Tablet SR,Prevention of Migraine,
Zeptol 200 Tablet, Epilepsy/Seizures Trigeminal neuralgia Diabetic nerve pain,
Zydip-C Cream,Treatment of Fungal skin infections,
ZEN Retard 200 Tablet ER, Epilepsy/Seizures Trigeminal neuralgia Diabetic nerve pain,
Zocon Eye Drop, Fungal infections of eyeTreatment of Fungal infections,
Zoryl M 1 Forte Tablet PR,Treatment of Type 2 diabetes mellitus,
Zocef Dry syrup,Treatment of Bacterial infections,
Zimigut 400 Tablet,Treatment of Hepatic encephalopathyTreatment of Infectious diarrhea,
Zincold Tablet,Treatment of Common cold,
Zinase-DP Tablet, Pain relief,
ZO Eye/Ear Drops, Bacterial eye / ear infectionsTreatment of Bacterial infections,
Zixflam Tablet, Pain relief,
Zotide Injection, Osteoporosis,
Ziten Tablet,Treatment of Type 2 diabetes mellitus,
ZY-Q 200 Tablet,Treatment of Rheumatoid arthritisTreatment of Systemic lupus erythematosus (SLE)Treatment of Type 2 diabetes mellitus,
Zymoflam Tablet, Pain relief,
Zady Redimix 200mg Syrup,Treatment of Bacterial infections,
Zosert 100 Tablet,Treatment of DepressionTreatment of Post traumatic stress disorderTreatment of Obsessive-compulsive disorderTreatment of Panic disorderTreatment of Premenstrual dysphoric disorderTreatment of AnxietyTreatment of Premenstrual syndrome (PMS),
Zofer 2mg/ml Injection,Treatment of Nausea Vomiting,
Zomelis Met 50mg/500mg Tablet,Treatment of Type 2 diabetes mellitus,
Zipod CV 200mg/125mg Tablet,Treatment of Respiratory tract infection,
Zukanorm 50 Tablet,Treatment of Type 2 diabetes mellitus,
Ziprax 100mg Dry Syrup Strawberry,Treatment of Bacterial infections,
Zytee RB Gel,Treatment of Mouth ulcers,
Zivifresh 0.5% Eye Drop,Treatment of Dry eyes,
Zolmist Nasal Spray, Acute migraine headache,
Zenegra 100 Tablet,Treatment of Erectile dysfunction,
Zyrop 10000 Injection,Treatment of Anemia due to chronic kidney diseaseTreatment of Anemia due to cancer chemotherapy,
Zymor-AP Tablet, Pain relief,
Zocon L Cream,Treatment of Fungal skin infections,
Zivast 10 Tablet, High cholesterolPrevention of Heart attack,
Zenoxa 150 Tablet, Epilepsy/Seizures,
Zincoderm Cream,Treatment of Allergic skin conditions,
Zeldinac-SP Tablet, Pain relief,
ZO 200 Tablet,Treatment of Bacterial infections,
Zole-F Lotion,Treatment of Fungal skin infections,
Zifi CV 100 DT Tablet,Treatment of Bacterial infections,
Zevert 16 Tablet DT,Treatment of Meniere's disease,
Zoryl M 0.5 Tablet PR,Treatment of Type 2 diabetes mellitus,
Zeptol CR 400 Tablet, Epilepsy/Seizures Trigeminal neuralgia Diabetic nerve pain,
Zyclin Nano Gel,Treatment of Bacterial infections,
Zerotuss-D Syrup,Treatment of Dry cough,
Zenflox Suspension,Treatment of Bacterial infections,
Zeebee Tablet,Treatment of Parasitic infections,
Zaha Eye Drop,Treatment of Bacterial eye infections,
Zifi CV 100 Dry Syrup,Treatment of Bacterial infections,
ZyKT Soap, Dandruff,
ZO-D Eye Drop,Treatment of Bacterial eye infections,
Zoryl 2 Tablet,Treatment of Type 2 diabetes mellitus,
Zithrox 200 Readyuse Suspension,Treatment of Bacterial infections,
Ziprax 200 DT Tablet,Treatment of Bacterial infections,
Zimig 1% Cream, Fungal skin infections,
Zostum O 100mg Dry Syrup,Treatment of Bacterial infections,
Zitblow 20mg Soft Gelatin Capsule,Treatment of Acne,
Zita-Met Plus 20mg/1000mg Tablet ER,Treatment of Type 2 diabetes mellitus,
Zithium 500 Tablet,Treatment of Bacterial infections,
Zimigut 550 Tablet,Treatment of Hepatic encephalopathyTreatment of Infectious diarrhea,
Zenoxa 450 Tablet, Epilepsy/Seizures,
Zenflox 400 Tablet,Treatment of Bacterial infections,
Zefu-CV 250 Tablet,Treatment of Bacterial infections,
Zitran 200 Capsule,Treatment of Fungal infections,
Zeet DX Syrup,Treatment of Dry cough,
Zix-R OD Capsule SR, Pain relief,
Zipant 40 Tablet,Treatment of HeartburnTreatment of Gastroesophageal reflux disease (Acid reflux)Treatment of Peptic ulcer diseaseTreatment of Zollinger-Ellison syndrome,
ZEN 200 Tablet, Epilepsy/Seizures Trigeminal neuralgia Diabetic nerve pain,
Zisper LS Tablet, Schizophrenia,
Zinepra 5 Tablet SR,Prevention of Migraine,
Zoryl-MV 1 Tablet SR,Treatment of Type 2 diabetes mellitus,
Zincoderm-G Cream, Bacterial skin infections,
Zofer 2mg Oral Solution,Treatment of Nausea Vomiting,
Zulu AT 4 Tablet,Treatment of Pain due to muscle spasm,
Zyrik 100 Tablet,Treatment of Gout,
Zithrox 250 Tablet,Treatment of Bacterial infections,
Zifi 50 DT Tablet,Treatment of Bacterial infections,
Zocon 1% Soap,Treatment of Fungal skin infections,
Zorno Tablet,Treatment of Bacterial & parasitic infections,
Zanocin 50 Liquid,Treatment of Bacterial infections,
Zeptol 100 Tablet, Epilepsy/Seizures Trigeminal neuralgia Diabetic nerve pain,
Zenflox-Plus 100 Tablet,Treatment of Typhoid feverTreatment of Bacterial infections,
Zisper Plus Tablet, Schizophrenia,
Zotobac Gel,Treatment of Bacterial skin infections,
Zomelis Met 50mg/1000mg Tablet,Treatment of Type 2 diabetes mellitus,
Zolephos 5mg/100ml Infusion, Osteoporosis Hypercalcemia,
Zeecool Plus Eye Drops,Treatment of Allergic eye disease,
Zydip Lotion, Skin conditions with inflammation & itchingTreatment of Asthma,
Zimigut 200 Tablet,Treatment of Infectious diarrhea,
Zipcet Tablet,Treatment of Allergic conditions,
Zifi Turbo 600 Tablet,Treatment of Severe bacterial infections,
Zoryl MP 2 Tablet ER,Treatment of Type 2 diabetes mellitus,
Zitblow 10mg Soft Gelatin Capsule,Treatment of Acne,
ZEN Retard 300 Tablet ER, Epilepsy/Seizures Trigeminal neuralgia Diabetic nerve pain,
Zocon 100 DT Tablet,Treatment of Fungal infections,
Zoryl M 3 Forte Tablet PR,Treatment of Type 2 diabetes mellitus,
Zitcare Foam Wash, Acne,
Ziglim-M1 Tablet PR,Treatment of Type 2 diabetes mellitus,
Zyaqua Eye Drop,Treatment of Dry eyes,
Zava Tablet,Treatment of Type 2 diabetes mellitus,
Zoryl MV 2/0.3 Tablet SR,Treatment of Type 2 diabetes mellitus,
Ziprax 50mg Dry Syrup,Treatment of Bacterial infections,
Zyrova 10 Tablet,Treatment of High cholesterol Prevention of heart attack and stroke,
Zipant-DSR Capsule,Treatment of Gastroesophageal reflux disease (Acid reflux)Treatment of Peptic ulcer disease,
Zoster 400mg Tablet DT, Herpes Simplex Virus Infections Chickenpox Herpes labialis Shingles Genital herpes infection,
Zerotuss XP Drop,Acute Sore throatTreatment of Cough with mucus,
Zaditen Eye Drop,Prevention of Asthma,
Zedocef Dxl 200 Tablet ER,Treatment of Bacterial infections,
Zonisep 100 Capsule, Epilepsy/Seizures,
Zoryl 0.5 Tablet,Treatment of Type 2 diabetes mellitus,
Zyven-OD 50 Tablet ER, Depression,
Zucator 100 Tablet,Treatment of Type 2 diabetes mellitus,
Zimivir 1000 Tablet, Herpes labialis Genital herpes infection Herpes zoster,
Zefway 200 DT Tablet, Bacterial infections,
Zevert MD 8 Tablet,Treatment of Meniere's disease,
Zocon -C Cream,Treatment of Fungal skin infections,
Zenoxa 600 Tablet, Epilepsy/Seizures,
Zenoxa OD 300 Tablet SR, Epilepsy/Seizures,
ZEN Retard 400 Tablet ER, Epilepsy/Seizures Trigeminal neuralgia Diabetic nerve pain,
Ziglim Plus 2 Tablet SR,Treatment of Type 2 diabetes mellitus,
Zydol-P Syrup, Pain reliefTreatment of Fever,
Ziblok 50 Tablet,Treatment of Hypertension (high blood pressure)Treatment of Angina (heart-related chest pain)Treatment of ArrhythmiaPrevention of Heart attack,
Zoryl-M 4 Forte Tablet PR,Treatment of Type 2 diabetes mellitus,
Zelgor 500mg Tablet, Prostate cancer,
Zupion -SR Tablet, Depression Smoking addiction,
Zybend Tablet,Treatment of Parasitic infections,
Zilast 50 Tablet,Treatment of Intermittent claudication,
Zerodol TH OD 200 mg/8 mg Capsule SR,Treatment of Pain due to muscle spasm,
Zavamet 1000 Tablet,Treatment of Type 2 diabetes mellitus,
Zyrik 300 Tablet,Treatment of Gout,
Zatura 500 Tablet,Treatment of Bacterial infections,
Ziten-M 1000mg/20mg Tablet ER,Treatment of Type 2 diabetes mellitus,
Zithrolect 500 Tablet,Treatment of Bacterial infections,
Zix-PG 200/75 Tablet SR,Treatment of Neuropathic pain,
Zilarta 40 Tablet, Hypertension (high blood pressure) Heart failure Prevention of heart attack and stroke,
Zovax CV 625 Tablet,Treatment of Bacterial infections,
Zukamin Cold Suspension,Treatment of Common cold,
Zoclar 500mg Tablet,Treatment of Bacterial infections,
Zonasoft Eye Drop,Treatment of Dry eyes,
Zovirax 200 Tablet, Herpes Simplex Virus Infections Chickenpox Herpes labialis Shingles Genital herpes infection,
Zady Readymix Oral Suspension,Treatment of Bacterial infections,
Zix P 100mg/325mg Tablet, Pain relief,
Zanocin F 200 mg/200 mg Tablet,Treatment of Urinary tract infections (UTIs),
Zilarbi 40 Tablet, Hypertension (high blood pressure) Heart failure Prevention of heart attack and stroke,
Zofix 200 Tablet,Treatment of Bacterial infections,
Zulu-P Tablet, Pain relief,
Zyvac Tcv-PFS Vaccine,Prevention of Typhoid fever,
Zilast 100 Tablet,Treatment of Intermittent claudication,
Zydol-P Suspension, Pain reliefTreatment of Fever,
ZEEBEE 200 MG SUSPENSION,Treatment of Parasitic infections,
Zelgor 250mg Tablet, Prostate cancer,
Zincoren Eye/Ear Drops,Treatment of Bacterial eye / ear infections,
Zithrox XL 200mg/5ml Dry Syrup,Treatment of Bacterial infections,
Zosa-L Capsule PR,Treatment of Gastroesophageal reflux disease (Acid reflux)Treatment of Peptic ulcer disease,
Zynesp 40 Injection,Treatment of Anemia due to chronic kidney diseaseTreatment of Anemia due to cancer chemotherapy,
Zinase-XT Tablet, Pain relief,
Zotral 50 Tablet,Treatment of DepressionTreatment of Post traumatic stress disorderTreatment of Obsessive-compulsive disorderTreatment of Panic disorderTreatment of Premenstrual dysphoric disorderTreatment of AnxietyTreatment of Premenstrual syndrome (PMS),
Zilos-AM Tablet, Hypertension (high blood pressure),
Zoxan OZ Tablet,Treatment of Bacterial & parasitic infections,
Zott P Tablet, Pain relief,
Zilsar 40 Tablet, Hypertension (high blood pressure) Heart failure Prevention of heart attack and stroke,
Zisper Forte Tablet, Schizophrenia,
Zivast 20 Tablet, High cholesterolPrevention of Heart attack,
Ziblok 25 Tablet,Treatment of Hypertension (high blood pressure)Treatment of Angina (heart-related chest pain)Treatment of ArrhythmiaPrevention of Heart attack,
Zoryl 4 Tablet,Treatment of Type 2 diabetes mellitus,
Zathrin 100 Readymix Oral Suspension,Treatment of Bacterial infections,
ZY-Q 300 Tablet,Treatment of Rheumatoid arthritisTreatment of Systemic lupus erythematosus (SLE)Treatment of Type 2 diabetes mellitus,
Zobid D 50 Tablet DT, Pain relief,
Zonisep 50 Capsule, Epilepsy/Seizures,
Zoryl 3 Tablet,Treatment of Type 2 diabetes mellitus,
Zilos 50 Tablet,Treatment of Hypertension (high blood pressure)Treatment of Heart failure Prevention of heart attack and stroke,
Zeethrom 500 Tablet,Treatment of Bacterial infections,
Zentob Eye Drop,Treatment of Bacterial eye infections,
Ziram 5 Tablet,Treatment of Hypertension (high blood pressure) Prevention of heart attack and strokeTreatment of Heart failure,
ZyKT Cream, Fungal skin infections,
ZE Spas Tablet,Treatment of Menstrual painTreatment of Abdominal cramp,
Ziglim Plus 1 Tablet SR,Treatment of Type 2 diabetes mellitus,
Zydalis MD 10 Tablet,Treatment of Erectile dysfunctionTreatment of Pulmonary arterial hypertension (PAH),
Zelgra 180 Tablet,Treatment of Sneezing and runny nose due to allergiesTreatment of Allergic conditions,
Zivifresh Gel,Treatment of Dry eyes,
Zenoxa OD 600 Tablet SR, Epilepsy/Seizures,
Zofer 8mg Injection,Treatment of Nausea Vomiting,
Zucator M 500 Tablet,Treatment of Type 2 diabetes mellitus,
Zinase-Plus Tablet, Pain relief,
Zocon L Cream,Treatment of Fungal skin infections,
Zukamin Cold Oral Drops,Treatment of Common cold,
Zonafresh Eye Drop,Treatment of Dry eyes,
Zynoff Eye/Ear Drop, Bacterial eye / ear infectionsTreatment of Bacterial infections,
Zimivir 500 Tablet, Herpes labialis Genital herpes infection Herpes zoster,
Zydalis MD 20 Tablet,Treatment of Erectile dysfunctionTreatment of Pulmonary arterial hypertension (PAH),
Zilos-H Tablet,Treatment of Hypertension (high blood pressure),
Zoryl MP 1 Tablet ER,Treatment of Type 2 diabetes mellitus,
Zaporil 12.5mg Tablet, Schizophrenia,
Zonisep 25 Capsule, Epilepsy/Seizures,
Zurig 80 Tablet,Treatment of Gout,
Zifi 50 Readymix Suspension,Treatment of Bacterial infections,
ZEN 100 Tablet DT, Epilepsy/Seizures Trigeminal neuralgia Diabetic nerve pain,
Zenoxa OD 450 Tablet SR, Epilepsy/Seizures,
Zanocin DS Tablet,Treatment of Bacterial infections,
Zanocin 100 Tablet,Treatment of Bacterial infections,
Zole-IT 100 Capsule,Treatment of Fungal infections,
Zonimid 100 Capsule, Epilepsy/Seizures,
Zyrova F 10 Tablet,Treatment of High cholesterolPrevention of Heart attack,
Z-Ketocare Shampoo,Treatment of Dandruff,
Ziram 2.5 Tablet,Treatment of Hypertension (high blood pressure) Prevention of heart attack and strokeTreatment of Heart failure,
Zayo 200 Tablet,Treatment of Heart failure,
Zipvert-B6 Tablet, Vertigo,
Zipsydon 40 Capsule, Schizophrenia Mania,
Zit 10 Capsule,Treatment of Acne,
Zylo-P Ointment,Treatment and prevention of Wound infection,
Zendol 200mg Capsule,Treatment of Benign fibrocystic breast diseaseTreatment of EndometriosisTreatment of Premenstrual syndrome (PMS)Treatment of Menstrual pain,
Zatura 250 Tablet,Treatment of Bacterial infections,
Zymurine Tablet, Prevention of organ rejection in transplant patientsTreatment of Rheumatoid arthritis,
Zyceva 150mg Tablet, Non-small cell lung cancer Pancreatic cancer,
Zefretol 400 Tablet, Epilepsy/Seizures,
Zyrova 20 Tablet,Treatment of High cholesterol Prevention of heart attack and stroke,
Zyrop 5000 Injection,Treatment of Anemia due to chronic kidney diseaseTreatment of Anemia due to cancer chemotherapy,
Zienam 500mg/500mg Injection, Severe bacterial infections,
Zenoxa OD 150 Tablet SR, Epilepsy/Seizures,
Zincort GC Neo Cream,Treatment of Skin infections,
Zomet 500mg Tablet,Treatment of Type 2 diabetes mellitus,
Zyrova C 10 Capsule, Heart attack prevention and high cholesterol,
Zincast Tablet,Treatment of Sneezing and runny nose due to allergiesTreatment of Hay feverTreatment of Allergic skin conditions,
Zeptin 20mg Tablet,Treatment of Type 2 diabetes mellitus,
Zitelmi-H Tablet,Treatment of Hypertension (high blood pressure),
Zipsydon 20 Capsule, Schizophrenia Mania,
Ziglim 1 Tablet,Treatment of Type 2 diabetes mellitus,
Zyven OD 100 Tablet ER, Depression,
Zeroklot Injection,Treatment and prevention of Blood clots,
Zeformin XR 60 Tablet,Treatment of Type 2 diabetes mellitus,
ZyKT Cream, Fungal skin infections,
Zensartan H 40mg/12.5mg Tablet,Treatment of Hypertension (high blood pressure),
Zoletar Lotion,Treatment of Dandruff,
Zilos 25 Tablet,Treatment of Hypertension (high blood pressure)Treatment of Heart failure Prevention of heart attack and stroke,
Zuvirab Vaccine, Prevention of Rabies,
Zithrocin 500mg Tablet,Treatment of Bacterial infections,
Zenoxa Oral Suspension Banana, Epilepsy/Seizures,
ZY-Q 400 Tablet,Treatment of Rheumatoid arthritisTreatment of Systemic lupus erythematosus (SLE)Treatment of Type 2 diabetes mellitus,
Zomet SR Tablet,Treatment of Type 2 diabetes mellitus,
Zole-IT 100 Capsule,Treatment of Fungal infections,
Zyrova 5 Tablet,Treatment of High cholesterol Prevention of heart attack and stroke,
Zoform-SR 500 Tablet,Treatment of Type 2 diabetes mellitus,
Zyle 100 Tablet,Treatment of Gout,
Zilsar 80 Tablet, Hypertension (high blood pressure) Heart failure Prevention of heart attack and stroke,
Ziglim 2 Tablet,Treatment of Type 2 diabetes mellitus,
Zorem 5 Capsule,Treatment of Hypertension (high blood pressure) Prevention of heart attack and strokeTreatment of Heart failure,
Zoryl-MF 2 Tablet PR,Treatment of Type 2 diabetes mellitus,
Zenoxa OD 900 Tablet SR, Epilepsy/Seizures,
Zithrokem 250mg Tablet,Treatment of Bacterial infections,
Zincoderm-S Ointment, Eczema Psoriasis,
Zipac 20mg Soft Gelatin Capsule,Treatment of Acne,
Zincoderm M Cream,Treatment of Skin infections,
Zithrocin 200mg/5ml Syrup,Treatment of Bacterial infections,
Zedonac MR 250mg/50mg/500mg Tablet,Treatment of Pain due to muscle spasm,
Zyluli 1% Cream,Treatment of Fungal skin infections,
Zeemont 5mg/10mg Tablet,Treatment of Sneezing and runny nose due to allergiesTreatment of Hay feverTreatment of Allergic skin conditions,
Zolahart 40 Tablet, Hypertension (high blood pressure) Heart failure Prevention of heart attack and stroke,
Zedep 20mg Capsule,Treatment of DepressionTreatment of Panic disorderTreatment of Obsessive-compulsive disorder,
Zotral 100 Tablet,Treatment of DepressionTreatment of Post traumatic stress disorderTreatment of Obsessive-compulsive disorderTreatment of Panic disorderTreatment of Premenstrual dysphoric disorderTreatment of AnxietyTreatment of Premenstrual syndrome (PMS),
Zymist Plus 1% Eye Drop,Treatment of Dry eyes,
Zyonate 14mg Injection, Osteoarthritis,
Zaporil 25mg Tablet, Schizophrenia,
Zyaqua Forte Eye Drop,Treatment of Dry eyes,
Zilenta-M Tablet ER,Treatment of Type 2 diabetes mellitus,
Zovane 20 Tablet, Depression,
Zavedos 5mg Injection, Blood cancer (Acute lymphocytic leukemia),
Zerostiff Sachet Orange Pineapple,Treatment of Osteoarthritis,
Zolitas ODS 2.5 Strip, Acute migraine headache,
Zilarta 80 Tablet, Hypertension (high blood pressure) Heart failure Prevention of heart attack and stroke,
Zincold PD Oral Drops,Treatment of Common cold,
Zuemeth Tablet, Nutritional deficiencies,
Zefretol 800 Tablet, Epilepsy/Seizures,
Zaporil 100mg Tablet, Schizophrenia,
Zoreso-D Capsule PR,Treatment of Gastroesophageal reflux disease (Acid reflux)Treatment of Functional dyspepsia,
Zovorm 150mg Tablet, Worm infections Skin disorders,
Zencast-SP Tablet, Pain relief,
Zuvicella Vaccine,Prevention of Chickenpox,
Zithrocin XL  Syrup,Treatment of Bacterial infections,
Zoreso Tablet,Treatment of Gastroesophageal reflux disease (Acid reflux)Treatment of Peptic ulcer diseaseTreatment of Zollinger-Ellison syndrome,
Zinase-MR Tablet,Treatment of Pain due to muscle spasm,
Zophar LS 2mg/2mg Tablet, Schizophrenia,
Zytrav Eye Drop,Treatment of GlaucomaTreatment of Ocular hypertension,
Zilokem 40 Tablet, Hypertension (high blood pressure) Heart failure Prevention of heart attack and stroke,
Zenegra Lido Spray, Local anesthesia (Numb tissues in a specific area),
Zilarta-CT 40/6.25 Tablet, Hypertension (high blood pressure),
Zipcoz Tablet, Polycystic ovarian syndrome (PCOS),
Zestasil 100 Tablet,Treatment of Erectile dysfunction,
Zedruff Shampoo,Treatment of Dandruff,
Zedruff Shampoo,Treatment of Dandruff,
